beam,bearing_deg,range_m,level_db,snr_db,range_extent_m,beam_extent,n_cells
0,0.0,10.130937119999999,-67.50684050436074,9.666889784087685,0.024006960000001243,1,2
0,0.0,10.94717376,-57.05798817093968,16.22490923325109,0.12003480000000621,1,10
0,0.0,12.087504359999999,-70.26284403324192,11.60745467540326,0.024006960000001243,1,2
0,0.0,12.44760876,-52.404351090738885,27.34324232044885,0.06001740000000311,1,5
0,0.0,12.79570968,-59.71789872251594,16.1959598614245,0.024006960000001243,1,2
0,0.0,12.939751439999998,-58.05362436303082,14.876405686644894,0.024006960000001243,1,2
0,0.0,13.155814079999999,-63.622970560114595,11.361847823850235,0.012003480000000621,1,1
0,0.0,13.623949799999998,-62.14292537206073,18.0725077325821,0.024006960000001243,1,2
0,0.0,13.64795676,-71.18454220625337,10.417558452986597,0.012003480000000621,1,1
0,0.0,14.05607508,-72.7560450600566,10.012932096230749,0.012003480000000621,1,1
0,0.0,14.560221239999999,-70.18987681378431,18.57586187793917,0.036010440000001864,1,3
0,0.0,14.9443326,-76.90407575281478,10.954440330833116,0.024006960000001243,1,2
0,0.0,15.484489199999999,-69.41233139759748,15.484657413356228,0.036010440000001864,1,3
0,0.0,15.688548359999999,-64.44892671441809,18.76005660768908,0.036010440000001864,1,3
0,0.0,15.748565759999998,-69.67279122827766,15.99159936709334,0.036010440000001864,1,3
0,0.0,16.4447676,-68.71474748593725,12.958579794282839,0.012003480000000621,1,1
0,0.0,16.948913759999996,-80.7786534234883,9.780367634150172,0.012003480000000621,1,1
0,0.0,18.59339052,-74.42860434893605,18.777312688662327,0.048013920000002486,1,4
0,0.0,18.91748448,-70.00499427937332,19.40586408405647,0.048013920000002486,1,4
0,0.0,19.42163064,-64.73583716451787,18.478875454864692,0.024006960000001243,1,2
0,0.0,19.60168284,-68.62856277718345,14.586149842199118,0.024006960000001243,1,2
0,0.0,20.657989079999997,-81.07533304187798,10.072050194713979,0.024006960000001243,1,2
0,0.0,21.41420832,-79.16078116138091,13.457985575927449,0.024006960000001243,1,2
0,0.0,21.714295319999998,-77.0739803381135,15.544786399194852,0.036010440000001864,1,3
0,0.0,22.458511079999997,-77.4749904036072,12.663186732426887,0.012003480000000621,1,1
0,0.0,23.010671159999998,-66.54254470540175,19.67293196930691,0.048013920000002486,1,4
0,0.0,24.871210559999998,-63.99183628397041,24.430395174644993,0.024006960000001243,1,2
0,0.0,24.89521752,-76.79729530787311,10.185870583659433,0.012003480000000621,1,1
1,0.0,10.202957999999999,-73.77459624539699,16.174209874490234,0.048013920000002486,1,4
1,0.0,11.295274679999999,-54.20679601360226,17.71777683445319,0.024006960000001243,1,2
1,0.0,11.54734776,-55.58471234984067,16.612657430453975,0.024006960000001243,1,2
1,0.0,12.99976884,-74.77473383783872,10.711714814532803,0.012003480000000621,1,1
1,0.0,13.023775799999997,-75.18065511289534,10.305793539476191,0.012003480000000621,1,1
1,0.0,14.380169039999998,-65.74650484021413,9.382402048007414,0.012003480000000621,1,1
1,0.0,15.95262492,-74.12847570110725,18.186310573805855,0.048013920000002486,1,4
1,0.0,16.72084764,-81.05159637188173,11.732957843976624,0.024006960000001243,1,2
1,0.0,17.41704948,-72.55372447587406,20.70294554203201,0.048013920000002486,1,4
1,0.0,19.18156104,-59.20818382777529,26.277361019737967,0.048013920000002486,1,4
1,0.0,19.745724599999996,-64.79405206227321,19.788515729417462,0.036010440000001864,1,3
1,0.0,20.56196124,-74.15268962507051,20.87682339762201,0.06001740000000311,1,5
1,0.0,20.609975159999998,-83.80680893287563,10.480065602751997,0.012003480000000621,1,1
1,0.0,21.87034056,-71.99333519335356,21.216357996947842,0.048013920000002486,1,4
1,0.0,21.918354479999998,-83.63083826223829,9.541264610060502,0.012003480000000621,1,1
1,0.0,22.71058416,-71.61472147185894,13.789367606937015,0.024006960000001243,1,2
1,0.0,22.938650279999997,-61.58518929697997,14.26991214996911,0.024006960000001243,1,2
1,0.0,23.142709439999997,-60.33243928043197,15.890922145670386,0.012003480000000621,1,1
1,0.0,23.32276164,-71.25272088940754,10.269597398854255,0.012003480000000621,1,1
2,0.0,10.70710416,-74.35290909940895,10.82953287552053,0.012003480000000621,1,1
2,0.0,11.00719116,-60.89787926301013,18.443336352763314,0.048013920000002486,1,4
2,0.0,12.25555308,-62.51699702273254,10.235716291619505,0.012003480000000621,1,1
2,0.0,12.279560039999998,-50.20243849330701,22.55027482104504,0.036010440000001864,1,3
2,0.0,12.327573959999999,-60.96801860093522,10.32205829575254,0.012003480000000621,1,1
2,0.0,12.831720119999998,-49.89669484370366,17.762252155542587,0.024006960000001243,1,2
2,0.0,13.431894119999999,-53.53594933258914,15.653010119063481,0.048013920000002486,4,8
2,0.0,13.503915,-58.36163786286179,11.218717901353891,0.012003480000000621,1,1
2,0.0,13.8640194,-58.207774717689006,14.241486321783913,0.012003480000000621,1,1
2,0.0,13.936040279999999,-55.65173771133175,19.856021591985517,0.036010440000001864,1,3
2,0.0,13.972050719999999,-63.712667317641476,10.057595709683916,0.012003480000000621,1,1
2,0.0,15.472485719999998,-56.79724792993605,15.918622140623475,0.024006960000001243,1,2
2,0.0,16.492781519999998,-67.3413552876998,16.023054858885132,0.048013920000002486,1,4
2,0.0,18.49736268,-74.9978655211777,10.020481045585923,0.024006960000001243,1,2
2,0.0,18.58138704,-71.32182172019151,11.248402642476425,0.024006960000001243,1,2
2,0.0,18.893477519999998,-65.01754899365102,12.838241744845561,0.024006960000001243,1,2
2,0.0,18.953494919999997,-58.56060580542237,20.62880996186097,0.048013920000002486,1,4
2,0.0,19.6857072,-73.84741313433003,13.91386806628538,0.06001740000000311,1,5
2,0.0,20.681996039999998,-64.28177021478307,23.955675599173183,0.048013920000002486,1,4
2,0.0,21.21014916,-75.98739736747387,11.498148424848356,0.012003480000000621,1,1
2,0.0,21.354190919999997,-68.66261954542833,15.9772307998108,0.036010440000001864,2,3
2,0.0,21.486229199999997,-75.96520115715174,12.967443484080384,0.036010440000001864,1,3
2,0.0,22.90263984,-72.25700408168598,15.433322975105208,0.048013920000002486,3,7
2,0.0,23.17871988,-78.09585758336232,9.377011464418189,0.012003480000000621,1,1
2,0.0,23.20272684,-65.63510852088206,21.83776052689845,0.024006960000001243,1,2
2,0.0,23.502813839999998,-67.52421184005577,20.915895228927994,0.07202088000000373,1,6
2,0.0,24.799189679999998,-76.89064659666656,9.495819831615531,0.012003480000000621,1,1
2,0.0,25.0272558,-62.34133255233566,17.075254210003315,0.08402436000000435,3,10
3,0.0,10.17895104,-57.71725644192707,24.6505005138383,0.08402436000000435,2,8
3,0.0,10.91116332,-50.23167954443331,17.54953082949995,0.036010440000001864,1,3
3,0.0,11.05520508,-52.59248159872801,14.437920356333345,0.036010440000001864,2,4
3,0.0,12.951754919999999,-51.19073400831647,24.120508872541887,0.06001740000000311,1,5
3,0.0,13.804001999999999,-59.467160776342354,13.481595745425007,0.012003480000000621,1,1
3,0.0,14.620238639999998,-54.10053626472208,19.182255781580363,0.036010440000001864,2,5
3,0.0,15.004349999999999,-67.44407446425008,13.287247090095045,0.024006960000001243,1,2
3,0.0,15.29243352,-65.41010901101737,12.18343860282883,0.024006960000001243,1,2
3,0.0,15.928617959999999,-63.43588619105887,19.748904774814434,0.024006960000001243,1,2
3,0.0,16.79286852,-70.89894513020546,11.598639832747928,0.036010440000001864,1,3
3,0.0,17.357032079999996,-63.286758571822396,17.073603744872027,0.036010440000001864,1,3
3,0.0,17.861178239999997,-61.12280981397898,15.868090159993635,0.10803132000000559,4,15
3,0.0,19.073529719999996,-58.99414099456878,21.877241191383664,0.036010440000001864,1,3
3,0.0,19.337606279999996,-62.241476043132366,17.29255678435108,0.024006960000001243,1,2
3,0.0,21.01809348,-72.51028523244484,19.312773587279274,0.048013920000002486,1,4
3,0.0,23.59884168,-69.0862739766428,23.491965745698046,0.048013920000002486,1,4
3,0.0,23.646855599999995,-82.98756241533924,9.850599801637623,0.012003480000000621,1,1
3,0.0,24.247029599999998,-65.62216768438931,24.8846963574274,0.024006960000001243,1,2
3,0.0,25.243318439999996,-79.60793712988628,10.747264365123572,0.012003480000000621,1,1
3,0.0,25.939520279999996,-81.72939166937768,11.189550542422992,0.024006960000001243,1,2
3,0.0,27.331923959999997,-76.67526712189557,18.1994833841633,0.024006960000001243,1,2
4,0.0,10.719107639999999,-57.12014692226988,24.469498988612727,0.048013920000002486,1,4
4,0.0,11.79942084,-54.27375586239607,19.38799715671329,0.024006960000001243,1,2
4,0.0,12.159525239999999,-67.01767829786048,9.732689608736806,0.012003480000000621,1,1
4,0.0,14.320151639999999,-55.78719738863875,23.18375926456643,0.07202088000000373,2,7
4,0.0,14.54821776,-64.06759267013842,10.846941863964197,0.024006960000001243,1,2
4,0.0,15.664541399999997,-54.60678308470457,22.95759163497612,0.036010440000001864,1,3
4,0.0,16.624819799999997,-66.84742555174826,10.808507434392578,0.024006960000001243,1,2
4,0.0,17.188983359999998,-65.98338971419841,12.917449031447745,0.012003480000000621,1,1
4,0.0,17.41704948,-57.35106325040117,20.988499517309286,0.024006960000001243,1,2
4,0.0,18.545376599999997,-60.98150330969581,20.994128540486273,0.048013920000002486,1,4
4,0.0,18.881474039999997,-62.81402641159904,17.60319615875795,0.024006960000001243,1,2
4,0.0,19.145550599999996,-59.05778447631812,20.459470174589015,0.048013920000002486,1,4
4,0.0,19.91377332,-65.73440627355541,17.301308587177644,0.048013920000002486,1,4
4,0.0,20.29788468,-76.92021570120494,9.714866503092578,0.012003480000000621,1,1
4,0.0,20.5259508,-75.10380350041538,9.859662896502117,0.012003480000000621,1,1
4,0.0,20.862048239999996,-65.5557467286282,20.776867765441104,0.048013920000002486,1,4
4,0.0,21.52223964,-79.43905798040544,11.639154821974305,0.012003480000000621,1,1
4,0.0,22.806611999999998,-67.33073654228505,23.254645440033713,0.048013920000002486,1,4
4,0.0,24.114991319999998,-65.78465018539544,22.25082693744861,0.036010440000001864,1,3
4,0.0,25.51939848,-71.1264576046066,17.851819271725407,0.036010440000001864,1,3
4,0.0,25.747464599999997,-72.79902406784542,16.17925280848657,0.024006960000001243,1,2
4,0.0,26.167586399999998,-80.61799401808136,9.475637765347608,0.012003480000000621,1,1
4,0.0,27.1278648,-70.54397875741509,21.1141016830188,0.048013920000002486,1,4
5,0.0,10.58706936,-53.57190006196542,13.126777572155245,0.024006960000001243,1,2
5,0.0,11.35529208,-54.6724642287623,13.150617817027694,0.024006960000001243,1,2
5,0.0,11.703393,-55.591936339293746,19.25512073238275,0.036010440000001864,1,3
5,0.0,12.09950784,-63.72179915701436,17.041949431114617,0.036010440000001864,1,3
5,0.0,12.771702719999999,-52.337257697424484,22.407782682457558,0.048013920000002486,2,6
5,0.0,13.33586628,-54.92684035335364,20.687496443510106,0.09602784000000497,3,11
5,0.0,14.692259519999999,-64.22213845002373,16.576281717568367,0.036010440000001864,1,3
5,0.0,14.788287359999998,-62.41983174246961,17.092436323834658,0.024006960000001243,1,2
5,0.0,15.208409159999999,-54.20217372263279,25.620956676943475,0.048013920000002486,1,4
5,0.0,15.820586639999998,-54.2671351368405,24.280771338756537,0.07202088000000373,1,6
5,0.0,15.892607519999999,-65.6275568632677,11.500632370622512,0.012003480000000621,1,1
5,0.0,16.156684079999998,-58.21181357482399,11.708435111174577,0.024006960000001243,1,2
5,0.0,16.288722359999998,-59.85628421095762,9.364848091983312,0.012003480000000621,1,1
5,0.0,16.37274672,-55.17215894455774,14.035868597158792,0.012003480000000621,1,1
5,0.0,16.804872,-63.84030597453919,11.762325685747514,0.024006960000001243,1,2
5,0.0,18.37732788,-72.25600282401564,12.73205197746389,0.024006960000001243,1,2
5,0.0,19.04952276,-57.21824399386758,23.755322076448987,0.024006960000001243,1,2
5,0.0,19.649696759999998,-65.67702982139527,13.506352046828095,0.036010440000001864,2,4
5,0.0,19.865759399999998,-61.59627292358826,12.794741489178366,0.012003480000000621,1,1
5,0.0,20.02180464,-67.43243639610043,11.750945472122933,0.012003480000000621,1,1
5,0.0,21.714295319999998,-58.8630708491054,22.417247317628014,0.048013920000002486,1,4
5,0.0,21.762309239999997,-61.92678679043924,16.474125891863697,0.024006960000001243,1,2
5,0.0,21.990375359999998,-64.81516563258191,19.50048662467858,0.024006960000001243,1,2
5,0.0,22.61455632,-64.31425200434555,17.276448163780543,0.036010440000001864,1,3
5,0.0,23.898928679999997,-63.812379742485454,26.121013155805826,0.048013920000002486,1,4
5,0.0,25.255321919999997,-64.77003337176092,25.882491848727085,0.06001740000000311,1,5
5,0.0,25.30333584,-79.33892299801128,11.236593584422867,0.012003480000000621,1,1
5,0.0,27.31992048,-72.01649437913348,22.313511059349427,0.036010440000001864,1,3
5,0.0,27.367934399999996,-83.42242762052888,11.362820625978125,0.012003480000000621,1,1
6,0.0,10.01090232,-58.131526256504955,16.414905016014806,0.024006960000001243,1,2
6,0.0,10.49104152,-52.52314208473738,19.132269168222045,0.024006960000001243,1,2
6,0.0,18.761439239999998,-61.75265764993022,14.763500906935237,0.024006960000001243,1,2
6,0.0,19.67370372,-59.35706959672718,17.67293505891709,0.024006960000001243,1,2
6,0.0,19.997797679999998,-61.854299406348844,17.819360442652098,0.024006960000001243,2,3
6,0.0,27.247899599999997,-73.6127517100279,22.09097055773251,0.048013920000002486,1,4
6,0.0,27.680024879999998,-80.7409698171795,11.92624302458391,0.024006960000001243,1,2
7,0.0,10.118933639999998,-53.980878782355475,21.108252606231233,0.048013920000002486,3,7
7,0.0,10.623079799999998,-48.622696061819504,22.80063747888912,0.08402436000000435,2,8
7,0.0,10.647086759999999,-60.57116274647606,10.178178004624886,0.012003480000000621,1,1
7,0.0,11.05520508,-51.177342405018315,22.393161071108736,0.024006960000001243,1,2
7,0.0,11.091215519999999,-65.51900265806543,9.79237785893536,0.012003480000000621,1,1
7,0.0,12.159525239999999,-62.683333022014196,11.219047245621221,0.024006960000001243,1,2
7,0.0,12.50762616,-53.62989965836018,20.272480609275235,0.06001740000000311,2,5
7,0.0,13.575935879999998,-53.52051411831637,17.979675958067112,0.036010440000001864,1,3
7,0.0,13.840012439999999,-57.907627776965846,15.013291560219413,0.024006960000001243,1,2
7,0.0,14.620238639999998,-63.37158535617961,15.12101368275156,0.024006960000001243,1,2
7,0.0,15.50849616,-69.78911609425631,16.3031362779589,0.048013920000002486,1,4
7,0.0,16.79286852,-56.11904268424277,25.55604072642037,0.06001740000000311,1,5
7,0.0,17.176979879999998,-68.05877569010937,19.898428090646338,0.07202088000000373,1,6
7,0.0,17.83717128,-77.77575486418125,12.924479898373438,0.08402436000000435,1,7
7,0.0,18.557380079999998,-65.01650260438534,20.785569058943377,0.036010440000001864,1,3
7,0.0,18.92948796,-72.55813348032129,12.608348527530444,0.024006960000001243,1,2
7,0.0,20.03380812,-75.9966621379146,9.480555120636536,0.024006960000001243,1,2
7,0.0,20.69399952,-61.681831836520324,20.585614410432992,0.036010440000001864,1,3
7,0.0,21.83433012,-72.98952792211969,14.398817190022285,0.06001740000000311,1,5
7,0.0,22.170427559999997,-72.74123912660473,15.044737982327023,0.036010440000001864,1,3
7,0.0,22.542535439999998,-69.08050476419953,17.765045651955987,0.036010440000001864,1,3
7,0.0,23.046681599999996,-66.93903834301032,17.208515753275286,0.06001740000000311,1,5
7,0.0,23.358772079999998,-65.25506801799321,21.109882546309173,0.08402436000000435,2,9
7,0.0,25.0272558,-74.93999796142094,18.5509603833632,0.06001740000000311,1,5
8,0.0,11.199246839999999,-65.42234793548238,15.575592322763097,0.036010440000001864,1,3
8,0.0,13.047782759999999,-58.68804644803081,14.160816423812415,0.024006960000001243,1,2
8,0.0,13.083793199999999,-61.346910925670514,12.384103339820303,0.012003480000000621,1,1
8,0.0,13.671963719999999,-54.471843999332854,14.81909478597715,0.024006960000001243,1,2
8,0.0,15.41246832,-56.90784466069041,28.086065089098785,0.06001740000000311,1,5
8,0.0,15.472485719999998,-74.65844301663627,10.335466733152924,0.024006960000001243,1,2
8,0.0,15.80858316,-75.3538943962438,9.87852617522219,0.012003480000000621,1,1
8,0.0,16.16868756,-63.70883962294105,20.91326315635927,0.09602784000000497,2,8
8,0.0,16.708844159999998,-56.32220909240904,23.431059121587147,0.024006960000001243,1,2
8,0.0,16.9849242,-62.93148907974154,13.14354028624875,0.024006960000001243,1,2
8,0.0,17.357032079999996,-63.51743954147328,15.086740238375198,0.048013920000002486,1,4
8,0.0,18.653407919999996,-61.85890642421895,15.464883858726195,0.024006960000001243,1,2
8,0.0,18.689418359999998,-59.92873064732528,18.18273167957824,0.06001740000000311,1,5
8,0.0,19.13354712,-64.27369965343024,13.071360596793857,0.012003480000000621,1,1
8,0.0,19.157554079999997,-59.422369653368435,18.67911273731162,0.012003480000000621,1,1
8,0.0,19.18156104,-66.97526984826393,11.126212542416118,0.012003480000000621,1,1
8,0.0,19.373616719999998,-59.22930067275941,13.923027090709788,0.048013920000002486,2,4
8,0.0,19.985794199999997,-61.351661567871034,15.89731287773046,0.012003480000000621,1,1
8,0.0,20.105829,-62.8981881021368,16.619991185583615,0.024006960000001243,1,2
8,0.0,20.393912519999997,-61.495768215906196,22.22846682487845,0.024006960000001243,1,2
8,0.0,21.042100439999995,-72.05462062152921,10.357768075322758,0.012003480000000621,1,1
8,0.0,21.31818048,-71.56781878494027,12.3924429833809,0.024006960000001243,1,2
8,0.0,22.0864032,-72.59172801945854,11.562030548128693,0.012003480000000621,1,1
8,0.0,22.9266468,-73.96677913993867,19.03385127882022,0.048013920000002486,1,4
8,0.0,24.03096696,-69.6761581163103,20.973591715347272,0.048013920000002486,1,4
8,0.0,24.595130519999998,-71.23076955068571,20.259169960904355,0.036010440000001864,1,3
8,0.0,25.183301039999996,-68.33688595868261,18.707536752736637,0.07202088000000373,1,6
8,0.0,27.187882199999997,-71.79465262589297,19.207324467597754,0.048013920000002486,1,4
9,0.0,11.091215519999999,-50.16881791801207,13.479568657193422,0.012003480000000621,1,1
9,0.0,11.4633234,-57.175173414905416,13.219595515090099,0.048013920000002486,2,6
9,0.0,11.7634104,-52.25050118746659,15.880710179954763,0.036010440000001864,1,3
9,0.0,12.31557048,-52.771774128341384,10.147427328528877,0.024006960000001243,2,3
9,0.0,20.165846399999996,-58.91498380281676,15.508239878898245,0.024006960000001243,1,2
9,0.0,21.40220484,-62.532291459855585,12.149274324271113,0.012003480000000621,1,1
9,0.0,21.67828488,-64.91764108331668,12.247268381263902,0.024006960000001243,2,2
9,0.0,22.27845888,-62.98008401054686,9.859464276843823,0.012003480000000621,1,1
9,0.0,23.154712919999998,-62.51228827798301,17.264952245233225,0.024006960000001243,1,2
9,0.0,24.88321404,-63.6135482300815,19.0555394412972,0.024006960000001243,1,2
9,0.0,27.247899599999997,-64.7213155955371,17.719534342460108,0.024006960000001243,1,2
9,0.0,27.379937879999996,-72.08401529439686,10.177599918919038,0.012003480000000621,1,1
10,0.0,10.17895104,-65.61362694891857,17.062861936580383,0.048013920000002486,1,4
10,0.0,11.283271199999998,-63.52742595417773,19.701968710460033,0.036010440000001864,1,3
10,0.0,11.883445199999999,-60.761001285359995,16.866036916979734,0.024006960000001243,1,2
10,0.0,12.195535679999999,-57.293166247576664,16.487532122956175,0.06001740000000311,1,5
10,0.0,12.723688799999998,-50.28259045595178,14.703552715386332,0.024006960000001243,1,2
10,0.0,13.155814079999999,-53.39949733445944,11.319068669265144,0.012003480000000621,1,1
10,0.0,14.032068119999998,-65.65587005416504,19.58722874903415,0.07202088000000373,1,6
10,0.0,15.748565759999998,-67.60766990902681,15.347434481330716,0.024006960000001243,1,2
10,0.0,15.904611,-68.85661800837885,14.360825345938133,0.024006960000001243,1,2
10,0.0,16.18069104,-73.70682823501924,17.457765513802535,0.048013920000002486,1,4
10,0.0,16.55279892,-75.67849076820539,12.234930504009387,0.048013920000002486,1,4
10,0.0,16.82887896,-65.40379228635254,18.808035373133876,0.036010440000001864,1,3
10,0.0,17.537084280000002,-61.578102890831104,17.14002380024996,0.024006960000001243,1,2
10,0.0,18.70142184,-61.34016315506864,23.345532208217872,0.08402436000000435,2,11
10,0.0,19.301595839999997,-59.353353753913474,14.910980702564974,0.024006960000001243,1,2
10,0.0,20.477936879999998,-66.23647646335229,12.304355976281776,0.012003480000000621,1,1
10,0.0,20.50194384,-57.88452267357439,22.014227825393146,0.048013920000002486,1,4
10,0.0,21.89434752,-67.43219071216048,21.16877869802467,0.06001740000000311,1,5
10,0.0,22.23044496,-69.0982043374438,21.567141246832506,0.036010440000001864,1,3
10,0.0,23.070688559999997,-78.23235511115767,13.644410851272621,0.024006960000001243,1,2
10,0.0,23.20272684,-78.4668406587677,13.21579231546754,0.036010440000001864,1,3
10,0.0,24.03096696,-80.67986917594452,13.05094138909648,0.036010440000001864,1,3
10,0.0,24.979241879999996,-79.42978711804335,15.3275926332125,0.036010440000001864,1,3
10,0.0,27.463962239999997,-86.15951966741243,10.075498016933524,0.012003480000000621,1,1
11,0.0,10.851145919999999,-66.3090494517857,16.382379245625774,0.048013920000002486,1,4
11,0.0,11.823427799999997,-52.17484425749946,24.387107407864082,0.048013920000002486,1,4
11,0.0,11.931459119999998,-60.53626607793415,15.376838849061558,0.024006960000001243,1,2
11,0.0,12.35158092,-62.84631285456132,16.1024397464907,0.06001740000000311,1,5
11,0.0,12.61565748,-69.485060286005,14.999866544656474,0.048013920000002486,1,4
11,0.0,13.323862799999999,-68.78153269563178,13.354453188660147,0.024006960000001243,1,2
11,0.0,13.719977639999998,-76.90758920792081,10.356469899973078,0.012003480000000621,1,1
11,0.0,14.344158599999998,-59.028578709068896,21.57382721799925,0.06001740000000311,2,8
11,0.0,15.08837436,-62.38201602337927,21.274643387234864,0.048013920000002486,1,4
11,0.0,15.136388279999998,-73.55104574579259,10.105613664821542,0.012003480000000621,1,1
11,0.0,16.33673628,-62.19133238863939,24.04595280018168,0.10803132000000559,1,9
11,0.0,16.4447676,-75.83885373421101,9.428029634621321,0.012003480000000621,1,1
11,0.0,16.75685808,-69.28680567623827,22.216845287196563,0.06001740000000311,2,6
11,0.0,17.597101679999998,-64.89839647288595,19.253754883272176,0.036010440000001864,1,3
11,0.0,17.71713648,-73.74277877527071,10.847875965301839,0.024006960000001243,1,2
11,0.0,19.445637599999998,-63.17125733072993,20.152475970920403,0.07202088000000373,2,6
11,0.0,20.11783248,-75.93212585854688,10.374866062527238,0.024006960000001243,1,2
11,0.0,20.80203084,-59.37061459782203,19.283613870370907,0.06001740000000311,2,5
11,0.0,20.874051719999997,-64.64167982672811,17.530741640718958,0.024006960000001243,1,2
11,0.0,21.486229199999997,-80.25043798264457,9.510295117712356,0.012003480000000621,1,1
11,0.0,21.81032316,-71.57515661401256,19.074290232918784,0.06001740000000311,1,5
11,0.0,22.386490199999997,-80.7030385420535,12.661944465756253,0.024006960000001243,1,2
11,0.0,22.42250064,-79.92066298845532,13.051137181634484,0.024006960000001243,1,2
11,0.0,22.842622439999996,-62.65001233900822,24.526642622791535,0.048013920000002486,1,4
11,0.0,23.71887648,-57.9270445026308,24.468445136931443,0.06001740000000311,1,5
11,0.0,24.4270818,-76.57377828784875,10.792749411963642,0.048013920000002486,1,4
11,0.0,24.49910268,-77.26978640187849,10.096741297933908,0.012003480000000621,1,1
12,0.0,10.527051959999998,-64.11299775522644,13.177176512330597,0.024006960000001243,1,2
12,0.0,10.779125039999998,-53.38243747192183,23.653816193870682,0.036010440000001864,2,3
12,0.0,10.803132,-64.63258707140739,12.403666594385125,0.012003480000000621,1,1
12,0.0,10.995187679999999,-60.23616334444607,18.7758672563404,0.048013920000002486,1,4
12,0.0,11.271267719999999,-65.39629349485679,15.779831772812045,0.036010440000001864,1,3
12,0.0,11.69138952,-66.55567942494953,10.484773508092786,0.012003480000000621,1,1
12,0.0,12.531633119999999,-51.11849414417737,24.905148222620422,0.048013920000002486,1,4
12,0.0,12.74769576,-53.84606267991817,20.704612309870395,0.024006960000001243,1,2
12,0.0,13.035779279999998,-59.72082212559051,12.849423483721889,0.012003480000000621,1,1
12,0.0,13.40788716,-55.72132517814025,15.905117517937327,0.024006960000001243,1,2
12,0.0,14.728269959999999,-69.98743790238811,12.625755123255804,0.024006960000001243,1,2
12,0.0,15.25642308,-55.279532846909945,19.28382761801475,0.07202088000000373,1,6
12,0.0,17.21299032,-55.24387314119443,26.160481130580102,0.048013920000002486,1,4
12,0.0,18.77344272,-58.90534840635647,21.43032190979703,0.024006960000001243,1,2
12,0.0,18.92948796,-65.35270202883453,14.770762731805537,0.036010440000001864,1,3
12,0.0,19.541665439999996,-72.34247758650295,15.816697761670614,0.036010440000001864,1,3
12,0.0,19.841752439999997,-74.14236957536774,12.765356421297039,0.036010440000001864,1,3
12,0.0,20.177849879999997,-76.29178355388832,10.215775343776736,0.012003480000000621,1,1
12,0.0,20.71800648,-64.01044287699189,19.14957633771432,0.024006960000001243,1,2
12,0.0,20.89805868,-67.54027806991589,14.580558571165597,0.048013920000002486,2,4
12,0.0,22.170427559999997,-60.60457388698201,21.141742778597603,0.06001740000000311,1,5
13,0.0,10.31098932,-70.17170904687858,9.500824871476606,0.012003480000000621,1,1
13,0.0,10.334996279999999,-69.28336602578875,10.389167892566425,0.012003480000000621,1,1
13,0.0,12.25555308,-53.98275886827427,22.265096800337773,0.048013920000002486,1,4
13,0.0,12.471615719999999,-68.2402316674487,9.355433035768083,0.012003480000000621,1,1
13,0.0,13.587939359999998,-58.33003235531482,24.433750673413112,0.036010440000001864,1,3
13,0.0,13.635953279999999,-71.96955613615597,9.618718753056223,0.012003480000000621,1,1
13,0.0,14.008061159999999,-57.92693294914887,18.877544153316595,0.036010440000001864,1,3
13,0.0,14.05607508,-66.45151800627195,9.538479749201485,0.012003480000000621,1,1
13,0.0,15.436475279999998,-65.76081898331776,13.212563171634413,0.024006960000001243,1,2
13,0.0,15.484489199999999,-65.54684363967952,15.351077896492036,0.036010440000001864,1,3
13,0.0,16.624819799999997,-72.99277964480143,14.58879785886332,0.036010440000001864,1,3
13,0.0,17.12896596,-57.05807917000033,21.80244603278558,0.036010440000001864,1,3
13,0.0,17.41704948,-61.093014313226554,13.356362135558673,0.036010440000001864,1,3
13,0.0,17.981213039999997,-56.03538490212924,21.949373735030804,0.1680487200000087,2,14
13,0.0,19.997797679999998,-69.47205020182484,20.634281236803176,0.06001740000000311,1,5
13,0.0,20.57396472,-60.856684668743824,24.17622394786357,0.024006960000001243,1,2
13,0.0,20.597971679999997,-72.85556292647642,12.162429349879023,0.012003480000000621,1,1
13,0.0,20.98208304,-61.576138686492136,22.37962555051115,0.036010440000001864,1,3
13,0.0,21.6662814,-77.95570797498951,10.421361883710873,0.024006960000001243,1,2
13,0.0,21.702291839999997,-77.95088961766683,10.426180241033535,0.012003480000000621,1,1
13,0.0,22.938650279999997,-62.411091479201275,21.88705246551811,0.036010440000001864,1,3
13,0.0,24.40307484,-66.72159188041596,17.343049619997196,0.024006960000001243,1,2
14,0.0,12.13551828,-71.72958533208119,13.478387686854143,0.036010440000001864,1,3
14,0.0,12.68767836,-61.28527457788678,18.01199431968247,0.036010440000001864,1,3
14,0.0,13.21583148,-55.10434601919049,12.830267695558392,0.036010440000001864,1,3
14,0.0,13.431894119999999,-51.75529822650085,11.00487932942193,0.012003480000000621,1,1
14,0.0,13.515918479999998,-53.53054409876187,14.404069615987009,0.012003480000000621,1,1
14,0.0,13.77999504,-58.44396026917128,11.238920550486744,0.012003480000000621,1,1
14,0.0,13.924036799999998,-54.01905070855129,12.84999895191735,0.012003480000000621,1,1
14,0.0,14.272137719999998,-53.28108267663574,13.926653237175506,0.012003480000000621,1,1
14,0.0,14.380169039999998,-56.06302681894202,13.900504013995576,0.036010440000001864,1,3
14,0.0,15.580517039999998,-59.187010536338605,22.612798325903594,0.10803132000000559,1,9
14,0.0,16.348739759999997,-70.59043270612581,18.92999527612637,0.036010440000001864,1,3
14,0.0,16.684837199999997,-79.20264735600864,12.489971090095667,0.036010440000001864,1,3
14,0.0,17.00893116,-72.11944462021049,20.199459002490094,0.06001740000000311,1,5
14,0.0,17.8251678,-71.97334518238746,10.257316516279317,0.012003480000000621,1,1
14,0.0,18.305307,-60.84543261384514,23.200999100472572,0.06001740000000311,2,5
14,0.0,18.3653244,-72.47146301823375,11.574968696083962,0.012003480000000621,1,1
14,0.0,20.30988816,-64.82067659469337,18.483534606570633,0.07202088000000373,1,6
14,0.0,21.53424312,-76.58849260834053,11.133250977371233,0.012003480000000621,1,1
14,0.0,21.942361439999996,-68.38452600547377,20.72524450738058,0.06001740000000311,1,5
14,0.0,22.43450412,-76.92473745240198,11.12866191472602,0.012003480000000621,1,1
14,0.0,22.602552839999998,-67.95946806627695,14.718674113663507,0.036010440000001864,2,5
14,0.0,23.286751199999998,-63.0075463078104,19.967531111661806,0.036010440000001864,1,3
14,0.0,24.535113119999995,-83.14661279073128,10.113410424686098,0.012003480000000621,1,1
14,0.0,25.639433279999995,-80.52347876106768,10.848009701323686,0.024006960000001243,1,2
15,0.0,10.022905799999998,-54.87986959016424,13.319684085531451,0.012003480000000621,1,1
15,0.0,10.298985839999999,-61.51741466736887,12.511705206302363,0.024006960000001243,1,2
15,0.0,11.13922944,-50.661142506849224,22.13429017695066,0.10803132000000559,3,12
15,0.0,11.523340799999998,-53.77189660425341,21.15554904900752,0.024006960000001243,1,2
15,0.0,11.847434759999999,-60.332968668573116,16.33355548505563,0.036010440000001864,1,3
15,0.0,12.219542639999998,-59.5469653432055,18.593835325275762,0.024006960000001243,1,2
15,0.0,12.57964704,-72.53246129092021,12.642857267258538,0.012003480000000621,1,1
15,0.0,12.939751439999998,-57.14232040438844,19.93200291374379,0.07202088000000373,1,6
15,0.0,13.29985584,-68.26493472375084,11.624889636886895,0.024006960000001243,1,2
15,0.0,14.128095959999998,-56.94135064660927,15.611432185501924,0.048013920000002486,1,4
15,0.0,14.704263,-58.92530122485787,13.366045051273526,0.024006960000001243,1,2
15,0.0,14.98034304,-54.35722496715165,18.017957257270268,0.036010440000001864,1,3
15,0.0,15.028356959999998,-63.459029800286444,10.139973167605977,0.012003480000000621,1,1
15,0.0,15.688548359999999,-59.5001139098845,11.611616657948948,0.012003480000000621,1,1
15,0.0,15.772572719999998,-62.73893170034057,11.071546521238123,0.012003480000000621,1,1
15,0.0,17.357032079999996,-52.65422646343787,25.526376412547265,0.048013920000002486,1,4
15,0.0,17.41704948,-60.966630949273444,17.2139719267117,0.048013920000002486,1,4
15,0.0,17.71713648,-58.897100799973714,23.398127958343444,0.048013920000002486,1,4
15,0.0,18.209279159999998,-61.37858476889937,17.80488314790289,0.024006960000001243,1,2
15,0.0,18.62940096,-69.64864408255022,12.255857416332056,0.024006960000001243,1,2
15,0.0,18.737432279999997,-69.81076122879982,11.829501055568807,0.024006960000001243,1,2
15,0.0,19.097536679999997,-60.55900335662049,18.479909403892197,0.024006960000001243,1,2
15,0.0,19.3256028,-59.067187573303826,17.406054417103572,0.06001740000000311,1,5
15,0.0,19.793738519999998,-62.76630500328834,13.217096486890203,0.036010440000001864,1,3
15,0.0,19.90176984,-59.306653724169166,17.612148247211156,0.048013920000002486,1,4
15,0.0,20.405915999999998,-63.768201478347216,19.501270432855325,0.048013920000002486,2,4
15,0.0,20.657989079999997,-67.6599556527824,15.60951625842015,0.036010440000001864,1,3
15,0.0,21.066107399999996,-61.57191161830592,25.52403416068418,0.048013920000002486,1,4
15,0.0,21.89434752,-65.01896132676883,20.001575204609352,0.024006960000001243,1,2
15,0.0,23.142709439999997,-63.7671178499873,15.746972128521008,0.036010440000001864,1,3
15,0.0,23.20272684,-62.53967178829687,16.974418190211438,0.024006960000001243,2,3
15,0.0,24.4870992,-74.65406154769133,15.350554296518787,0.048013920000002486,2,4
15,0.0,25.15929408,-74.17819199595984,18.490527626262224,0.08402436000000435,1,7
15,0.0,26.67173256,-65.73381424754405,21.16244895587966,0.024006960000001243,1,2
15,0.0,26.69573952,-75.99140733885592,10.664601878569407,0.012003480000000621,1,1
15,0.0,28.59228936,-84.77877896467257,10.983909028936852,0.024006960000001243,1,2
15,0.0,29.69660952,-81.68676820506099,11.590081344592331,0.036010440000001864,1,3
16,0.0,15.964628399999997,-56.799710243861895,9.400566102485332,0.012003480000000621,1,1
16,0.0,24.319050479999998,-59.899721366700554,16.52937768729442,0.024006960000001243,1,2
16,0.0,26.743753439999995,-70.08436800954547,9.868753312366419,0.012003480000000621,1,1
16,0.0,27.908091,-65.43138959962045,14.066274007358665,0.012003480000000621,1,1
16,0.0,28.304205839999998,-64.93675887061319,12.747871008135105,0.012003480000000621,1,1
16,0.0,29.336505119999995,-59.49615715290892,20.646408983123173,0.048013920000002486,1,4
16,0.0,29.396522519999998,-66.99729850013921,12.737027957270852,0.08402436000000435,3,11
16,0.0,29.744623439999998,-64.71478561123904,17.19939026956176,0.048013920000002486,1,4
17,0.0,10.15494408,-62.33006603169835,20.589390849525824,0.048013920000002486,1,4
17,0.0,10.3830102,-63.65753224074187,11.93053521137708,0.024006960000001243,1,2
17,0.0,10.58706936,-61.1168141897909,19.147700062752268,0.036010440000001864,1,3
17,0.0,11.35529208,-51.59853339430757,21.79751099025195,0.06001740000000311,2,5
17,0.0,11.59536168,-58.45213385352246,15.364245617074157,0.048013920000002486,1,4
17,0.0,11.991476519999999,-55.56456337064048,16.157197504449925,0.036010440000001864,1,3
17,0.0,12.65166792,-54.73191237439422,19.53486654081647,0.048013920000002486,1,4
17,0.0,12.975761879999999,-55.385292962148995,15.407052748231152,0.036010440000001864,1,3
17,0.0,13.2638454,-60.07618689096448,15.283469435707797,0.024006960000001243,1,2
17,0.0,13.527921959999999,-58.32881918351188,13.940624862516682,0.06001740000000311,2,5
17,0.0,14.560221239999999,-71.41826645362522,12.60521920406182,0.024006960000001243,1,2
17,0.0,15.136388279999998,-68.6610736316157,14.49520073703114,0.048013920000002486,1,4
17,0.0,16.684837199999997,-55.95492526431819,19.20499610911711,0.024006960000001243,1,2
17,0.0,16.708844159999998,-65.93084036621077,10.33515318803504,0.012003480000000621,1,1
17,0.0,18.16126524,-57.83641740914929,16.221949039262988,0.024006960000001243,1,2
17,0.0,18.56938356,-59.721622151658245,11.206270277371695,0.012003480000000621,1,1
17,0.0,18.653407919999996,-64.40560334460187,12.135939687506106,0.024006960000001243,1,2
17,0.0,18.689418359999998,-67.37800026932116,9.362696218546825,0.012003480000000621,1,1
17,0.0,19.037519279999998,-66.82899471362991,10.37136252700881,0.012003480000000621,1,1
17,0.0,19.553668919999996,-62.43859908783211,13.114650997214861,0.024006960000001243,1,2
17,0.0,19.769731559999997,-62.77467277943535,14.083684797660887,0.024006960000001243,1,2
17,0.0,20.681996039999998,-60.44858122950665,14.876381643349045,0.024006960000001243,1,2
17,0.0,21.606264,-68.04595058446449,15.78027557685273,0.048013920000002486,1,4
17,0.0,22.42250064,-70.20949904183198,13.527093844774019,0.024006960000001243,1,2
17,0.0,22.81861548,-64.16321864503205,19.303409110184823,0.024006960000001243,1,2
17,0.0,23.634852119999998,-62.1077662365991,24.101150646766726,0.048013920000002486,1,4
17,0.0,23.682866039999997,-75.61353059718962,11.942639950884413,0.012003480000000621,1,1
17,0.0,25.36335324,-67.62764792513363,18.82191068905631,0.024006960000001243,2,3
17,0.0,25.651436759999996,-79.18329905135609,12.832986914199537,0.024006960000001243,1,2
17,0.0,26.767760399999997,-65.32891643914674,24.29805488291339,0.024006960000001243,1,2
17,0.0,26.81577432,-81.07766854785568,9.564079564116618,0.024006960000001243,1,2
17,0.0,27.451958759999997,-83.11313110170344,10.861692302266428,0.024006960000001243,1,2
17,0.0,27.475965719999998,-82.53036558675035,11.065367372649249,0.012003480000000621,1,1
17,0.0,28.028125799999998,-78.38852206606869,18.092175567691545,0.036010440000001864,1,3
17,0.0,28.436244119999998,-78.80170372498664,16.83941297220299,0.024006960000001243,1,2
17,0.0,29.49255036,-76.61687805505713,11.834550751026647,0.036010440000001864,1,3
18,0.0,10.10693016,-51.9689746612152,15.13002000824519,0.024006960000001243,1,2
18,0.0,10.322992799999998,-48.84398450623294,17.890366135870035,0.048013920000002486,1,4
18,0.0,11.823427799999997,-51.045391432718915,19.446778140953157,0.024006960000001243,1,2
18,0.0,11.847434759999999,-60.59547147570254,9.896698097969523,0.012003480000000621,1,1
18,0.0,12.31557048,-57.237807360051214,15.95958212008073,0.024006960000001243,1,2
18,0.0,13.479908039999998,-75.65611943667295,9.553519184681608,0.012003480000000621,1,1
18,0.0,14.332155119999998,-54.49045559074506,19.5912699497785,0.06001740000000311,3,11
18,0.0,14.74027344,-56.43748632413086,18.87828118489714,0.07202088000000373,1,6
18,0.0,15.076370879999999,-59.941888663955154,15.423156606164186,0.024006960000001243,1,2
18,0.0,15.232416119999998,-66.63858705169002,9.440633580615426,0.012003480000000621,1,1
18,0.0,16.144680599999997,-63.261621091660004,19.689265166265287,0.08402436000000435,2,7
18,0.0,16.78086504,-64.50570772685461,21.14967202413208,0.048013920000002486,1,4
18,0.0,17.41704948,-65.01088997015194,20.75682270829681,0.048013920000002486,2,6
18,0.0,17.69312952,-73.01524420440239,12.202814044717229,0.024006960000001243,1,2
18,0.0,17.8851852,-65.46118883375978,16.796245503942384,0.024006960000001243,1,2
18,0.0,17.95720608,-75.09134429976277,10.113471383393183,0.012003480000000621,1,1
18,0.0,18.23328612,-64.4944890558452,21.537421237237623,0.048013920000002486,1,4
18,0.0,18.71342532,-58.763293611505404,15.605359833058559,0.012003480000000621,1,1
18,0.0,18.761439239999998,-57.692099116617754,17.860379926893923,0.024006960000001243,1,2
18,0.0,19.637693279999997,-63.84309251453179,19.872636458742583,0.036010440000001864,1,3
18,0.0,19.961787239999996,-65.98866368099725,17.94016960446487,0.07202088000000373,1,6
18,0.0,20.79002736,-79.78344959475267,10.313985906688103,0.024006960000001243,1,2
18,0.0,21.078110879999997,-65.68405005364536,22.68864210349009,0.036010440000001864,1,3
18,0.0,21.1261248,-78.93939508445929,9.433297072676163,0.012003480000000621,1,1
18,0.0,22.242448439999997,-61.78885268541186,20.72088946019583,0.048013920000002486,2,6
18,0.0,22.362483239999996,-63.161218379188526,17.18399958757925,0.036010440000001864,2,4
18,0.0,22.51852848,-68.93237206394514,13.485634319039953,0.024006960000001243,1,2
18,0.0,23.92293564,-81.15806117493739,10.191133617194449,0.012003480000000621,1,1
18,0.0,25.29133236,-71.67070549319176,19.386352659565183,0.036010440000001864,1,3
18,0.0,27.031836959999996,-80.65587240812636,15.680524434905363,0.036010440000001864,1,3
19,0.0,10.755118079999999,-61.56554200456061,22.01240070054154,0.048013920000002486,1,4
19,0.0,11.439316439999999,-52.41917247102553,18.345855156659965,0.024006960000001243,2,3
19,0.0,11.511337319999999,-58.57587012045511,14.165114699617119,0.024006960000001243,1,2
19,0.0,11.979473039999998,-53.91948734852237,17.658031160019174,0.036010440000001864,1,3
19,0.0,12.44760876,-54.23862063832152,19.649755681130653,0.06001740000000311,1,5
19,0.0,13.695970679999999,-63.3661894672438,15.455627518996696,0.024006960000001243,1,2
19,0.0,13.936040279999999,-59.79732432715824,17.221582473857286,0.048013920000002486,2,5
19,0.0,14.884315199999998,-63.21014584156029,18.0225554558165,0.024006960000001243,1,2
19,0.0,15.85659708,-56.32414509102922,26.837560023132898,0.09602784000000497,3,11
19,0.0,15.880604039999998,-68.78750243438999,10.632289354659934,0.012003480000000621,1,1
19,0.0,17.12896596,-64.22913987427006,14.094881622649469,0.036010440000001864,1,3
19,0.0,17.27300772,-61.115257239911415,12.600622987711105,0.012003480000000621,1,1
19,0.0,17.51307732,-61.252806967929416,10.580123277984887,0.012003480000000621,1,1
19,0.0,17.537084280000002,-58.70339368390442,15.80395838475446,0.012003480000000621,1,1
19,0.0,17.561091239999996,-66.02617619494752,9.440743971116206,0.012003480000000621,1,1
19,0.0,17.669122559999998,-58.55684764561489,15.8212694982555,0.024006960000001243,1,2
19,0.0,18.1252548,-62.49447960773469,15.8663124031698,0.024006960000001243,1,2
19,0.0,18.449348759999996,-59.71066066741005,18.65013134349443,0.024006960000001243,1,2
19,0.0,18.91748448,-59.906817472781725,12.20018805338414,0.012003480000000621,1,1
19,0.0,18.941491439999997,-59.6469285947962,12.3705236279262,0.024006960000001243,1,2
19,0.0,19.18156104,-57.30856386767538,14.798441658490486,0.036010440000001864,2,5
19,0.0,20.29788468,-58.472150553357416,21.214943125562865,0.024006960000001243,1,2
19,0.0,21.85833708,-77.89943621790924,11.694633823321599,0.036010440000001864,1,3
19,0.0,24.307046999999997,-65.58636244865644,15.46214934184528,0.08402436000000435,3,9
19,0.0,25.879502879999997,-62.59814370843152,21.354870190355506,0.06001740000000311,2,6
19,0.0,26.587708199999998,-80.20711677145512,9.818522664355045,0.012003480000000621,1,1
20,0.0,10.2629754,-50.6691406523315,26.79695996455008,0.06001740000000311,1,5
20,0.0,10.31098932,-66.22636112615419,11.644298758583492,0.024006960000001243,1,2
20,0.0,11.235257279999999,-64.34784681727479,19.76657558528554,0.048013920000002486,1,4
20,0.0,11.835431279999998,-54.476200144541565,26.449540993516088,0.048013920000002486,1,4
20,0.0,12.531633119999999,-79.36086471310387,9.3385464757103,0.012003480000000621,1,1
20,0.0,14.248130759999999,-65.46742165211222,11.744050942346467,0.024006960000001243,1,2
20,0.0,14.60823516,-56.15032065629252,20.3819587318837,0.10803132000000559,2,9
20,0.0,14.668252559999997,-66.13051455529246,10.07719666887262,0.012003480000000621,1,1
20,0.0,15.388461359999999,-58.180457604547726,22.336086571038862,0.048013920000002486,1,4
20,0.0,16.144680599999997,-70.41623876561468,11.9120172477143,0.024006960000001243,1,2
20,0.0,16.61281632,-64.53562932866556,13.295585862379847,0.012003480000000621,1,1
20,0.0,16.672833719999996,-65.70246777784536,12.128747413200058,0.024006960000001243,1,2
20,0.0,17.453059919999998,-58.53722822255202,16.479815602939535,0.024006960000001243,1,2
20,0.0,17.90919216,-58.92615609585427,20.480744290847145,0.024006960000001243,1,2
20,0.0,18.041230439999996,-64.93767897850248,9.629380058098997,0.012003480000000621,1,1
20,0.0,18.245289599999996,-65.40507365075852,15.000553149325608,0.024006960000001243,1,2
20,0.0,18.737432279999997,-60.54436055140437,15.95460548338837,0.024006960000001243,1,2
20,0.0,19.349609759999996,-63.448941701221536,11.806929839933842,0.012003480000000621,1,1
20,0.0,20.89805868,-65.90786430160625,11.853730687372199,0.024006960000001243,1,2
20,0.0,21.990375359999998,-69.1980462073448,11.3610636535909,0.012003480000000621,1,1
20,0.0,22.338476279999995,-61.98868069756784,17.28291926845665,0.048013920000002486,1,4
20,0.0,25.675443719999997,-68.3556225695457,19.501501515995283,0.024006960000001243,1,2
21,0.0,10.082923199999998,-49.850993143673186,26.62154747802631,0.048013920000002486,1,4
21,0.0,10.779125039999998,-65.37605105450982,9.348156081404781,0.036010440000001864,1,3
21,0.0,11.3432886,-59.82458089514673,15.506235381456934,0.024006960000001243,1,2
21,0.0,12.195535679999999,-56.503530334936826,15.73498214981905,0.024006960000001243,1,2
21,0.0,13.22783496,-61.749106127593585,10.05261217200157,0.036010440000001864,2,4
21,0.0,13.635953279999999,-57.5826028696521,19.1439803584219,0.048013920000002486,1,4
21,0.0,14.53621428,-61.23081634601639,20.366184688853686,0.06001740000000311,1,5
21,0.0,15.136388279999998,-57.18503764939492,23.11867779236143,0.07202088000000373,3,10
21,0.0,16.58880936,-66.08378010649008,10.909767501425343,0.012003480000000621,1,1
21,0.0,16.72084764,-56.97023594656762,21.807586597605713,0.07202088000000373,2,7
21,0.0,17.23699728,-59.694321648035555,17.854253978371272,0.07202088000000373,2,7
21,0.0,18.461352239999997,-58.481105356457014,18.123630709282686,0.024006960000001243,1,2
21,0.0,18.79744968,-69.04039477830294,15.560123601817175,0.036010440000001864,1,3
21,0.0,18.869470559999996,-70.52317447084246,14.077343909277666,0.024006960000001243,1,2
21,0.0,19.169557559999998,-63.28476072249187,23.6613877469033,0.036010440000001864,2,5
21,0.0,19.517658479999998,-68.25866124680401,12.616814974364903,0.012003480000000621,1,1
21,0.0,19.541665439999996,-67.26355562680632,11.12120858162469,0.012003480000000621,1,1
21,0.0,19.69771068,-59.06563844213744,19.188118961742067,0.036010440000001864,2,3
21,0.0,20.02180464,-58.079056132262,24.004493385951182,0.07202088000000373,1,6
21,0.0,20.537954279999997,-60.79581280717814,17.820594341934456,0.036010440000001864,1,3
21,0.0,21.558250079999997,-60.33847568635739,18.203415788134482,0.024006960000001243,1,2
21,0.0,23.874921719999996,-80.97520389226793,12.316966495398049,0.036010440000001864,1,3
21,0.0,26.01154116,-63.898833070300604,24.23102333198862,0.024006960000001243,1,2
21,0.0,26.035548119999998,-77.06533075619743,11.064372699715383,0.012003480000000621,1,1
22,0.0,10.683097199999999,-60.38702407969855,23.557267869039748,0.08402436000000435,1,7
22,0.0,11.439316439999999,-61.44189691281258,11.425391671156568,0.012003480000000621,1,1
22,0.0,11.667382559999998,-61.52843837237577,14.214517484744347,0.09602784000000497,2,8
22,0.0,12.327573959999999,-64.77015585834542,13.796906580062377,0.07202088000000373,1,6
22,0.0,12.9637584,-76.82386744715876,10.15142060091736,0.048013920000002486,1,4
22,0.0,13.323862799999999,-78.73717564068471,9.658061780987056,0.012003480000000621,1,1
22,0.0,13.94804376,-54.47144233235245,21.835439266882833,0.09602784000000497,1,8
22,0.0,14.044071599999999,-68.1330225851659,10.377355784527936,0.012003480000000621,1,1
22,0.0,14.344158599999998,-64.5942198868517,15.969017221066256,0.036010440000001864,1,3
22,0.0,14.704263,-61.53579271003588,11.31200976671465,0.024006960000001243,1,2
22,0.0,15.388461359999999,-70.63646136669237,13.348840657584823,0.036010440000001864,1,3
22,0.0,16.01264232,-65.01887386041959,10.399086541469597,0.024006960000001243,1,2
22,0.0,16.072659719999997,-65.62573934319981,9.707374220611944,0.012003480000000621,1,1
22,0.0,16.79286852,-70.38279448932008,13.635780110992375,0.012003480000000621,1,1
22,0.0,16.82887896,-73.05024589625403,11.918586976168843,0.012003480000000621,1,1
22,0.0,17.537084280000002,-67.78587042636099,13.018041177643012,0.024006960000001243,1,2
22,0.0,17.60910516,-65.20380217593498,11.816085734027107,0.024006960000001243,1,2
22,0.0,17.8251678,-60.03094576599232,18.374977809712266,0.024006960000001243,1,2
22,0.0,17.95720608,-67.27909817612033,13.524813427883666,0.024006960000001243,1,2
22,0.0,19.313599319999998,-66.00098840196961,12.517553002978335,0.024006960000001243,1,2
22,0.0,19.46964456,-59.07494116453969,21.965895353457718,0.036010440000001864,1,3
22,0.0,19.769731559999997,-62.23116436191976,13.541358693096582,0.012003480000000621,1,1
22,0.0,20.79002736,-64.12399300287406,16.330458406305237,0.024006960000001243,1,2
22,0.0,21.258163079999996,-67.83535008347928,12.07417879031916,0.024006960000001243,1,2
22,0.0,21.4262118,-63.12218107234271,16.497312900053693,0.024006960000001243,1,2
22,0.0,21.990375359999998,-65.72179214944836,16.287545271210885,0.024006960000001243,1,2
22,0.0,24.1269948,-64.7101149314991,22.741912739950113,0.036010440000001864,1,3
22,0.0,24.51110616,-68.09764581787715,15.815045076794746,0.024006960000001243,1,2
22,0.0,24.967238399999996,-69.0974839979147,10.247519256491938,0.012003480000000621,1,1
22,0.0,26.21560032,-67.39151250101378,22.454407867598476,0.048013920000002486,1,4
22,0.0,26.863788239999998,-81.50197918551974,9.414867436506194,0.012003480000000621,1,1
23,0.0,15.556510079999999,-56.723732247061946,11.258166316257366,0.012003480000000621,1,1
23,0.0,19.961787239999996,-58.44310604698264,14.912722212899991,0.048013920000002486,3,5
23,0.0,20.273877719999998,-62.49044025607902,12.075550239054923,0.024006960000001243,2,3
23,0.0,22.662570239999997,-60.65070237677281,10.197733425470453,0.012003480000000621,2,2
23,0.0,24.61913748,-61.52494974388817,14.158130703880545,0.048013920000002486,2,4
23,0.0,26.275617719999996,-69.23598293557512,17.363561756378616,0.036010440000001864,2,4
24,0.0,10.130937119999999,-69.2258477203083,9.921360496357014,0.048013920000002486,1,4
24,0.0,10.851145919999999,-72.54743953835813,10.802288617465805,0.012003480000000621,1,1
24,0.0,11.187243359999998,-69.16549132199442,12.540602058291142,0.024006960000001243,1,2
24,0.0,11.45131992,-71.12697876117672,10.18224092583711,0.024006960000001243,1,2
24,0.0,11.883445199999999,-67.77165146181889,13.608863442875297,0.024006960000001243,1,2
24,0.0,12.471615719999999,-57.507126617975516,18.88300039376827,0.024006960000001243,1,2
24,0.0,12.55564008,-59.67410559230061,17.88405282923022,0.06001740000000311,2,5
24,0.0,13.179821039999998,-60.3526941215111,17.5003379661539,0.024006960000001243,1,2
24,0.0,13.695970679999999,-53.6704635046398,27.355928506182604,0.06001740000000311,2,7
24,0.0,13.7439846,-68.95100236147901,10.781819114167693,0.012003480000000621,1,1
24,0.0,14.380169039999998,-53.08917763272465,21.981865230011085,0.07202088000000373,1,6
24,0.0,16.564802399999998,-60.267346562449184,13.826632257975948,0.012003480000000621,1,1
24,0.0,16.708844159999998,-59.197884710479514,15.413348158340238,0.024006960000001243,1,2
24,0.0,17.03293812,-58.31441866672968,17.05089961560779,0.048013920000002486,1,4
24,0.0,17.164976399999997,-61.84767656156311,9.961331415272795,0.024006960000001243,1,2
24,0.0,17.29701468,-61.816208506661724,13.705028362469974,0.024006960000001243,1,2
24,0.0,18.449348759999996,-59.111426693770795,15.871018063633905,0.09602784000000497,2,8
24,0.0,19.13354712,-69.50339635858444,11.086394031932208,0.06001740000000311,1,5
24,0.0,19.553668919999996,-68.98741396574098,13.179668787504092,0.024006960000001243,1,2
24,0.0,20.549957759999998,-65.08530567414743,9.752978751507966,0.012003480000000621,1,1
24,0.0,20.62197864,-60.52007153364366,18.359308414969608,0.048013920000002486,1,4
24,0.0,20.681996039999998,-62.285961520270654,12.552322905384754,0.012003480000000621,1,1
24,0.0,20.91006216,-67.40477847981276,11.506377352326894,0.024006960000001243,1,2
24,0.0,20.98208304,-68.73666046387528,10.998344768908442,0.012003480000000621,1,1
24,0.0,21.52223964,-67.97966370332928,13.514401865008715,0.024006960000001243,1,2
24,0.0,22.578545879999997,-64.48774992639576,20.184590492742643,0.024006960000001243,1,2
24,0.0,22.77060156,-62.48626232301221,22.184568474799345,0.048013920000002486,1,4
24,0.0,24.91922448,-64.99822216802787,17.329736126435506,0.09602784000000497,2,8
24,0.0,28.064136239999996,-73.9454021808062,21.644167906994344,0.048013920000002486,1,4
24,0.0,28.11215016,-86.32508661683389,10.505737272309581,0.012003480000000621,1,1
25,0.0,11.235257279999999,-57.65076760686668,12.399604299407958,0.024006960000001243,1,2
25,0.0,11.319281639999998,-50.63882830933434,22.630603144573662,0.024006960000001243,1,2
25,0.0,12.171528719999998,-52.21717986972288,22.174878116007687,0.07202088000000373,1,6
25,0.0,14.032068119999998,-61.48488889934115,18.16149832289536,0.024006960000001243,1,2
25,0.0,14.4641934,-59.18424915222913,17.399278037769687,0.024006960000001243,1,2
25,0.0,14.824297799999998,-62.39974736659128,9.836613230115454,0.012003480000000621,1,1
25,0.0,15.652537919999999,-63.86301702586201,19.287790120343644,0.07202088000000373,1,6
25,0.0,15.916614479999998,-64.50273734152753,13.599969653403722,0.036010440000001864,1,3
25,0.0,16.624819799999997,-69.541819202271,10.567595128290105,0.024006960000001243,1,2
25,0.0,17.573094719999997,-73.38406245148191,13.458829592840772,0.024006960000001243,1,2
25,0.0,19.373616719999998,-73.14720444570375,12.859820334884663,0.024006960000001243,1,2
25,0.0,19.72171764,-60.613171814860124,21.615334716801815,0.036010440000001864,1,3
25,0.0,20.045811599999997,-58.54041093598205,21.160206090180985,0.036010440000001864,1,3
25,0.0,20.177849879999997,-64.09712718368982,12.663387764819273,0.012003480000000621,1,1
25,0.0,21.066107399999996,-67.61868679533676,14.149777579627788,0.024006960000001243,1,2
25,0.0,22.71058416,-64.5528865175501,20.152074276228852,0.024006960000001243,1,2
25,0.0,23.09469552,-68.07078559280373,12.575659800099599,0.024006960000001243,1,2
25,0.0,23.154712919999998,-64.29621093737717,16.237888189496662,0.024006960000001243,1,2
25,0.0,25.135287119999997,-79.25617831093948,11.144422318416067,0.024006960000001243,1,2
25,0.0,25.59141936,-82.40312713628552,11.519171971372717,0.024006960000001243,1,2
25,0.0,28.18417104,-67.40921535929361,24.23092860028436,0.048013920000002486,1,4
26,0.0,10.875152879999998,-52.91798732574758,11.590407410878548,0.036010440000001864,1,3
26,0.0,10.91116332,-56.327162214197614,9.50016372815315,0.012003480000000621,1,1
26,0.0,11.031198119999999,-48.83983800411418,16.19690030476751,0.036010440000001864,2,4
26,0.0,11.37929904,-50.65790843965824,25.786065361342885,0.06001740000000311,1,5
26,0.0,11.427312959999998,-66.96290544364787,9.48106835735326,0.012003480000000621,1,1
26,0.0,12.31557048,-55.377542268232595,22.557642257633425,0.048013920000002486,1,4
26,0.0,12.68767836,-53.4062492000845,22.562115609826794,0.036010440000001864,1,3
26,0.0,13.01177232,-68.10538412182117,9.610845803311545,0.012003480000000621,1,1
26,0.0,13.527921959999999,-51.61462786705606,24.675682242969724,0.06001740000000311,1,5
26,0.0,13.88802636,-56.040514996689566,17.357071859301605,0.06001740000000311,1,5
26,0.0,14.29614468,-54.807408929978045,19.738569245774627,0.06001740000000311,1,5
26,0.0,14.968339559999999,-58.52918798590653,15.32267227795538,0.036010440000001864,1,3
26,0.0,15.16039524,-56.896121573739755,19.165690736783464,0.06001740000000311,1,5
26,0.0,15.448478759999999,-63.986330946357455,15.84976473059612,0.036010440000001864,1,3
26,0.0,16.288722359999998,-56.551074304327386,18.303513091749725,0.07202088000000373,3,10
26,0.0,16.7448546,-61.76415859690092,20.45581077749585,0.048013920000002486,1,4
26,0.0,17.27300772,-56.770901192620975,25.525964252033265,0.09602784000000497,2,10
26,0.0,17.861178239999997,-57.054516782279975,20.726009893402168,0.036010440000001864,1,3
26,0.0,18.1252548,-61.21949684393469,13.142709620377735,0.012003480000000621,1,1
26,0.0,18.19727568,-57.80263634190998,18.00324294760423,0.06001740000000311,2,6
26,0.0,19.109540159999998,-63.730910425167046,10.472554171443713,0.06001740000000311,2,6
26,0.0,20.21386032,-62.07914922577615,18.901230792493358,0.06001740000000311,2,8
26,0.0,22.3264728,-82.99590632717636,9.679623926763389,0.012003480000000621,1,1
26,0.0,22.878632879999998,-62.73110252921028,22.969186395223762,0.048013920000002486,1,4
26,0.0,22.9266468,-75.16657651164297,10.53371241279107,0.012003480000000621,1,1
26,0.0,23.19072336,-68.30334845840186,16.29954380335774,0.024006960000001243,1,2
26,0.0,23.29875468,-76.73600917045155,10.054387422163131,0.012003480000000621,1,1
26,0.0,25.507395,-63.2325798322351,25.972335948488826,0.048013920000002486,1,4
27,0.0,10.575065879999999,-58.691074715969535,23.330087749817984,0.10803132000000559,1,9
27,0.0,11.511337319999999,-61.417755703654734,19.297201984278274,0.036010440000001864,1,3
27,0.0,11.59536168,-56.757224272001345,23.957733415931664,0.036010440000001864,1,3
27,0.0,12.159525239999999,-71.36597502742477,9.446956641624764,0.012003480000000621,1,1
27,0.0,12.183532199999998,-70.24236060599551,10.570571063054015,0.012003480000000621,1,1
27,0.0,12.20753916,-70.99194419712747,9.820987471922065,0.012003480000000621,1,1
27,0.0,12.591650519999998,-67.67938212477974,18.079182454834708,0.07202088000000373,1,6
27,0.0,13.143810599999998,-57.13681264399018,20.565885404313708,0.07202088000000373,1,6
27,0.0,15.05236392,-64.03748344384812,14.52368127898307,0.024006960000001243,1,2
27,0.0,15.340447439999998,-58.705339118344426,18.000284971202984,0.024006960000001243,1,2
27,0.0,15.628530959999999,-55.29324585201317,21.82198048233081,0.024006960000001243,1,2
27,0.0,16.348739759999997,-62.06499534773184,13.607377107746979,0.024006960000001243,1,2
27,0.0,16.804872,-60.17873504222736,12.911204675711272,0.048013920000002486,2,5
27,0.0,16.88889636,-56.474551251460596,16.26042882968313,0.036010440000001864,1,3
27,0.0,17.164976399999997,-60.05495530714013,12.688348385377333,0.024006960000001243,1,2
27,0.0,17.405046,-59.404937602983246,11.947183344873299,0.024006960000001243,1,2
27,0.0,17.60910516,-62.62177898400179,11.739471753306109,0.024006960000001243,1,2
27,0.0,17.92119564,-64.28547381040087,10.856967763634929,0.012003480000000621,1,1
27,0.0,19.52966196,-58.76988771984905,24.781594311298484,0.024006960000001243,1,2
27,0.0,19.553668919999996,-72.30249283439562,9.824413452943972,0.012003480000000621,1,1
27,0.0,20.045811599999997,-68.05795436427348,10.141234371160525,0.012003480000000621,1,1
27,0.0,20.826037799999998,-66.93399980576794,17.479857854050255,0.036010440000001864,1,3
27,0.0,21.41420832,-70.88458768197648,12.788285844819606,0.036010440000001864,1,3
27,0.0,21.606264,-64.14120560464492,19.531667922151158,0.036010440000001864,2,4
27,0.0,22.11041016,-70.26986907185025,12.727064138270329,0.048013920000002486,1,4
28,0.0,10.15494408,-62.29353477937725,20.89755446997993,0.06001740000000311,1,5
28,0.0,10.91116332,-66.88038931638548,16.207688734461097,0.08402436000000435,1,7
28,0.0,12.075500879999998,-81.30157485075357,11.355392931378216,0.012003480000000621,1,1
28,0.0,12.11151132,-79.89744262160535,9.61659957594226,0.012003480000000621,1,1
28,0.0,12.699681839999998,-54.497130260211215,22.214889852616547,0.08402436000000435,2,8
28,0.0,13.9840542,-70.6806202426907,13.935383050563546,0.012003480000000621,1,1
28,0.0,14.272137719999998,-59.58905426714558,17.86739009743963,0.06001740000000311,1,5
28,0.0,16.156684079999998,-56.088135342526016,24.040395471235094,0.06001740000000311,2,6
28,0.0,16.39675368,-67.57264855843852,13.06811978742887,0.024006960000001243,1,2
28,0.0,16.7448546,-70.45663583731819,13.596657906904163,0.024006960000001243,1,2
28,0.0,17.06894856,-64.81583769311656,15.677573595980212,0.048013920000002486,1,4
28,0.0,17.48907036,-60.874226412133574,18.938309829649313,0.036010440000001864,1,3
28,0.0,17.5250808,-67.29871343359551,12.513822808187374,0.012003480000000621,1,1
28,0.0,18.08924436,-61.193379830715685,22.505889913608662,0.048013920000002486,1,4
28,0.0,18.83346012,-59.69786967093708,22.33806346198123,0.036010440000001864,1,3
28,0.0,19.937780279999995,-70.08966149248829,14.849910255330057,0.024006960000001243,1,2
28,0.0,20.657989079999997,-64.4169350215263,22.67155923360754,0.024006960000001243,1,2
28,0.0,21.23415612,-63.71937356849514,25.476212179885263,0.048013920000002486,1,4
28,0.0,23.8269078,-61.640264205922506,22.883417318832823,0.036010440000001864,1,3
28,0.0,24.163005239999997,-71.83156386624661,18.171801284083248,0.036010440000001864,2,3
28,0.0,24.523109639999998,-77.2103061977545,10.574305950038363,0.012003480000000621,1,1
28,0.0,25.91551332,-83.99392441078118,10.04651553217641,0.012003480000000621,1,1
28,0.0,26.551697759999996,-68.17376692860731,23.688647134926484,0.048013920000002486,1,4
28,0.0,27.77605272,-69.17815708721851,25.3822945195013,0.08402436000000435,2,8
28,0.0,28.448247599999995,-84.6169001180468,9.893024255645804,0.012003480000000621,1,1
28,0.0,28.472254559999996,-84.9564686287004,9.553455744992208,0.012003480000000621,1,1
29,0.0,10.575065879999999,-60.5804561520474,10.55403703669336,0.024006960000001243,1,2
29,0.0,10.623079799999998,-61.88637057897823,10.753865495568304,0.012003480000000621,1,1
29,0.0,11.103219,-54.19074448378819,19.850820837310504,0.036010440000001864,1,3
29,0.0,11.30727816,-52.03720620791174,15.940704790198815,0.024006960000001243,1,2
29,0.0,11.4633234,-64.12399366133216,9.348430055856644,0.012003480000000621,1,1
29,0.0,12.02748696,-58.25811662794951,17.06739196667673,0.024006960000001243,1,2
29,0.0,12.41159832,-52.91661760690059,25.498990297784594,0.06001740000000311,1,5
29,0.0,13.4438976,-54.05649583997882,15.6060186292143,0.024006960000001243,1,2
29,0.0,14.74027344,-56.7941930296185,17.6015517326257,0.024006960000001243,1,2
29,0.0,15.1844022,-58.64418459078304,18.124761691612033,0.036010440000001864,1,3
29,0.0,15.640534439999998,-61.22422177316258,16.97899010307011,0.036010440000001864,1,3
29,0.0,16.288722359999998,-71.44493244467999,14.051952533789546,0.024006960000001243,1,2
29,0.0,17.705133,-55.430817458575035,23.928174006465962,0.036010440000001864,1,3
29,0.0,18.38933136,-57.96818996464866,20.808054696769254,0.024006960000001243,1,2
29,0.0,18.653407919999996,-63.16922945622521,12.56561069717546,0.024006960000001243,1,2
29,0.0,19.649696759999998,-68.88324375502495,13.695519333897588,0.024006960000001243,1,2
29,0.0,20.177849879999997,-67.56624258047174,13.082740578272906,0.024006960000001243,1,2
29,0.0,24.05497392,-65.37398468533131,22.72481639180497,0.036010440000001864,1,3
29,0.0,25.807482,-73.7567219323723,19.709374538578786,0.048013920000002486,1,4
29,0.0,28.280198879999997,-83.55091771822282,11.844130802864477,0.012003480000000621,1,1
29,0.0,28.304205839999998,-85.10438000407986,11.041918699395435,0.012003480000000621,1,1
30,0.0,10.45503108,-57.87704854956453,21.16538897067537,0.048013920000002486,1,4
30,0.0,11.65537908,-52.63953687234289,13.101004000747615,0.012003480000000621,1,1
30,0.0,12.35158092,-65.83304489413918,9.379725100645233,0.012003480000000621,1,1
30,0.0,12.939751439999998,-67.18484965241304,13.913817490597395,0.036010440000001864,1,3
30,0.0,13.131807119999998,-70.30630325294123,11.124337619232636,0.012003480000000621,1,1
30,0.0,13.791998519999998,-54.46681376580307,17.653078422512305,0.048013920000002486,1,4
30,0.0,13.924036799999998,-58.60628037065042,13.674522033091955,0.048013920000002486,1,4
30,0.0,15.904611,-54.74141030531481,20.529838261909266,0.048013920000002486,1,4
30,0.0,16.06065624,-55.407879758862045,15.70584850557696,0.024006960000001243,1,2
30,0.0,16.39675368,-65.20471948651414,19.343551489225163,0.036010440000001864,1,3
30,0.0,16.708844159999998,-60.14416043673174,22.200643190614528,0.048013920000002486,2,6
30,0.0,17.044941599999998,-63.32408606181004,15.79235454457093,0.048013920000002486,1,4
30,0.0,17.789157359999997,-57.352186865736655,13.392101060572097,0.036010440000001864,2,4
30,0.0,17.849174759999997,-58.289468232599084,12.282500112658816,0.012003480000000621,1,1
30,0.0,18.32931396,-66.97177450850704,13.556947949479753,0.024006960000001243,1,2
30,0.0,19.04952276,-62.027745699862095,18.834012569424782,0.024006960000001243,1,2
30,0.0,19.82974896,-61.0191746195362,19.91857166583028,0.048013920000002486,1,4
30,0.0,20.249870759999997,-65.22179683894973,14.10525423016362,0.024006960000001243,1,2
30,0.0,20.30988816,-67.38469227199067,12.759823760419955,0.012003480000000621,1,1
30,0.0,20.35790208,-61.75482395538121,17.858281898041316,0.024006960000001243,1,2
30,0.0,20.669992559999997,-65.60207759792566,15.888749762952386,0.024006960000001243,1,2
31,0.0,10.65909024,-66.3710422339178,14.119871603973204,0.048013920000002486,1,4
31,0.0,11.439316439999999,-63.03729624323288,20.049952590593037,0.08402436000000435,1,7
31,0.0,11.85943824,-68.25563838462597,23.147187239834377,0.07202088000000373,1,6
31,0.0,12.2435496,-66.48934566737434,16.69770126743717,0.024006960000001243,1,2
31,0.0,12.903741,-60.41623857780675,11.66826094473251,0.012003480000000621,1,1
31,0.0,15.076370879999999,-70.15784510600392,12.279301425139618,0.012003480000000621,1,1
31,0.0,15.124384799999998,-65.22745596097505,16.989813549993098,0.048013920000002486,2,4
31,0.0,15.71255532,-66.63778472253045,13.600315862490218,0.024006960000001243,1,2
31,0.0,16.30072584,-54.93547754246929,22.234299172415795,0.048013920000002486,1,4
31,0.0,16.468774559999996,-68.1594699098687,9.712159973734998,0.07202088000000373,2,6
31,0.0,16.87689288,-64.69817869584729,13.44795182400141,0.036010440000001864,1,3
31,0.0,17.116962479999998,-63.433564332865785,12.434496425450758,0.024006960000001243,1,2
31,0.0,17.5250808,-56.779860347020346,19.105937076543718,0.06001740000000311,2,7
31,0.0,17.89718868,-63.57375694676925,12.604972820789087,0.024006960000001243,1,2
31,0.0,18.3653244,-60.542951506018845,15.453649720986302,0.024006960000001243,1,2
31,0.0,18.761439239999998,-67.97682641145511,11.966252637219227,0.024006960000001243,1,2
31,0.0,19.649696759999998,-62.28475908375427,12.346832116376172,0.024006960000001243,1,2
31,0.0,20.742013439999997,-66.48452648614119,19.48378193919301,0.048013920000002486,1,4
31,0.0,21.846333599999998,-69.91750184600293,16.813811764404015,0.048013920000002486,1,4
31,0.0,23.09469552,-60.01243300839225,23.13070503015835,0.07202088000000373,1,6
31,0.0,23.79089736,-72.68658952803194,15.410216295235548,0.024006960000001243,1,2
31,0.0,29.264484239999998,-66.97771358448547,15.555318248404095,0.024006960000001243,1,2
31,0.0,29.648595599999997,-71.12243244004858,22.18926745445383,0.08402436000000435,1,7
32,0.0,11.00719116,-63.95758124861722,13.138548687273719,0.024006960000001243,1,2
32,0.0,11.11522248,-60.40699322655591,16.689136709335024,0.036010440000001864,1,3
32,0.0,12.00348,-63.23081585028141,18.75308488894883,0.07202088000000373,2,7
32,0.0,13.65996024,-54.98610566543884,17.721867438556572,0.024006960000001243,1,2
32,0.0,13.719977639999998,-54.96595879611495,20.800297609605384,0.08402436000000435,2,8
32,0.0,14.332155119999998,-57.70305716493374,16.94844777540591,0.06001740000000311,1,5
32,0.0,14.51220732,-64.99965075504224,9.651854185297402,0.036010440000001864,2,3
32,0.0,15.364454399999998,-55.533102266045546,19.504920019345658,0.06001740000000311,2,8
32,0.0,17.03293812,-63.37113709466642,19.17484591135046,0.06001740000000311,2,6
32,0.0,18.005219999999998,-60.610358538504045,13.701605248464546,0.08402436000000435,1,7
32,0.0,18.077240879999998,-61.98157908614349,10.942593481682865,0.012003480000000621,1,1
32,0.0,18.905480999999998,-60.04233839326082,16.0375136764115,0.048013920000002486,2,6
32,0.0,19.037519279999998,-68.18793956864153,10.555726588409788,0.012003480000000621,1,1
32,0.0,19.505655,-57.92152668630624,22.168657398147765,0.024006960000001243,2,3
32,0.0,20.63398212,-62.69649906607734,16.24007685581599,0.036010440000001864,1,3
32,0.0,21.03009696,-63.6460973912058,14.802519209641114,0.036010440000001864,1,3
32,0.0,24.535113119999995,-72.59115071227698,10.061053645151736,0.024006960000001243,1,2
32,0.0,24.67915488,-66.57466914234956,16.674799170417653,0.048013920000002486,2,6
32,0.0,26.43166296,-77.23059777575398,18.344988861493896,0.036010440000001864,1,3
32,0.0,27.031836959999996,-79.68014100804432,14.354755364519939,0.036010440000001864,1,3
32,0.0,29.432532959999996,-56.260474041474275,23.009372363664994,0.07202088000000373,2,9
33,0.0,10.1429406,-53.150620843750566,21.94609891212791,0.048013920000002486,1,4
33,0.0,10.875152879999998,-55.37818841809555,22.523914932327532,0.07202088000000373,1,6
33,0.0,11.35529208,-55.80416338817476,14.766151946204221,0.06001740000000311,1,5
33,0.0,11.511337319999999,-53.949266283981174,16.621049050397808,0.024006960000001243,1,2
33,0.0,12.50762616,-64.56853448785617,17.53283415433133,0.024006960000001243,1,2
33,0.0,12.75969924,-55.024027536395906,23.024472605118284,0.14404176000000746,3,14
33,0.0,13.31185932,-53.07039572275208,22.3591561956361,0.07202088000000373,1,6
33,0.0,13.972050719999999,-62.34204169590793,11.995538026640952,0.012003480000000621,1,1
33,0.0,14.26013424,-67.2480816289391,12.808838048232335,0.036010440000001864,1,3
33,0.0,14.872311719999999,-61.25410105334549,20.740953385361887,0.024006960000001243,1,2
33,0.0,15.664541399999997,-62.796186118440936,14.72789029333802,0.024006960000001243,1,2
33,0.0,16.78086504,-58.2925397612452,22.58370386326739,0.08402436000000435,2,9
33,0.0,17.561091239999996,-60.0528098713697,14.74840572239803,0.024006960000001243,1,2
33,0.0,17.93319912,-59.104479063345224,13.69835114392314,0.012003480000000621,1,1
33,0.0,18.1852722,-57.81679994671382,16.81569305947988,0.036010440000001864,2,4
33,0.0,18.49736268,-64.0247530646956,13.384511316034875,0.012003480000000621,1,1
33,0.0,20.237867279999996,-72.15127192149242,11.509950540655113,0.012003480000000621,1,1
33,0.0,20.886055199999998,-62.498094215726645,21.024384387126887,0.024006960000001243,1,2
33,0.0,22.12241364,-76.18721570125926,9.553404244044263,0.012003480000000621,1,1
33,0.0,22.146420599999995,-63.556609653640265,22.281609400721244,0.036010440000001864,2,4
33,0.0,23.694869519999997,-62.95448189409968,22.028380243269247,0.048013920000002486,2,5
33,0.0,24.114991319999998,-66.17072879035605,14.276377799831447,0.024006960000001243,1,2
33,0.0,24.235026119999997,-62.8207413005076,12.571097442072144,0.07202088000000373,3,10
33,0.0,24.379067879999997,-65.60562430453167,12.892381737779015,0.024006960000001243,1,2
33,0.0,24.63114096,-70.36571719613934,13.219167075412724,0.024006960000001243,1,2
33,0.0,24.967238399999996,-63.09384383254195,17.824750090336142,0.06001740000000311,1,5
33,0.0,25.807482,-64.22719929594278,15.627039180244804,0.036010440000001864,1,3
33,0.0,26.179589879999998,-63.66656952263003,23.372867876145648,0.036010440000001864,1,3
33,0.0,26.80377084,-67.93991053000441,20.508904183481413,0.036010440000001864,1,3
34,0.0,10.58706936,-49.5865725766909,22.092945748810987,0.024006960000001243,1,2
34,0.0,13.8640194,-61.62970736969908,19.421212190821976,0.048013920000002486,1,4
34,0.0,14.920325639999998,-60.699067249330405,20.34692943517435,0.048013920000002486,1,4
34,0.0,15.484489199999999,-57.219002549944676,21.02150976025397,0.07202088000000373,1,6
34,0.0,15.784576199999998,-62.60741191246922,13.199912345404009,0.012003480000000621,2,2
34,0.0,15.904611,-61.673662099678054,16.5668502105206,0.048013920000002486,2,4
34,0.0,17.08095204,-60.281763659044636,20.15109163963016,0.07202088000000373,1,6
34,0.0,17.8251678,-57.536795922290494,16.671976113874212,0.07202088000000373,1,6
34,0.0,19.73372112,-65.01110658338058,16.522109239445673,0.036010440000001864,1,3
34,0.0,20.105829,-64.39804109395268,20.235833975099258,0.024006960000001243,1,2
34,0.0,20.99408652,-71.40627407039443,15.372421688784694,0.024006960000001243,1,2
34,0.0,21.22215264,-67.85612777303652,18.922567986142607,0.036010440000001864,2,5
34,0.0,22.69858068,-65.36395292025833,21.46522464008833,0.024006960000001243,1,2
34,0.0,22.746594599999998,-78.37958433968853,9.522611119322796,0.012003480000000621,1,1
34,0.0,24.175008719999997,-73.71832371958196,18.563548034229044,0.036010440000001864,1,3
34,0.0,25.855495919999996,-71.90925930083375,16.765717285841014,0.036010440000001864,1,3
35,0.0,10.1429406,-54.90627001219007,10.694085101869664,0.024006960000001243,1,2
35,0.0,11.271267719999999,-66.56006041225842,19.38592705825441,0.048013920000002486,1,4
35,0.0,11.79942084,-51.69102613427623,20.788650485447576,0.06001740000000311,1,5
35,0.0,11.871441719999998,-61.32677754437552,11.152899075348286,0.012003480000000621,1,1
35,0.0,12.279560039999998,-57.215228811795754,18.67822851820452,0.024006960000001243,1,2
35,0.0,12.6636714,-62.030021507233684,12.464558794083638,0.10803132000000559,2,11
35,0.0,14.596231679999999,-70.61491262201875,14.968302992519051,0.036010440000001864,1,3
35,0.0,14.632242119999999,-75.16351287674232,9.463109489388229,0.012003480000000621,1,1
35,0.0,14.872311719999999,-74.50405433833139,10.8561496432647,0.012003480000000621,1,1
35,0.0,16.01264232,-60.87903959351597,16.30870144359585,0.048013920000002486,1,4
35,0.0,16.504785,-55.9906521770897,21.331305469895845,0.08402436000000435,2,10
35,0.0,17.981213039999997,-59.18596534230736,10.024512393844024,0.012003480000000621,1,1
35,0.0,18.053233919999997,-58.11957850767703,13.881029264451033,0.036010440000001864,1,3
35,0.0,18.905480999999998,-67.6705994066816,12.854575999187755,0.024006960000001243,1,2
35,0.0,21.31818048,-66.32040542593923,20.98332997755158,0.048013920000002486,1,4
35,0.0,21.65427792,-70.4349340026682,14.27382629588334,0.024006960000001243,1,2
35,0.0,21.88234404,-71.75867815082475,12.351981012633917,0.07202088000000373,2,8
35,0.0,23.29875468,-71.02293992361452,12.81054161834862,0.024006960000001243,1,2
35,0.0,23.406786,-69.33009881305418,14.50338272890896,0.036010440000001864,1,3
35,0.0,26.5276908,-65.18367010713924,16.22537278713994,0.036010440000001864,2,4
35,0.0,26.62371864,-59.988783248127916,24.30208011410976,0.048013920000002486,1,4
35,0.0,27.331923959999997,-80.35517057526208,10.014961215861533,0.024006960000001243,1,2
35,0.0,29.120442479999998,-85.45818603055673,11.481693970705996,0.036010440000001864,1,3
36,0.0,10.05891624,-49.015684323053065,20.956185079459125,0.10803132000000559,2,10
36,0.0,10.31098932,-44.93870825512791,24.787558844215884,0.048013920000002486,1,4
36,0.0,11.54734776,-75.53537122097778,10.045036564446788,0.012003480000000621,1,1
36,0.0,11.571354719999999,-74.99762667225258,11.129227138289316,0.012003480000000621,1,1
36,0.0,12.5436366,-58.447306371919005,25.505487278881272,0.06001740000000311,1,5
36,0.0,12.819716639999998,-60.36390612939719,23.392461953161543,0.048013920000002486,1,4
36,0.0,14.356162079999999,-53.775305794734805,19.064439649009824,0.024006960000001243,1,2
36,0.0,15.100377839999998,-60.320519726384234,18.83956587544782,0.10803132000000559,1,9
36,0.0,15.916614479999998,-63.725783376598706,15.479867504474093,0.024006960000001243,1,2
36,0.0,15.964628399999997,-67.26418750716864,11.94146337390416,0.012003480000000621,1,1
36,0.0,16.18069104,-59.25274234546678,18.20456697156089,0.024006960000001243,1,2
36,0.0,16.75685808,-67.38355227782023,10.341074102195748,0.012003480000000621,1,1
36,0.0,17.669122559999998,-59.34196116422222,13.351402042192372,0.024006960000001243,1,2
36,0.0,17.75314692,-64.39095439670602,11.809091826612217,0.012003480000000621,1,1
36,0.0,17.801160839999998,-61.04851754528887,15.165861035495112,0.024006960000001243,1,2
36,0.0,18.257293079999997,-64.69837191426215,11.548775829920446,0.024006960000001243,1,2
36,0.0,18.7254288,-61.30983643477846,15.101983988097128,0.024006960000001243,1,2
36,0.0,18.761439239999998,-58.78420413322357,18.155752266761475,0.036010440000001864,1,3
36,0.0,18.97750188,-64.80046677113715,9.517950834048168,0.012003480000000621,1,1
36,0.0,21.59426052,-78.35893801551387,12.145714255594795,0.024006960000001243,1,2
36,0.0,22.350479759999995,-73.7703671260334,12.580026212714607,0.012003480000000621,1,1
36,0.0,23.478806879999997,-73.12146950053192,9.985428176535367,0.012003480000000621,1,1
36,0.0,23.5868382,-72.9451564321427,11.060775161401041,0.024006960000001243,1,2
36,0.0,24.05497392,-78.2842194266056,13.476353692903853,0.036010440000001864,1,3
36,0.0,24.114991319999998,-78.21037581435667,15.012049201804587,0.036010440000001864,1,3
36,0.0,24.943231439999998,-83.18957410401501,10.839604681425094,0.012003480000000621,1,1
36,0.0,25.183301039999996,-75.39852520965631,16.390114821529107,0.036010440000001864,1,3
36,0.0,26.311628159999998,-87.13783123866975,9.47122049455437,0.012003480000000621,1,1
36,0.0,26.995826519999998,-76.2118563196727,17.075616480354558,0.024006960000001243,1,2
37,0.0,11.199246839999999,-57.2381941621894,19.5227521273794,0.06001740000000311,1,5
37,0.0,12.939751439999998,-70.13888225349378,11.16460581618995,0.024006960000001243,1,2
37,0.0,13.395883679999999,-64.07237628372562,11.270722847369054,0.024006960000001243,1,2
37,0.0,13.719977639999998,-55.34222749200044,19.25012664224364,0.07202088000000373,1,6
37,0.0,14.152102919999999,-56.565751809631415,20.564910905101677,0.06001740000000311,3,9
37,0.0,14.320151639999999,-68.09407655774318,9.514215843439677,0.012003480000000621,1,1
37,0.0,15.49649268,-57.31699318694152,24.06553393820214,0.036010440000001864,1,3
37,0.0,15.544506599999998,-72.37621220461558,9.81674731624574,0.012003480000000621,1,1
37,0.0,16.084663199999998,-69.55656012534553,9.396568599937817,0.012003480000000621,1,1
37,0.0,17.05694508,-56.740122673470275,21.81866571741425,0.048013920000002486,1,4
37,0.0,21.85833708,-62.49493596866337,12.918228191781079,0.024006960000001243,1,2
37,0.0,22.602552839999998,-64.29329246432154,12.982006863381352,0.048013920000002486,3,9
37,0.0,23.346768599999997,-64.71803928350245,10.88888933313642,0.024006960000001243,2,3
37,0.0,26.707742999999997,-61.73843086849453,10.021842741265337,0.012003480000000621,1,1
38,0.0,10.45503108,-58.63607384717142,14.53076521313081,0.024006960000001243,1,2
38,0.0,10.575065879999999,-58.331098875615254,14.83574018468698,0.048013920000002486,1,4
38,0.0,11.11522248,-59.84904289824827,13.197621693729001,0.012003480000000621,1,1
38,0.0,12.051493919999999,-55.37007159644621,17.91910580486301,0.06001740000000311,1,5
38,0.0,12.519629639999998,-71.2277722333895,9.980631212791316,0.012003480000000621,1,1
38,0.0,13.09579668,-67.4467652115012,22.636120281807493,0.048013920000002486,1,4
38,0.0,13.515918479999998,-68.52362647375833,21.185338919153118,0.08402436000000435,1,7
38,0.0,14.368165559999998,-73.10175822491472,10.964607634120767,0.012003480000000621,1,1
38,0.0,14.6442456,-55.031287422550264,25.804289971670983,0.09602784000000497,2,11
38,0.0,15.868600559999997,-60.56897585850216,22.449733619853372,0.048013920000002486,1,4
38,0.0,16.264715399999996,-61.7798574230068,17.04348673359158,0.036010440000001864,2,3
38,0.0,16.52879196,-56.35227419405919,19.766503751440293,0.036010440000001864,1,3
38,0.0,16.61281632,-59.40471061611716,18.458232855910467,0.024006960000001243,1,2
38,0.0,17.188983359999998,-73.3634099799304,9.868525467490839,0.048013920000002486,1,4
38,0.0,17.249000759999998,-74.27154884169227,9.620170525570668,0.012003480000000621,1,1
38,0.0,18.077240879999998,-70.53788143204946,23.813263272754824,0.07202088000000373,1,6
38,0.0,18.641404439999995,-59.40669801295746,18.0105377965946,0.024006960000001243,1,2
38,0.0,20.03380812,-58.981597585958795,23.021920079421882,0.036010440000001864,1,3
38,0.0,20.08182204,-70.21575952750551,11.615509360183971,0.024006960000001243,1,2
38,0.0,20.35790208,-66.5647194177994,15.438798247581271,0.024006960000001243,1,2
38,0.0,20.57396472,-65.10290366037141,14.199374481088373,0.024006960000001243,1,2
38,0.0,21.162135239999998,-66.02815109266595,11.127339505596899,0.012003480000000621,1,1
38,0.0,21.354190919999997,-60.97710061130492,15.096981736975202,0.024006960000001243,1,2
38,0.0,21.438215279999998,-64.53097012140239,14.113931864773049,0.024006960000001243,1,2
38,0.0,22.30246584,-68.53458686468068,16.45032071827779,0.024006960000001243,1,2
38,0.0,22.878632879999998,-63.66725386977468,22.707505884386737,0.06001740000000311,2,5
38,0.0,24.763179239999996,-60.63797668991296,25.703939535627633,0.10803132000000559,3,13
38,0.0,26.21560032,-64.31974710048314,24.604131490814115,0.024006960000001243,1,2
38,0.0,26.575704719999997,-67.3965296969645,23.569718869473487,0.048013920000002486,1,4
38,0.0,26.62371864,-80.1240661983451,9.720646456621544,0.012003480000000621,1,1
38,0.0,26.91180216,-81.76666401346952,10.025979916912915,0.024006960000001243,1,2
38,0.0,27.956104919999998,-84.29835271254188,11.505548837650148,0.012003480000000621,1,1
38,0.0,30.200755679999997,-58.94436619238548,9.814349204872354,0.012003480000000621,1,1
39,0.0,11.643375599999999,-59.64601460983814,14.074378689538587,0.048013920000002486,2,6
39,0.0,11.883445199999999,-57.07532225713078,12.480838602242532,0.024006960000001243,1,2
39,0.0,11.919455639999999,-54.38208149072476,18.800316549983307,0.024006960000001243,1,2
39,0.0,12.387591359999998,-61.23569512271561,17.79070685428139,0.024006960000001243,1,2
39,0.0,12.6636714,-65.11491080590504,13.56587086800194,0.048013920000002486,1,4
39,0.0,13.287852359999999,-57.38390261551925,17.81342272497216,0.048013920000002486,1,4
39,0.0,13.40788716,-55.01228275346284,14.346300827599697,0.012003480000000621,1,1
39,0.0,13.8640194,-66.86959360254811,13.16192438993755,0.036010440000001864,1,3
39,0.0,14.440186439999998,-56.5370168924656,21.213051442939403,0.08402436000000435,2,9
39,0.0,14.788287359999998,-70.0663141751854,9.494000213264552,0.012003480000000621,1,1
39,0.0,14.992346519999998,-61.45710719607464,15.17589406815218,0.012003480000000621,1,1
39,0.0,15.316440479999997,-59.889520145841466,15.463232613379411,0.048013920000002486,1,4
39,0.0,16.40875716,-55.48204811606455,22.09865728071566,0.036010440000001864,2,4
39,0.0,16.45677108,-69.49241298742703,9.399330523529162,0.012003480000000621,1,1
39,0.0,17.48907036,-63.32644327947682,19.134605913534713,0.06001740000000311,1,5
39,0.0,17.9452026,-56.11062436268745,18.388864156918586,0.024006960000001243,1,2
39,0.0,18.41333832,-63.11550915322755,11.179437643907633,0.012003480000000621,1,1
39,0.0,18.7854462,-65.66583821196629,13.45079549657655,0.024006960000001243,1,2
39,0.0,19.985794199999997,-77.17311502529081,11.253587932247468,0.012003480000000621,1,1
39,0.0,20.30988816,-60.041283038876685,18.899426226601527,0.06001740000000311,2,7
39,0.0,20.862048239999996,-68.146901798015,16.485928493236067,0.036010440000001864,1,3
39,0.0,21.762309239999997,-61.08883520498072,22.496893061702732,0.024006960000001243,1,2
39,0.0,21.786316199999998,-72.42229193796337,11.16343632872008,0.012003480000000621,1,1
39,0.0,23.562831239999998,-63.51745731457477,21.89961069304363,0.024006960000001243,1,2
39,0.0,23.80290084,-72.76179861413587,14.08165715798965,0.024006960000001243,1,2
40,0.0,10.755118079999999,-54.44856482123676,22.083172711638017,0.08402436000000435,1,7
40,0.0,11.3432886,-70.54953939995914,12.353205341924642,0.036010440000001864,1,3
40,0.0,11.69138952,-53.67837276673265,27.381543924922923,0.024006960000001243,1,2
40,0.0,11.739403439999998,-68.47876373227034,11.69438583542782,0.024006960000001243,1,2
40,0.0,12.11151132,-56.43940073531472,21.004569887648117,0.07202088000000373,1,6
40,0.0,12.879734039999999,-63.8811034886315,12.428472391567183,0.024006960000001243,1,2
40,0.0,13.635953279999999,-53.70717639064892,16.03075666326322,0.024006960000001243,1,2
40,0.0,14.044071599999999,-55.98870022598039,21.49118471428357,0.024006960000001243,1,2
40,0.0,14.7642804,-70.18715900661341,11.591790415323459,0.048013920000002486,1,4
40,0.0,15.640534439999998,-62.062898601095625,18.110899686204792,0.06001740000000311,1,5
40,0.0,16.99692768,-66.25322873772669,23.390620432034797,0.07202088000000373,1,6
40,0.0,17.96920956,-56.71728056062625,19.240284433403776,0.024006960000001243,1,2
40,0.0,18.077240879999998,-60.76493192627321,17.186280332091325,0.048013920000002486,1,4
40,0.0,20.7660204,-60.52240773872188,22.5899830921033,0.024006960000001243,1,2
40,0.0,20.79002736,-72.00842101586352,9.477363223609089,0.012003480000000621,1,1
40,0.0,21.078110879999997,-63.98009990181231,21.765334095413046,0.024006960000001243,1,2
40,0.0,22.07439972,-71.92904806273815,15.336255459662702,0.024006960000001243,1,2
40,0.0,23.226733799999998,-73.18619239077164,17.124002254433478,0.048013920000002486,1,4
40,0.0,25.891506359999997,-79.91890164118561,12.00908809039295,0.024006960000001243,1,2
41,0.0,11.187243359999998,-71.65896210136412,9.985170298313728,0.012003480000000621,1,1
41,0.0,11.235257279999999,-52.11854786818134,28.899134402138404,0.06001740000000311,1,5
41,0.0,11.283271199999998,-70.02240632446104,10.561221941551917,0.012003480000000621,1,1
41,0.0,25.91551332,-71.06027967453757,13.082727367927374,0.012003480000000621,1,1
41,0.0,28.00411884,-68.99625915008923,19.075728801378666,0.024006960000001243,1,2
41,0.0,28.892376359999997,-52.40743042476584,11.352213215529495,0.024006960000001243,1,2
41,0.0,29.396522519999998,-45.625338132841165,10.252600783143162,0.012003480000000621,1,1
41,0.0,29.852654759999997,-55.95621927879044,15.182558338345082,0.024006960000001243,1,2
42,0.0,10.07091972,-58.892433984313264,15.026929884138587,0.09602784000000497,2,8
42,0.0,10.647086759999999,-49.290277192952594,24.251512143361577,0.08402436000000435,3,12
42,0.0,11.091215519999999,-52.219735715545866,19.360029392575093,0.07202088000000373,1,6
42,0.0,13.491911519999999,-72.64226453251854,9.500629655013089,0.012003480000000621,1,1
42,0.0,13.8640194,-65.38016661860392,10.885272880626374,0.012003480000000621,1,1
42,0.0,13.912033319999999,-53.29901219713402,22.1798854474053,0.07202088000000373,2,6
42,0.0,14.452189919999999,-60.04098680513369,15.847387879404042,0.036010440000001864,1,3
42,0.0,14.872311719999999,-55.9275059886412,18.822194831832782,0.048013920000002486,1,4
42,0.0,15.112381319999999,-60.9362826396114,16.67867904894179,0.012003480000000621,1,1
42,0.0,15.628530959999999,-59.356996664024194,11.50865392001765,0.024006960000001243,1,2
42,0.0,15.724558799999999,-57.25124832954394,14.971405933715774,0.024006960000001243,1,2
42,0.0,16.39675368,-62.37860586900332,9.342736369058699,0.012003480000000621,1,1
42,0.0,17.176979879999998,-62.96222312024306,14.644959531160797,0.024006960000001243,1,2
42,0.0,17.777153879999997,-61.9021000127923,20.605911682642816,0.036010440000001864,1,3
42,0.0,18.053233919999997,-70.36525956274677,12.962922899907404,0.024006960000001243,1,2
42,0.0,18.953494919999997,-63.544501572966475,15.56588111029667,0.024006960000001243,1,2
42,0.0,19.205568,-64.64212852317665,10.763452180756712,0.012003480000000621,1,1
42,0.0,19.349609759999996,-64.78777728348922,9.989891607823107,0.012003480000000621,1,1
42,0.0,20.345898599999998,-60.004400519733345,18.61725635174954,0.024006960000001243,1,2
42,0.0,20.381909039999996,-69.28969020712282,9.815528882416352,0.012003480000000621,1,1
42,0.0,20.405915999999998,-71.10715133634676,10.066020305265436,0.012003480000000621,1,1
42,0.0,22.182431039999997,-84.02679681618301,9.34201965193026,0.012003480000000621,1,1
42,0.0,26.311628159999998,-77.4780210294091,19.40650894540375,0.036010440000001864,1,3
42,0.0,27.752045759999998,-86.57481352272077,9.830571739375063,0.012003480000000621,1,1
42,0.0,27.77605272,-73.48537017125717,22.920015090838668,0.06001740000000311,1,5
42,0.0,28.136157119999996,-74.55980461058323,22.493195151666534,0.048013920000002486,1,4
42,0.0,29.132445959999995,-68.85031545821276,22.207090909498255,0.048013920000002486,1,4
43,0.0,11.223253799999998,-64.52749083309791,10.219275530144913,0.036010440000001864,1,3
43,0.0,11.727399959999998,-52.50062583380839,24.45174004536505,0.15604524000000808,3,16
43,0.0,12.3635844,-55.074381599030275,23.64956813921153,0.08402436000000435,1,7
43,0.0,13.22783496,-56.80278827084621,17.432872163872855,0.036010440000001864,1,3
43,0.0,13.671963719999999,-63.45621662377117,10.324305004674176,0.012003480000000621,1,1
43,0.0,14.920325639999998,-62.95083035628113,19.88533519966836,0.036010440000001864,2,3
43,0.0,15.568513559999998,-58.84389967670063,17.057337410718823,0.024006960000001243,1,2
43,0.0,15.664541399999997,-67.1394973227901,12.53728415420764,0.012003480000000621,1,1
43,0.0,16.09666668,-59.271625641015895,15.743403566664977,0.048013920000002486,1,4
43,0.0,16.51678848,-59.95261282700867,11.171905667027712,0.012003480000000621,1,1
43,0.0,16.64882676,-56.21095090671175,16.220451919763995,0.036010440000001864,1,3
43,0.0,16.9249068,-60.842674772759324,13.18542638966677,0.024006960000001243,1,2
43,0.0,18.269296559999997,-58.2308358243649,18.56077862340092,0.024006960000001243,1,2
43,0.0,18.461352239999997,-55.455855510548005,14.376051955850485,0.024006960000001243,1,2
43,0.0,18.605394,-57.93627837513148,14.131320100468702,0.024006960000001243,1,2
43,0.0,19.04952276,-61.997554167933714,12.432450047852226,0.012003480000000621,1,1
43,0.0,19.289592359999997,-60.980207692827406,12.517743657256673,0.012003480000000621,1,1
43,0.0,19.45764108,-63.04954209733073,12.205913333019495,0.012003480000000621,1,1
43,0.0,20.14183944,-58.23731504072215,19.121624474078942,0.048013920000002486,1,4
43,0.0,20.2258638,-63.16517262018663,13.736995755005228,0.012003480000000621,1,1
43,0.0,21.1261248,-74.90072468311931,10.60490173192834,0.012003480000000621,1,1
43,0.0,22.662570239999997,-73.09693047672286,14.543356396417447,0.024006960000001243,1,2
43,0.0,22.782605039999996,-74.85300112037665,12.53732461069495,0.024006960000001243,1,2
43,0.0,24.151001759999996,-68.68200524017206,19.625130045677082,0.036010440000001864,1,3
43,0.0,24.67915488,-77.61238079600272,11.018257257990214,0.012003480000000621,1,1
43,0.0,26.8877952,-76.5121706068082,20.227055366872072,0.036010440000001864,1,3
44,0.0,11.15123292,-51.948049140199174,22.00420099749325,0.036010440000001864,1,3
44,0.0,12.61565748,-54.75568193571884,12.509355137482057,0.024006960000001243,1,2
44,0.0,12.831720119999998,-56.09352066148398,11.227535605595897,0.024006960000001243,1,2
44,0.0,14.09208552,-66.70994594082246,10.282495086773531,0.012003480000000621,1,1
44,0.0,14.50020384,-63.81561735862655,11.160493983930603,0.012003480000000621,1,1
44,0.0,14.992346519999998,-60.38966968765265,11.064401762865652,0.024006960000001243,1,2
44,0.0,15.41246832,-57.05186820307251,16.59156076984734,0.036010440000001864,2,4
44,0.0,15.50849616,-61.06859358401059,11.820810807224776,0.012003480000000621,1,1
44,0.0,15.8445936,-52.153741266398164,20.104917871545815,0.09602784000000497,2,11
44,0.0,17.453059919999998,-56.111082023374024,13.100888318223447,0.012003480000000621,1,1
44,0.0,18.425341799999998,-56.940835864712405,18.767981721565413,0.024006960000001243,1,2
44,0.0,21.40220484,-59.3011553232638,15.082395041595976,0.024006960000001243,1,2
44,0.0,23.058685079999997,-64.30399464038186,10.41895119715049,0.036010440000001864,2,3
44,0.0,26.4676734,-63.175869450362384,11.767648525368715,0.024006960000001243,1,2
45,0.0,10.094926679999999,-51.21580565287198,25.96854421336026,0.09602784000000497,1,8
45,0.0,11.847434759999999,-62.409983416218225,18.32107032296593,0.09602784000000497,1,8
45,0.0,12.471615719999999,-53.0257927595208,24.645252411243803,0.036010440000001864,2,5
45,0.0,13.119803639999999,-57.84014653602653,10.617083208051405,0.024006960000001243,1,2
45,0.0,13.599942839999999,-55.943475530765234,16.899796454023864,0.024006960000001243,1,2
45,0.0,14.032068119999998,-60.08161224211201,13.121885213233938,0.012003480000000621,1,1
45,0.0,14.392172519999999,-56.53181119200258,17.940524890117484,0.10803132000000559,2,11
45,0.0,15.100377839999998,-61.322808111927564,15.688524777649178,0.024006960000001243,1,2
45,0.0,16.348739759999997,-57.7619998549131,20.15436897629485,0.024006960000001243,1,2
45,0.0,17.33302512,-61.446031918904076,15.408384228654006,0.06001740000000311,1,5
45,0.0,17.585098199999997,-56.230674200461195,11.270346844767845,0.012003480000000621,1,1
45,0.0,17.705133,-57.32535820297543,14.92604920234843,0.048013920000002486,1,4
45,0.0,18.62940096,-67.26365071681391,13.555392859249826,0.012003480000000621,1,1
45,0.0,18.98950536,-70.28881863236245,12.192075144320832,0.024006960000001243,1,2
45,0.0,19.21757148,-68.59099756159371,13.812939003745434,0.024006960000001243,1,2
45,0.0,19.48164804,-65.38305942007435,11.019741710552374,0.012003480000000621,1,1
45,0.0,19.81774548,-64.87974233775438,11.41363442299256,0.024006960000001243,1,2
45,0.0,20.681996039999998,-67.35080315984958,19.91140845024605,0.08402436000000435,1,7
45,0.0,21.498232679999997,-66.61616181821299,16.80101671787196,0.012003480000000621,1,1
45,0.0,21.52223964,-63.306124640231396,19.922892968890586,0.024006960000001243,1,2
45,0.0,21.58225704,-73.12713177771842,9.947862482506046,0.012003480000000621,1,1
45,0.0,22.0864032,-63.8086650983538,19.970400876892004,0.024006960000001243,1,2
45,0.0,22.590549359999997,-70.6779752587814,13.809066748385113,0.048013920000002486,1,4
45,0.0,22.866629399999997,-66.20619796861446,12.826887495609054,0.024006960000001243,1,2
45,0.0,23.754886919999997,-69.62061920576721,13.797944368045357,0.024006960000001243,1,2
45,0.0,28.784345039999998,-70.768663293972,24.662489610309798,0.06001740000000311,1,5
46,0.0,10.17895104,-77.21318924503782,10.064285171367747,0.012003480000000621,1,1
46,0.0,11.739403439999998,-51.87057134443918,25.12196892055597,0.048013920000002486,1,4
46,0.0,13.2638454,-66.21517925313745,13.853993603773631,0.036010440000001864,1,3
46,0.0,14.692259519999999,-59.31929863128806,15.810994598032512,0.048013920000002486,2,4
46,0.0,14.95633608,-68.98635096346747,9.93170070179693,0.012003480000000621,1,1
46,0.0,15.556510079999999,-54.631160919318205,19.610829848583386,0.024006960000001243,1,2
46,0.0,16.684837199999997,-57.70976460185844,12.429952562930577,0.012003480000000621,1,1
46,0.0,18.053233919999997,-67.39882444946986,12.042896117321689,0.012003480000000621,1,1
46,0.0,18.13725828,-55.82824319613388,25.1207360560853,0.024006960000001243,1,2
46,0.0,18.16126524,-69.29975778693847,10.894723679205807,0.012003480000000621,1,1
46,0.0,18.59339052,-62.15066826088722,16.964630856527183,0.024006960000001243,1,2
46,0.0,18.7854462,-62.99066576516089,12.261862006825615,0.012003480000000621,1,1
46,0.0,18.92948796,-59.46551201811029,18.320374002450126,0.024006960000001243,1,2
46,0.0,19.3256028,-64.03670293874106,16.538703281265196,0.06001740000000311,1,5
46,0.0,19.69771068,-60.784174895269594,18.312808225076726,0.024006960000001243,1,2
46,0.0,19.769731559999997,-58.39691093322996,20.219627172428936,0.024006960000001243,1,2
46,0.0,20.189853359999997,-65.72476593286693,17.43112986898085,0.024006960000001243,1,2
46,0.0,20.874051719999997,-75.2606323414195,12.672915994591985,0.036010440000001864,1,3
46,0.0,21.138128279999997,-69.62257368146874,18.747901890029265,0.036010440000001864,1,3
46,0.0,21.46222224,-67.30463602465916,21.01609362555399,0.024006960000001243,1,2
46,0.0,22.662570239999997,-65.5900806076765,19.516545013683185,0.06001740000000311,1,5
46,0.0,22.75859808,-72.6831614660354,12.676893113658318,0.012003480000000621,1,1
46,0.0,23.11870248,-62.31182167684604,18.10160165186171,0.024006960000001243,1,2
46,0.0,23.934939119999996,-77.2790634764005,12.70933342492736,0.024006960000001243,1,2
46,0.0,24.7271688,-62.14501769279483,26.317744839934385,0.06001740000000311,1,5
46,0.0,24.775182719999997,-78.2668497382239,9.650207422835935,0.024006960000001243,2,3
46,0.0,26.68373604,-73.14744718816381,18.669680139630497,0.10803132000000559,3,13
46,0.0,28.988404199999998,-76.55367253119766,21.06096497713667,0.036010440000001864,1,3
46,0.0,29.27648772,-77.54909517666405,19.164584377266852,0.036010440000001864,1,3
47,0.0,10.59907284,-68.70458140200944,11.283963224403502,0.024006960000001243,1,2
47,0.0,10.647086759999999,-60.01477404693777,19.28691152384049,0.06001740000000311,1,5
47,0.0,10.91116332,-70.9938442936736,10.217729811896735,0.012003480000000621,1,1
47,0.0,11.54734776,-74.17408222439644,12.314939056972786,0.024006960000001243,1,2
47,0.0,12.31557048,-59.63254620819075,16.67245679709498,0.036010440000001864,1,3
47,0.0,12.711685319999999,-54.71212816716245,20.841258565391932,0.06001740000000311,2,7
47,0.0,13.203828,-61.444623995405365,14.526922345979491,0.024006960000001243,1,2
47,0.0,13.40788716,-68.56523197449081,9.929093897461605,0.024006960000001243,1,2
47,0.0,13.719977639999998,-60.346217829430984,18.85975899035657,0.024006960000001243,1,2
47,0.0,14.224123799999997,-69.10354888899502,10.438470780777706,0.012003480000000621,1,1
47,0.0,14.560221239999999,-69.80878432418146,14.227335952624259,0.024006960000001243,1,2
47,0.0,14.896318679999998,-77.540564874763,9.489811192174315,0.012003480000000621,1,1
47,0.0,16.0246458,-68.08476974483482,12.74883600689494,0.024006960000001243,1,2
47,0.0,16.144680599999997,-68.80467194106414,13.197253264024027,0.024006960000001243,1,2
47,0.0,17.26100424,-70.2439237063826,13.581605535145192,0.036010440000001864,1,3
47,0.0,17.573094719999997,-59.816802164587834,21.34658403529276,0.06001740000000311,2,6
47,0.0,18.40133484,-58.80458704272093,18.03627980116,0.024006960000001243,1,2
47,0.0,19.81774548,-65.90007687270204,13.835696124073348,0.024006960000001243,1,2
47,0.0,19.88976636,-60.02663325286112,14.190494245302057,0.024006960000001243,1,2
47,0.0,20.09382552,-59.05899535621977,19.959489936023935,0.036010440000001864,1,3
47,0.0,20.93406912,-65.73136141622166,14.395982861054728,0.024006960000001243,1,2
47,0.0,21.22215264,-65.65174635565273,19.789632030247354,0.024006960000001243,1,2
47,0.0,21.714295319999998,-63.34467178133994,19.413903352959327,0.036010440000001864,2,3
47,0.0,22.590549359999997,-69.2864719767139,13.903114026733833,0.024006960000001243,1,2
47,0.0,23.058685079999997,-68.66859407026121,15.224492449825773,0.024006960000001243,1,2
47,0.0,23.898928679999997,-74.75496865981773,16.897039409418305,0.036010440000001864,1,3
48,0.0,10.10693016,-50.36357976136476,22.585617992989256,0.14404176000000746,2,12
48,0.0,10.82713896,-68.92157187061079,14.189636289832315,0.08402436000000435,1,7
48,0.0,11.3432886,-55.731750452092335,23.581831124164857,0.06001740000000311,1,5
48,0.0,11.631372119999998,-52.43006722268029,25.15082572263093,0.07202088000000373,1,6
48,0.0,12.195535679999999,-60.25860620132936,15.178230764564251,0.012003480000000621,1,1
48,0.0,12.89173752,-53.53309905191772,16.175071957799872,0.06001740000000311,1,5
48,0.0,12.939751439999998,-57.486744256436275,12.950077286814757,0.036010440000001864,2,3
48,0.0,15.304437,-58.01093347564461,12.804821713505941,0.012003480000000621,1,1
48,0.0,16.37274672,-57.752468600949115,13.25245556695278,0.012003480000000621,1,1
48,0.0,16.82887896,-56.044934068299085,10.894482537989614,0.08402436000000435,2,7
48,0.0,17.2249938,-58.6349584088408,9.359440443189547,0.024006960000001243,1,2
48,0.0,17.657119079999998,-57.555303538107516,15.758827225416287,0.024006960000001243,1,2
48,0.0,17.861178239999997,-60.21849098601295,12.622323482153242,0.024006960000001243,1,2
48,0.0,17.981213039999997,-60.09237349836506,12.748440969801136,0.012003480000000621,1,1
48,0.0,18.1252548,-56.849065550610064,16.61350319628919,0.036010440000001864,1,3
48,0.0,18.953494919999997,-57.702567896579765,21.510337360015413,0.024006960000001243,1,2
48,0.0,19.205568,-60.68852706991886,17.826959457750554,0.048013920000002486,2,5
48,0.0,19.49365152,-66.28034408894769,12.788057066560082,0.048013920000002486,2,5
48,0.0,19.997797679999998,-66.90305043195434,12.121655925110682,0.012003480000000621,1,1
48,0.0,20.273877719999998,-62.642488548568316,17.56165640940935,0.024006960000001243,1,2
48,0.0,20.79002736,-67.63365363724772,13.874958729763202,0.024006960000001243,1,2
48,0.0,20.99408652,-72.30300912993877,10.765848571409451,0.012003480000000621,1,1
48,0.0,21.486229199999997,-62.87474349924551,22.770068515700437,0.06001740000000311,1,5
48,0.0,21.750305759999996,-67.3662754289826,20.04533354126247,0.048013920000002486,1,4
48,0.0,23.754886919999997,-63.18254026460521,25.237930545718037,0.024006960000001243,1,2
48,0.0,23.77889388,-75.03067214124708,13.191807817641797,0.012003480000000621,1,1
48,0.0,24.739172279999995,-72.02572686052275,16.635839677699632,0.036010440000001864,1,3
49,0.0,11.25926424,-59.387174910695904,27.38392960546847,0.08402436000000435,1,7
49,0.0,11.883445199999999,-69.96653290428769,11.051317548818528,0.012003480000000621,1,1
49,0.0,13.275848879999998,-63.60752628396049,20.540670953943035,0.036010440000001864,1,3
49,0.0,13.64795676,-57.890462230357656,24.515187527245228,0.06001740000000311,1,5
49,0.0,14.42818296,-63.4885873727479,10.924432552838649,0.012003480000000621,1,1
49,0.0,14.476196879999998,-57.53657826431393,18.693233359619224,0.036010440000001864,1,3
49,0.0,15.376457879999998,-53.72425712997699,26.803034545099138,0.06001740000000311,2,7
49,0.0,15.424471799999997,-70.33645503875938,10.165798883173949,0.012003480000000621,1,1
49,0.0,15.964628399999997,-61.524944809454595,19.350171573994523,0.06001740000000311,1,5
49,0.0,16.948913759999996,-60.11071352384066,16.484960509470966,0.048013920000002486,1,4
49,0.0,17.81316432,-53.83519744873365,25.472177575059032,0.036010440000001864,1,3
49,0.0,18.77344272,-57.65452709331203,20.24795936269493,0.08402436000000435,3,11
49,0.0,19.87776288,-57.96561658840656,15.743653480593157,0.036010440000001864,2,4
49,0.0,20.08182204,-66.57588179328984,11.61060987807123,0.012003480000000621,1,1
49,0.0,21.270166559999996,-61.02241989559815,16.63532975323176,0.024006960000001243,1,2
49,0.0,21.59426052,-65.89783074931967,11.75991889951024,0.024006960000001243,1,2
49,0.0,21.642274439999998,-67.01664185945205,11.083086786723957,0.012003480000000621,1,1
49,0.0,22.506525,-66.53748377341543,16.0863007517395,0.048013920000002486,2,5
49,0.0,22.578545879999997,-67.76375886496005,17.593212738420718,0.024006960000001243,1,2
49,0.0,23.862918239999996,-73.97731714063855,20.42651548396037,0.048013920000002486,1,4
49,0.0,26.45566992,-85.63909983020878,10.563090449622006,0.012003480000000621,1,1
49,0.0,27.89608752,-89.61882921016073,10.120879691333911,0.024006960000001243,1,2
50,0.0,11.511337319999999,-65.11243911339736,12.997558024460606,0.036010440000001864,1,3
50,0.0,11.775413879999999,-53.669117129583015,23.590045718489023,0.10803132000000559,2,9
50,0.0,12.591650519999998,-55.71270459985887,13.82752954092596,0.012003480000000621,1,1
50,0.0,12.807713159999999,-56.27604150986963,10.241171583966487,0.012003480000000621,1,1
50,0.0,13.599942839999999,-50.53047892845311,16.500228383456115,0.024006960000001243,1,2
50,0.0,14.320151639999999,-63.346008429611295,11.678254649919822,0.024006960000001243,1,2
50,0.0,15.1844022,-53.85522054326424,18.797743480201103,0.024006960000001243,1,2
50,0.0,16.564802399999998,-59.97334777483743,17.93121998760151,0.024006960000001243,1,2
50,0.0,16.64882676,-55.73179110511628,16.28751321898656,0.024006960000001243,1,2
50,0.0,16.87689288,-52.84468690898041,20.44207985083861,0.024006960000001243,1,2
50,0.0,17.27300772,-69.38727763869773,10.352541131832517,0.024006960000001243,1,2
50,0.0,17.549087759999995,-63.6982829341109,13.790294616727607,0.024006960000001243,1,2
50,0.0,17.68112604,-59.876408487440244,15.267016447717623,0.012003480000000621,1,1
50,0.0,19.109540159999998,-69.53115747140147,9.634971682580009,0.012003480000000621,1,1
50,0.0,19.385620199999998,-58.08516103707497,22.40368393083266,0.06001740000000311,2,5
50,0.0,20.15384292,-75.34759048028263,9.830464166156874,0.024006960000001243,1,2
50,0.0,20.98208304,-59.014121418205,19.230005668836178,0.024006960000001243,1,2
50,0.0,21.042100439999995,-65.861909141467,11.391020805203043,0.012003480000000621,1,1
50,0.0,21.82232664,-60.40712062949663,19.045057492208798,0.036010440000001864,2,4
50,0.0,22.338476279999995,-61.05656764286462,19.252213313656267,0.024006960000001243,1,2
50,0.0,22.42250064,-65.25368197796674,15.055098978554156,0.012003480000000621,1,1
50,0.0,22.878632879999998,-75.25810259672514,10.28989142814786,0.012003480000000621,1,1
50,0.0,23.442796439999995,-79.69765642577656,12.485721299063515,0.024006960000001243,1,2
50,0.0,23.79089736,-75.09958785321123,17.444198309769586,0.036010440000001864,1,3
50,0.0,25.075269719999998,-81.8341109195808,13.203738639122687,0.036010440000001864,1,3
50,0.0,27.535983119999997,-79.20047308239886,17.167006565419843,0.036010440000001864,1,3
51,0.0,10.01090232,-50.7600445008034,21.004744747726104,0.07202088000000373,3,9
51,0.0,10.202957999999999,-57.31100126844098,12.385691791579754,0.024006960000001243,1,2
51,0.0,10.46703456,-60.198190560148646,12.187647855511845,0.024006960000001243,1,2
51,0.0,11.271267719999999,-71.31080739761545,9.673135127944994,0.012003480000000621,1,1
51,0.0,11.319281639999998,-61.66685312468349,18.8946602647427,0.06001740000000311,2,7
51,0.0,12.087504359999999,-64.89804924616885,10.046874985004512,0.012003480000000621,1,1
51,0.0,12.14752176,-52.60769815431871,23.946643784620697,0.036010440000001864,2,4
51,0.0,12.195535679999999,-67.27658419569367,12.096772268573995,0.024006960000001243,1,2
51,0.0,13.179821039999998,-55.803176412367314,20.382392693773497,0.08402436000000435,2,8
51,0.0,13.53992544,-67.44793686754363,13.564901563425167,0.024006960000001243,1,2
51,0.0,14.104089,-65.1869589984124,11.451599231503932,0.012003480000000621,1,1
51,0.0,14.920325639999998,-68.0524984667641,13.11065934231809,0.048013920000002486,1,4
51,0.0,15.268426559999998,-59.00435785059456,21.294415964487804,0.07202088000000373,2,7
51,0.0,16.348739759999997,-64.5077475880218,16.00682484491501,0.036010440000001864,1,3
51,0.0,17.09295552,-59.394252021635616,18.588709422580184,0.07202088000000373,1,6
51,0.0,17.4650634,-62.33641840934717,18.48135936900936,0.036010440000001864,1,3
51,0.0,17.993216519999997,-63.6308853903475,16.566488964205934,0.036010440000001864,2,4
51,0.0,18.209279159999998,-63.75743407165209,10.251529729709546,0.036010440000001864,1,3
51,0.0,18.257293079999997,-62.68114512420514,14.763744956174294,0.024006960000001243,1,2
51,0.0,19.82974896,-67.63885900452647,9.336067062700922,0.012003480000000621,1,1
51,0.0,20.00980116,-64.97516820084603,12.229710555571343,0.024006960000001243,1,2
51,0.0,21.258163079999996,-71.36920019001762,19.097403185150636,0.024006960000001243,1,2
51,0.0,21.918354479999998,-62.75689285288856,20.693380280196763,0.048013920000002486,1,4
51,0.0,21.966368399999997,-72.90195531838755,10.71561630724377,0.012003480000000621,1,1
52,0.0,10.298985839999999,-58.49855877611985,16.947826068739232,0.036010440000001864,1,3
52,0.0,11.667382559999998,-58.61529714633569,21.340713878797377,0.048013920000002486,1,4
52,0.0,12.33957744,-60.031580214889075,19.000736271380024,0.08402436000000435,1,7
52,0.0,13.70797416,-57.01109317335533,9.999758804530348,0.012003480000000621,1,1
52,0.0,14.344158599999998,-67.22373215273475,10.86592138487453,0.024006960000001243,1,2
52,0.0,14.404176,-57.61273788991454,23.898760240720858,0.048013920000002486,1,4
52,0.0,15.50849616,-56.39251985233336,26.011277763198763,0.036010440000001864,1,3
52,0.0,15.568513559999998,-67.92399579564727,15.153794887162528,0.024006960000001243,1,2
52,0.0,16.19269452,-67.231380673029,11.712706910387954,0.08402436000000435,1,7
52,0.0,17.02093464,-59.291877883317596,19.16689796412194,0.024006960000001243,2,3
52,0.0,17.369035559999997,-58.05567371255631,17.789603140632167,0.036010440000001864,1,3
52,0.0,17.537084280000002,-58.803691097779094,14.726561243116645,0.012003480000000621,1,1
52,0.0,18.053233919999997,-60.25084308818342,17.49096304166673,0.048013920000002486,1,4
52,0.0,18.461352239999997,-57.316397227629814,16.751915181915333,0.024006960000001243,1,2
52,0.0,18.545376599999997,-65.50506897760508,9.728475040963064,0.012003480000000621,1,1
52,0.0,19.01351232,-59.25126428854082,12.125314038235743,0.024006960000001243,1,2
52,0.0,19.301595839999997,-60.38624394495426,13.338276908462614,0.012003480000000621,1,1
52,0.0,19.60168284,-62.79323321574984,15.922359249512795,0.036010440000001864,1,3
52,0.0,20.069818559999998,-65.24413526768852,16.708403296393776,0.024006960000001243,1,2
52,0.0,20.97007956,-61.11639012794719,21.03879780323354,0.024006960000001243,1,2
52,0.0,23.226733799999998,-73.4135634766099,17.81662173535944,0.024006960000001243,1,2
52,0.0,24.22302264,-66.4766988801428,24.696756884275878,0.036010440000001864,1,3
52,0.0,26.11957248,-63.003518804229756,23.808721131525207,0.048013920000002486,1,4
52,0.0,26.167586399999998,-75.13389201888442,11.678347916870539,0.012003480000000621,1,1
52,0.0,27.367934399999996,-68.77616886485616,21.833875783183924,0.08402436000000435,1,7
53,0.0,10.76712156,-65.66959250533161,15.120744060635174,0.06001740000000311,2,5
53,0.0,11.05520508,-56.284250269053985,26.110986443182714,0.06001740000000311,1,5
53,0.0,11.11522248,-71.74586915761553,10.458557927566138,0.012003480000000621,1,1
53,0.0,11.90745216,-74.75820737835153,9.67891597745782,0.012003480000000621,1,1
53,0.0,12.519629639999998,-56.027309868463185,21.192682814768204,0.036010440000001864,1,3
53,0.0,12.879734039999999,-59.78652608092433,17.433466602307057,0.024006960000001243,1,2
53,0.0,14.728269959999999,-63.65854572651445,20.023177996336212,0.036010440000001864,1,3
53,0.0,15.748565759999998,-73.0050867909027,12.562179041437872,0.024006960000001243,1,2
53,0.0,15.94062144,-70.01523096384092,15.74641080870231,0.048013920000002486,1,4
53,0.0,16.696840679999998,-64.36174955676593,16.94737007209308,0.048013920000002486,1,4
53,0.0,17.597101679999998,-60.04051906716341,12.531238035172013,0.024006960000001243,1,2
53,0.0,18.52136964,-57.19303531064647,14.301880715341412,0.036010440000001864,2,4
53,0.0,18.62940096,-58.01897001284037,15.131187978357394,0.024006960000001243,1,2
53,0.0,19.565672399999997,-62.04872944325588,13.600261166927135,0.012003480000000621,1,1
53,0.0,19.66170024,-61.268530440512436,14.964951744548575,0.024006960000001243,1,2
53,0.0,19.757728079999996,-63.1413846505945,12.440533036850585,0.024006960000001243,1,2
53,0.0,21.258163079999996,-75.4811253247327,9.460892341128528,0.012003480000000621,1,1
53,0.0,21.510236159999998,-59.39078219852362,24.773418938607566,0.048013920000002486,1,4
53,0.0,22.12241364,-59.76212482651881,25.128858523685544,0.048013920000002486,1,4
53,0.0,22.398493679999998,-62.74207616369455,21.71798290555862,0.06001740000000311,2,6
53,0.0,24.343057439999995,-74.96961251198105,20.718831318424705,0.048013920000002486,1,4
53,0.0,25.09927668,-82.65942495535363,13.060128493652032,0.036010440000001864,1,3
53,0.0,26.20359684,-83.34942425826188,11.656709787365928,0.024006960000001243,1,2
53,0.0,29.120442479999998,-59.765864459464936,26.500547786830467,0.07202088000000373,2,9
54,0.0,11.13922944,-63.13434265526969,12.216598884756724,0.012003480000000621,1,1
54,0.0,11.187243359999998,-50.28866003192087,25.187462375319335,0.06001740000000311,1,5
54,0.0,11.235257279999999,-65.62978340200837,9.769543957863357,0.012003480000000621,1,1
54,0.0,11.55935124,-52.81294203232696,15.402442518615809,0.048013920000002486,2,4
54,0.0,11.727399959999998,-49.09374775037207,17.36250011679754,0.06001740000000311,2,7
54,0.0,13.09579668,-54.88349429126305,19.460367387486325,0.06001740000000311,1,5
54,0.0,13.61194632,-62.49062869217636,9.845970652558814,0.036010440000001864,2,3
54,0.0,14.488200359999999,-59.85131857387417,12.575265963755127,0.024006960000001243,1,2
54,0.0,14.632242119999999,-62.25374292202406,10.64322617424551,0.036010440000001864,1,3
54,0.0,15.08837436,-61.72954490156198,20.12930454833612,0.048013920000002486,1,4
54,0.0,16.25271192,-56.831564408972696,21.237846633363414,0.048013920000002486,1,4
54,0.0,16.912903319999998,-58.24076612966692,14.625334838543385,0.024006960000001243,1,2
54,0.0,17.561091239999996,-57.409290007573645,17.261273467903415,0.07202088000000373,2,7
54,0.0,18.449348759999996,-60.169678884810985,13.988497098432704,0.024006960000001243,1,2
54,0.0,18.473355719999997,-62.34723290798534,11.960466224586261,0.012003480000000621,1,1
54,0.0,19.865759399999998,-59.311530423728186,19.691857252251566,0.024006960000001243,1,2
54,0.0,20.069818559999998,-63.56905997969787,14.141945888589264,0.024006960000001243,1,2
54,0.0,20.7660204,-66.96525375235419,14.357382922193189,0.024006960000001243,1,2
54,0.0,20.826037799999998,-69.56959535163766,11.753041322909723,0.012003480000000621,1,1
54,0.0,21.4262118,-64.43692748318377,17.432637332229785,0.024006960000001243,1,2
54,0.0,21.85833708,-60.09481616035352,20.19424194158164,0.036010440000001864,1,3
54,0.0,21.978371879999997,-61.26238409375964,14.85909110218058,0.024006960000001243,1,2
54,0.0,22.27845888,-70.26400701430119,11.16244450033687,0.024006960000001243,1,2
54,0.0,23.43079296,-75.34766522377332,15.512393508736046,0.036010440000001864,1,3
54,0.0,24.21101916,-78.83724200032125,11.032516866173541,0.012003480000000621,1,1
54,0.0,24.439085279999997,-72.24694132240656,12.91852444619029,0.024006960000001243,1,2
54,0.0,24.787186199999997,-60.81581095680977,15.398845895091146,0.024006960000001243,1,2
54,0.0,24.88321404,-56.44622382797217,21.816367307550717,0.06001740000000311,1,5
54,0.0,25.59141936,-71.97708790924261,11.088661259052188,0.08402436000000435,1,7
55,0.0,10.39501368,-70.1464025318795,12.465529363360925,0.024006960000001243,1,2
55,0.0,10.58706936,-67.37685714726636,11.19065189909306,0.024006960000001243,2,3
55,0.0,11.019194639999998,-67.959907151296,12.339905649728777,0.036010440000001864,1,3
55,0.0,12.735692279999999,-55.07799048537664,15.872250917229273,0.024006960000001243,1,2
55,0.0,13.01177232,-59.159782698752544,12.003266832282517,0.024006960000001243,1,2
55,0.0,13.75598808,-57.38584960534995,14.516302356340328,0.024006960000001243,1,2
55,0.0,14.116092479999997,-68.6841080786756,11.089657095151965,0.024006960000001243,1,2
55,0.0,15.244419599999999,-57.520388384364516,22.917783479825875,0.036010440000001864,1,3
55,0.0,16.39675368,-52.29188177189859,23.36339625995114,0.13203828000000684,3,20
55,0.0,16.672833719999996,-59.906838134201685,16.541274446588798,0.024006960000001243,1,2
55,0.0,16.72084764,-58.16991824449136,17.485359787358373,0.024006960000001243,1,2
55,0.0,17.188983359999998,-68.61178900343747,13.64416452623596,0.024006960000001243,1,2
55,0.0,17.873181719999998,-65.6412512722887,9.506885889419731,0.012003480000000621,1,1
55,0.0,18.23328612,-71.22612223808689,9.661637845455722,0.012003480000000621,1,1
55,0.0,18.641404439999995,-64.48466805546946,15.466258503551643,0.024006960000001243,1,2
55,0.0,19.22957496,-62.244650003128115,16.995362983001133,0.024006960000001243,1,2
55,0.0,19.2655854,-67.3641030837903,10.410305788402814,0.012003480000000621,1,1
55,0.0,19.70971416,-63.940622564293996,17.936403082610365,0.048013920000002486,1,4
55,0.0,20.105829,-66.55660683608188,10.667830940451024,0.012003480000000621,1,1
55,0.0,21.19814568,-59.429206735526,24.117551893132894,0.036010440000001864,1,3
55,0.0,21.79831968,-69.51374991183333,14.17302290333238,0.024006960000001243,1,2
55,0.0,21.906350999999997,-73.91173313259523,9.775039682570476,0.012003480000000621,1,1
56,0.0,11.607365159999999,-62.4627551333701,17.41121739794185,0.048013920000002486,1,4
56,0.0,11.89544868,-63.115807906183186,15.644735667918674,0.036010440000001864,1,3
56,0.0,12.3635844,-53.90344866380928,18.602725721605744,0.08402436000000435,2,8
56,0.0,13.45590108,-53.322227537183224,20.50593606340005,0.024006960000001243,2,3
56,0.0,13.816005479999998,-51.6981848344939,23.57691407908039,0.048013920000002486,2,5
56,0.0,14.332155119999998,-58.64518547870162,18.005107913475836,0.07202088000000373,1,6
56,0.0,14.704263,-61.475017595740375,13.954568146522853,0.024006960000001243,2,3
56,0.0,14.86030824,-58.859511088683966,18.857046547431608,0.024006960000001243,1,2
56,0.0,15.544506599999998,-67.25764347197568,13.114414167997193,0.024006960000001243,1,2
56,0.0,17.405046,-69.04808963674272,10.931334144118729,0.024006960000001243,1,2
56,0.0,18.10124784,-67.45960801886716,10.014661820793204,0.012003480000000621,1,1
56,0.0,18.49736268,-62.125697847110295,12.748682991051915,0.024006960000001243,1,2
56,0.0,18.557380079999998,-63.439090205458584,11.902914490391716,0.012003480000000621,1,1
56,0.0,19.0255158,-61.7037517274909,11.512024253386965,0.012003480000000621,1,1
56,0.0,19.553668919999996,-66.43792406074101,14.573934058685216,0.024006960000001243,1,2
56,0.0,20.2258638,-58.58518955272057,20.069581125781262,0.036010440000001864,1,3
56,0.0,20.874051719999997,-70.54520036574114,14.145398498624083,0.024006960000001243,1,2
56,0.0,21.366194399999998,-62.01702508813447,14.056186467759444,0.024006960000001243,1,2
56,0.0,21.59426052,-59.14520671529212,17.979893494886877,0.024006960000001243,1,2
56,0.0,22.11041016,-69.54654866808015,10.41492396134309,0.024006960000001243,1,2
56,0.0,22.542535439999998,-69.28857800418373,11.933010229528822,0.024006960000001243,1,2
56,0.0,22.674573719999998,-76.807690000559,11.01460434793054,0.012003480000000621,1,1
56,0.0,24.03096696,-68.6879227066274,21.071536701546236,0.06001740000000311,1,5
56,0.0,25.207307999999998,-80.82660619870892,10.810395111332763,0.036010440000001864,1,3
56,0.0,26.61171516,-83.44927075437465,11.439368736679214,0.012003480000000621,1,1
56,0.0,28.18417104,-91.29140476578661,9.706110421998915,0.012003480000000621,1,1
57,0.0,10.28698236,-48.28107539508808,28.209421609002273,0.14404176000000746,3,21
57,0.0,11.21125032,-51.60799937872693,24.85231913354363,0.06001740000000311,1,5
57,0.0,11.25926424,-60.09733589018719,16.36298262208338,0.024006960000001243,1,2
57,0.0,11.71539648,-53.359618237297184,25.29133710979771,0.036010440000001864,1,3
57,0.0,12.051493919999999,-55.52255481987256,21.31242277619947,0.07202088000000373,1,6
57,0.0,12.45961224,-64.73945529689371,13.278807473838867,0.024006960000001243,1,2
57,0.0,13.035779279999998,-67.26616463999677,14.79166199700491,0.048013920000002486,1,4
57,0.0,13.395883679999999,-60.88023843804472,19.613998561208184,0.048013920000002486,1,4
57,0.0,14.20011684,-54.985419800655364,15.102236008855037,0.024006960000001243,1,2
57,0.0,14.248130759999999,-50.56322874327326,21.5055203859597,0.024006960000001243,1,2
57,0.0,15.040360439999999,-61.276851276436936,16.23178412666771,0.024006960000001243,1,2
57,0.0,15.328443959999998,-72.93853049108621,10.119355611169416,0.012003480000000621,1,1
57,0.0,15.352450919999999,-74.66160179777258,9.789453588665326,0.012003480000000621,1,1
57,0.0,16.19269452,-59.88480535493548,16.720962229025098,0.024006960000001243,1,2
57,0.0,16.504785,-60.40848627034687,11.791208918859565,0.024006960000001243,1,2
57,0.0,16.960917239999997,-59.900073953999126,12.57265282313282,0.048013920000002486,2,6
57,0.0,17.29701468,-64.84066428778829,10.408826048919767,0.012003480000000621,1,1
57,0.0,17.645115599999997,-64.40199416760203,11.18532867224797,0.012003480000000621,1,1
57,0.0,17.705133,-58.19914508552928,16.792145451598273,0.024006960000001243,1,2
57,0.0,18.41333832,-59.83750924284951,14.730796399999228,0.048013920000002486,2,4
57,0.0,18.61739748,-60.03471022904699,14.589297696389234,0.06001740000000311,1,5
57,0.0,18.92948796,-60.615952662336554,18.759449629690753,0.024006960000001243,1,2
57,0.0,19.097536679999997,-64.87217521644433,9.512525904964436,0.012003480000000621,1,1
57,0.0,19.589679359999998,-59.41473485335861,9.780540321662881,0.012003480000000621,1,1
57,0.0,20.165846399999996,-62.397778624879706,14.542105996588688,0.024006960000001243,1,2
57,0.0,20.32189164,-67.29795020064435,12.715433877456766,0.024006960000001243,1,2
57,0.0,20.79002736,-64.99561225473246,16.288234852465337,0.024006960000001243,1,2
57,0.0,21.17413872,-67.00436441032954,14.377475836142896,0.024006960000001243,1,2
57,0.0,22.146420599999995,-79.23109154080382,10.65346201949344,0.024006960000001243,1,2
57,0.0,22.81861548,-80.79160893802626,15.041859583967035,0.036010440000001864,1,3
57,0.0,24.799189679999998,-68.2511309866231,20.94175154038076,0.048013920000002486,1,4
57,0.0,26.155582919999997,-82.44793552609862,11.83764331265651,0.024006960000001243,1,2
58,0.0,12.327573959999999,-52.5983389073633,20.06824275316513,0.024006960000001243,1,2
58,0.0,12.639664439999999,-60.750238877856056,10.245602500445738,0.012003480000000621,1,1
58,0.0,12.723688799999998,-58.62597821289484,12.597212112137866,0.024006960000001243,1,2
58,0.0,13.22783496,-53.23819970806581,15.410556173578057,0.048013920000002486,3,8
58,0.0,19.985794199999997,-58.13018935907057,12.73836816225069,0.012003480000000621,1,1
58,0.0,24.751175759999995,-61.53028042176891,10.643720228785735,0.036010440000001864,2,3
59,0.0,11.06720856,-60.82901509607369,14.953499381572415,0.048013920000002486,1,4
59,0.0,11.41530948,-52.24546025176874,23.300208326706986,0.15604524000000808,2,14
59,0.0,12.171528719999998,-58.554277815860225,14.764313069525098,0.024006960000001243,1,2
59,0.0,12.61565748,-56.92898294887093,14.240691811373427,0.024006960000001243,1,2
59,0.0,13.491911519999999,-59.46075925689419,15.6551435458999,0.024006960000001243,1,2
59,0.0,13.8640194,-58.18178831069571,14.553539528415367,0.024006960000001243,1,2
59,0.0,14.51220732,-55.98648697157869,14.946670462157392,0.024006960000001243,1,2
59,0.0,15.892607519999999,-61.19681114180334,25.282125267557362,0.048013920000002486,1,4
59,0.0,16.624819799999997,-67.7505474792408,9.342646821882866,0.012003480000000621,1,1
59,0.0,16.708844159999998,-63.03114765872992,15.729467256221346,0.024006960000001243,1,2
59,0.0,17.164976399999997,-57.4122187082956,15.073781913008066,0.024006960000001243,1,2
59,0.0,17.27300772,-63.38439962726645,10.340286479642673,0.012003480000000621,1,1
59,0.0,17.50107384,-58.10125781361514,16.04841387991764,0.024006960000001243,1,2
59,0.0,17.849174759999997,-60.770916618772866,18.200005603153247,0.024006960000001243,1,2
59,0.0,18.341317439999997,-60.960403225921894,14.065965427905617,0.012003480000000621,1,1
59,0.0,19.961787239999996,-69.29728513937494,12.62014435906261,0.012003480000000621,1,1
59,0.0,20.02180464,-57.15458367471441,22.89997749527781,0.048013920000002486,2,7
59,0.0,20.2258638,-63.23987419160764,16.514224525254374,0.024006960000001243,1,2
59,0.0,26.91180216,-85.9969614418448,11.327773073446801,0.012003480000000621,1,1
59,0.0,28.12415364,-50.566709324911315,24.40557094787486,0.06001740000000311,1,5
60,0.0,10.022905799999998,-76.78098522494102,16.89218563578997,0.048013920000002486,1,4
60,0.0,10.779125039999998,-47.03055996650492,28.4479510348232,0.06001740000000311,1,5
60,0.0,12.675674879999999,-69.82454068002497,10.49326621350464,0.012003480000000621,1,1
60,0.0,12.831720119999998,-66.2121276185548,11.79114778467557,0.036010440000001864,1,3
60,0.0,13.287852359999999,-61.683078788558376,13.675641789623898,0.024006960000001243,1,2
60,0.0,13.65996024,-50.7784361782529,14.407985919475871,0.024006960000001243,1,2
60,0.0,13.7439846,-52.43281043971359,14.9650126952336,0.024006960000001243,1,2
60,0.0,15.280430039999999,-54.80233127765632,21.411273362857308,0.09602784000000497,3,12
60,0.0,16.768861559999998,-60.98801630034626,19.147275605362506,0.024006960000001243,1,2
60,0.0,16.9849242,-57.718397378408895,16.25945467946187,0.048013920000002486,2,5
60,0.0,17.12896596,-64.48406898634416,9.493783071526618,0.012003480000000621,1,1
60,0.0,17.393042519999998,-68.10474520337947,12.512115669580432,0.036010440000001864,1,3
60,0.0,18.22128264,-64.85014830620929,20.104457322343038,0.06001740000000311,1,5
60,0.0,18.749435759999997,-58.269546559076076,23.035929561798998,0.048013920000002486,2,4
60,0.0,19.48164804,-76.84164008263771,9.457193470112674,0.012003480000000621,1,1
60,0.0,20.5859682,-62.60980106843391,18.599144572677517,0.036010440000001864,1,3
60,0.0,21.246159599999995,-78.27578269074033,10.416330813624397,0.012003480000000621,1,1
60,0.0,22.746594599999998,-84.07706880110611,9.567711941926476,0.012003480000000621,1,1
60,0.0,24.91922448,-80.09516867914081,10.965026295416944,0.012003480000000621,1,1
60,0.0,24.943231439999998,-65.2155195005495,26.133235603673203,0.06001740000000311,1,5
60,0.0,26.02354464,-81.3527009044074,15.229825285824965,0.036010440000001864,1,3
60,0.0,27.29591352,-80.99055891553391,14.907773055037609,0.036010440000001864,1,3
60,0.0,28.3282128,-54.97875618811983,24.39118835997916,0.06001740000000311,1,5
61,0.0,11.21125032,-60.826306878222155,13.649219350084074,0.06001740000000311,1,5
61,0.0,11.919455639999999,-65.51281211078715,12.296768501243411,0.09602784000000497,1,8
61,0.0,12.231546119999999,-63.61893623655244,18.23855735522049,0.036010440000001864,1,3
61,0.0,12.603653999999999,-64.3776751759585,20.879570545938893,0.036010440000001864,1,3
61,0.0,13.924036799999998,-64.53273897826558,10.783522371030909,0.012003480000000621,1,1
61,0.0,14.020064639999998,-58.28580324493587,19.704885770952295,0.08402436000000435,2,7
61,0.0,14.560221239999999,-51.24952492777288,21.784369317498967,0.048013920000002486,1,4
61,0.0,14.60823516,-62.19578396089933,12.47781280656644,0.012003480000000621,1,1
61,0.0,14.98034304,-58.370283752083196,18.39202325959551,0.036010440000001864,1,3
61,0.0,15.652537919999999,-71.62734463537903,10.153351393714715,0.012003480000000621,1,1
61,0.0,17.2850112,-57.40899876273558,15.882862731523968,0.024006960000001243,1,2
61,0.0,17.357032079999996,-63.382953519054716,10.58566223892268,0.024006960000001243,2,3
61,0.0,17.8851852,-59.44561305800444,18.135738903133497,0.024006960000001243,1,2
61,0.0,19.589679359999998,-65.57011831312305,11.843041784542335,0.012003480000000621,1,1
61,0.0,20.249870759999997,-59.60721492903388,19.095982350114998,0.048013920000002486,1,4
61,0.0,22.31446932,-62.026180098669215,22.757007880388052,0.024006960000001243,1,2
61,0.0,22.6865772,-66.2818063977738,18.3217107877494,0.024006960000001243,1,2
61,0.0,24.07898088,-77.75013295937838,12.157813944795206,0.024006960000001243,1,2
61,0.0,27.379937879999996,-71.01994021807867,19.66987140891925,0.024006960000001243,1,2
61,0.0,29.20446684,-73.80407468007897,17.45035849141889,0.036010440000001864,1,3
62,0.0,11.403305999999999,-52.66032834671596,21.91151600856194,0.06001740000000311,2,6
62,0.0,13.035779279999998,-53.95314908900165,22.183975445596424,0.036010440000001864,1,3
62,0.0,13.804001999999999,-55.247899767030916,19.870816553464664,0.024006960000001243,1,2
62,0.0,14.332155119999998,-57.11999596122653,13.943070502752681,0.024006960000001243,2,2
62,0.0,14.75227692,-62.56749561867292,14.422868227562947,0.036010440000001864,2,4
62,0.0,15.71255532,-67.78820288835705,13.816253125400825,0.024006960000001243,1,2
62,0.0,16.480778039999997,-58.60062281321201,14.391715217779787,0.024006960000001243,1,2
62,0.0,16.60081284,-59.91921501542323,15.032848035833087,0.024006960000001243,1,2
62,0.0,17.176979879999998,-63.206718977470324,14.39197320878781,0.024006960000001243,1,2
62,0.0,17.801160839999998,-63.67118701049573,17.118397141098164,0.048013920000002486,1,4
62,0.0,18.16126524,-61.174027565914926,15.625636564971995,0.036010440000001864,1,3
62,0.0,19.39762368,-56.99315065361479,20.849263246547594,0.024006960000001243,1,2
62,0.0,19.517658479999998,-63.59629202139856,13.2792710084609,0.024006960000001243,1,2
62,0.0,20.105829,-78.7951081392317,9.44787646838654,0.012003480000000621,1,1
62,0.0,20.73000996,-62.31330566897286,27.54900889888856,0.048013920000002486,1,4
62,0.0,24.71516532,-73.78685449586317,19.212282689810632,0.036010440000001864,1,3
62,0.0,29.036418119999997,-69.48375017300907,24.198145578237742,0.06001740000000311,1,5
63,0.0,10.05891624,-59.47096183169105,19.588152146533847,0.08402436000000435,2,7
63,0.0,10.755118079999999,-68.2032012507275,15.746879178622441,0.09602784000000497,2,10
63,0.0,11.13922944,-62.47510253889037,22.41168110906667,0.048013920000002486,1,4
63,0.0,11.5833582,-52.33926864517578,19.4326574730991,0.036010440000001864,1,3
63,0.0,12.375587879999998,-62.69582194699591,16.347534591549998,0.024006960000001243,1,2
63,0.0,12.711685319999999,-58.605649042695276,15.274293704056722,0.06001740000000311,1,5
63,0.0,12.7837062,-53.59611806551237,20.976547897480767,0.048013920000002486,2,5
63,0.0,13.29985584,-55.422240211454444,16.127946691232772,0.048013920000002486,1,4
63,0.0,13.419890639999998,-53.64372433919813,18.466836210883933,0.07202088000000373,3,8
63,0.0,14.50020384,-73.62893993130245,10.152713089170769,0.024006960000001243,1,2
63,0.0,15.592520519999999,-55.35396525712318,17.066634098380796,0.024006960000001243,1,2
63,0.0,16.40875716,-68.51848183355558,10.523619394251977,0.024006960000001243,2,3
63,0.0,17.33302512,-60.0024886558425,13.629256132434213,0.024006960000001243,1,2
63,0.0,18.065237399999997,-64.71641772331816,9.481309399140468,0.012003480000000621,1,1
63,0.0,19.757728079999996,-62.346484379719335,21.47501997584517,0.024006960000001243,1,2
63,0.0,19.841752439999997,-70.96140152783525,13.877516514930136,0.024006960000001243,1,2
63,0.0,21.306176999999998,-62.253734302595745,18.338093785329242,0.024006960000001243,1,2
63,0.0,21.41420832,-60.29570326102104,21.697667268906002,0.07202088000000373,2,6
63,0.0,22.51852848,-87.13849065732383,9.949017679420406,0.012003480000000621,1,1
63,0.0,24.523109639999998,-70.138910663197,21.885075951926712,0.036010440000001864,1,3
64,0.0,10.59907284,-73.81224325640191,13.708361714529438,0.048013920000002486,1,4
64,0.0,11.0432016,-76.17194467384282,10.845134606383809,0.036010440000001864,1,3
64,0.0,11.643375599999999,-61.59100429633121,16.285457585390468,0.024006960000001243,1,2
64,0.0,11.7634104,-68.60062540546726,11.201824331141308,0.012003480000000621,1,1
64,0.0,12.65166792,-53.14612122839988,15.558547817415365,0.036010440000001864,1,3
64,0.0,12.843723599999999,-55.7325769289577,13.063075219378117,0.012003480000000621,1,1
64,0.0,12.867730559999998,-52.8849488424666,15.81972020334864,0.024006960000001243,1,2
64,0.0,14.008061159999999,-55.63336941988922,11.754229737444085,0.012003480000000621,1,1
64,0.0,14.080082039999999,-50.68954412564509,13.887565952226534,0.012003480000000621,1,1
64,0.0,14.416179479999998,-54.18765818702972,14.52546282568073,0.036010440000001864,1,3
64,0.0,15.916614479999998,-56.30136232225194,26.056256833590727,0.12003480000000621,2,12
64,0.0,16.55279892,-61.950372056109366,13.650705875163018,0.012003480000000621,1,1
64,0.0,16.696840679999998,-67.38535676307227,9.825541391363167,0.012003480000000621,1,1
64,0.0,16.99692768,-59.53222060943843,16.989175274047675,0.024006960000001243,1,2
64,0.0,17.09295552,-58.12561737102677,13.85055270175256,0.024006960000001243,1,2
64,0.0,17.8851852,-59.06232327050614,19.230192979532234,0.07202088000000373,1,6
64,0.0,18.149261759999998,-69.57711790678009,10.12562293882423,0.012003480000000621,1,1
64,0.0,18.1852722,-68.97656848170107,12.073725887309807,0.024006960000001243,1,2
64,0.0,18.893477519999998,-69.09721049535706,13.522364058931366,0.012003480000000621,1,1
64,0.0,19.445637599999998,-68.00919491935788,22.454100007489963,0.048013920000002486,1,4
64,0.0,20.14183944,-61.89453569482171,21.061827951703034,0.036010440000001864,1,3
64,0.0,22.07439972,-59.323124499557466,26.848108329932842,0.06001740000000311,1,5
64,0.0,22.12241364,-75.17240203172281,11.4078335795846,0.012003480000000621,1,1
64,0.0,25.687447199999998,-84.18023475892694,9.370739718573551,0.012003480000000621,1,1
65,0.0,10.371006719999999,-73.40249708198567,13.14856260322571,0.036010440000001864,1,3
65,0.0,11.13922944,-56.86828114311585,17.18317923890712,0.024006960000001243,1,2
65,0.0,11.703393,-51.064271223655936,26.66554585117356,0.048013920000002486,1,4
65,0.0,11.991476519999999,-64.03327882132902,10.553488144882461,0.024006960000001243,1,2
65,0.0,12.303567,-63.15576273328885,9.489183550191262,0.012003480000000621,1,1
65,0.0,12.327573959999999,-51.06399577770159,21.58095050577851,0.024006960000001243,1,2
65,0.0,12.3635844,-58.3243955353735,14.32055074810661,0.024006960000001243,1,2
65,0.0,13.179821039999998,-60.34580672590855,14.509268988957496,0.024006960000001243,1,2
65,0.0,14.320151639999999,-54.775604592236476,19.965124784380446,0.024006960000001243,1,2
65,0.0,14.344158599999998,-63.58930104611197,11.151428330504958,0.012003480000000621,1,1
65,0.0,14.920325639999998,-61.46404471270125,16.725669134005358,0.024006960000001243,1,2
65,0.0,25.651436759999996,-67.2873144932216,12.598598902345985,0.024006960000001243,1,2
66,0.0,11.271267719999999,-57.97305557607844,21.806743862729128,0.036010440000001864,1,3
66,0.0,11.571354719999999,-63.258706379404394,11.37348773772208,0.012003480000000621,1,1
66,0.0,12.603653999999999,-55.3752818890188,11.52053814559671,0.024006960000001243,1,2
66,0.0,13.323862799999999,-64.94169029999418,12.029300754416541,0.024006960000001243,1,2
66,0.0,13.479908039999998,-56.42893274090533,18.767653825616815,0.024006960000001243,1,2
66,0.0,13.61194632,-61.09786805399074,15.572706132542105,0.024006960000001243,1,2
66,0.0,13.900029839999998,-54.0578484794804,18.543347457122785,0.08402436000000435,3,12
66,0.0,14.368165559999998,-74.319182148965,10.472885548153796,0.012003480000000621,1,1
66,0.0,15.628530959999999,-53.512885703997924,29.654784233924282,0.06001740000000311,1,5
66,0.0,15.676544879999998,-69.05870150563489,13.73229903113226,0.012003480000000621,1,1
66,0.0,16.912903319999998,-55.367403539925434,18.28901646879628,0.07202088000000373,1,6
66,0.0,17.47706688,-59.544186078822676,13.549710898891226,0.024006960000001243,1,2
66,0.0,17.63311212,-57.841152669047574,15.252744308666326,0.024006960000001243,1,2
66,0.0,18.653407919999996,-67.45404783519649,19.058668814704482,0.048013920000002486,1,4
66,0.0,19.06152624,-61.27274589189189,22.117632426322423,0.08402436000000435,1,7
66,0.0,20.477936879999998,-61.503832300675626,23.70138215398712,0.036010440000001864,1,3
66,0.0,20.89805868,-62.55608302189045,21.52097801045906,0.048013920000002486,1,4
66,0.0,21.606264,-78.94261720040218,11.022301931362886,0.012003480000000621,1,1
66,0.0,21.63027096,-80.20598714022277,9.535506066034738,0.012003480000000621,1,1
66,0.0,21.990375359999998,-73.81473813469171,17.328141484779596,0.036010440000001864,1,3
66,0.0,24.319050479999998,-62.22078891262615,21.39939000716286,0.024006960000001243,1,2
66,0.0,24.343057439999995,-72.59550340926918,11.024675510519828,0.012003480000000621,1,1
66,0.0,25.77147156,-71.07683659218738,26.371687640520804,0.048013920000002486,1,4
66,0.0,25.81948548,-85.38360620843994,12.064918024268252,0.012003480000000621,1,1
67,0.0,10.274978879999999,-59.80061429557182,22.808268057186094,0.09602784000000497,1,8
67,0.0,11.439316439999999,-55.12995178583773,10.99896411137725,0.024006960000001243,1,2
67,0.0,11.679386039999999,-50.51358637445012,14.578429529585438,0.036010440000001864,2,4
67,0.0,13.09579668,-63.02519740643028,19.850904540288276,0.024006960000001243,1,2
67,0.0,14.95633608,-63.55554278111682,17.708740650085968,0.024006960000001243,1,2
67,0.0,16.144680599999997,-56.65753131195545,18.40560192625501,0.07202088000000373,2,7
67,0.0,17.06894856,-66.07477143171509,9.65554433383648,0.012003480000000621,1,1
67,0.0,17.345028599999996,-68.2792965894854,18.92031136185182,0.048013920000002486,1,4
67,0.0,18.56938356,-64.487625954396,23.5546209080006,0.048013920000002486,1,4
67,0.0,20.657989079999997,-71.10088501320547,20.663967299762138,0.036010440000001864,1,3
67,0.0,21.042100439999995,-79.43375164612584,10.490623976676318,0.012003480000000621,1,1
67,0.0,21.090114359999998,-75.3285103281412,14.319789717275256,0.036010440000001864,1,3
67,0.0,24.138998279999996,-65.7137894934873,25.887936144669027,0.06001740000000311,1,5
67,0.0,29.060425079999998,-67.80095437016303,23.78694700863059,0.08402436000000435,3,10
68,0.0,10.91116332,-49.28572285708075,21.68984331883192,0.09602784000000497,2,14
68,0.0,11.967469559999998,-53.07943682849772,19.579215776931495,0.06001740000000311,1,5
68,0.0,13.22783496,-66.82808150118194,11.192769326852448,0.024006960000001243,1,2
68,0.0,13.34786976,-59.509049717099444,18.511801110934954,0.024006960000001243,1,2
68,0.0,13.719977639999998,-73.69196765303455,12.711367401539773,0.036010440000001864,1,3
68,0.0,13.9840542,-70.30717100447407,9.851346152089937,0.024006960000001243,1,2
68,0.0,14.404176,-65.21908625962348,15.022935183842703,0.024006960000001243,1,2
68,0.0,14.60823516,-59.94672462544304,20.068574234684164,0.036010440000001864,1,3
68,0.0,15.16039524,-60.65664299523046,21.255174120872475,0.06001740000000311,2,6
68,0.0,16.57680588,-67.4671851063151,12.559249987305554,0.024006960000001243,1,2
68,0.0,17.2850112,-60.89357954671242,11.887238914406332,0.024006960000001243,1,2
68,0.0,19.01351232,-61.7431631433391,13.160632033688602,0.012003480000000621,1,1
68,0.0,19.49365152,-63.32320089781482,13.917016481151814,0.024006960000001243,1,2
68,0.0,23.80290084,-62.605095997475516,13.194531092091836,0.024006960000001243,1,2
69,0.0,10.55105892,-72.84528319333151,9.49276880488771,0.012003480000000621,1,1
69,0.0,11.3432886,-62.50817142964251,15.817362762077316,0.048013920000002486,1,4
69,0.0,12.25555308,-53.71817062312591,20.095229285095733,0.036010440000001864,1,3
69,0.0,12.303567,-65.79215880715145,10.063224495889482,0.012003480000000621,1,1
69,0.0,12.927747959999998,-68.43374784773141,9.76131005113366,0.012003480000000621,1,1
69,0.0,12.975761879999999,-56.66882459881916,22.189478074679982,0.06001740000000311,1,5
69,0.0,13.035779279999998,-66.19339426590176,12.406370301694405,0.024006960000001243,1,2
69,0.0,13.4438976,-57.91145993017376,17.959064355312453,0.024006960000001243,1,2
69,0.0,14.20011684,-59.00250835337124,17.073974242459784,0.024006960000001243,1,2
69,0.0,14.26013424,-52.44176777421472,24.73184699873716,0.036010440000001864,1,3
69,0.0,15.8445936,-72.40397044980912,10.578271196448059,0.012003480000000621,1,1
69,0.0,15.880604039999998,-56.522931406750665,26.459310239506525,0.024006960000001243,1,2
69,0.0,15.904611,-70.331270264977,12.505635624331497,0.024006960000001243,1,2
69,0.0,16.624819799999997,-54.49364672720283,18.700979711306967,0.036010440000001864,1,3
69,0.0,16.8648894,-56.924030905370074,12.981618938258034,0.024006960000001243,1,2
69,0.0,16.99692768,-54.991989842147305,17.636085543403073,0.024006960000001243,1,2
69,0.0,19.241578439999998,-82.02158487615125,10.866483621029907,0.012003480000000621,1,1
69,0.0,19.745724599999996,-77.4003486989014,12.260526159653079,0.024006960000001243,1,2
69,0.0,20.7660204,-74.78491495663121,14.866059705656774,0.024006960000001243,1,2
69,0.0,22.350479759999995,-70.21770006920987,19.883476718223527,0.024006960000001243,1,2
69,0.0,24.67915488,-67.12157268962625,27.20010785770414,0.06001740000000311,1,5
70,0.0,10.094926679999999,-54.41563831172641,23.63757449831061,0.024006960000001243,1,2
70,0.0,10.28698236,-60.5920646270856,12.790379244327763,0.024006960000001243,1,2
70,0.0,10.79112852,-50.55731420912282,19.09581779319524,0.08402436000000435,1,7
70,0.0,11.199246839999999,-62.35021497022933,12.086977986192588,0.024006960000001243,1,2
70,0.0,11.571354719999999,-50.028722695827845,19.614241509156685,0.036010440000001864,1,3
70,0.0,11.991476519999999,-67.51820699230653,10.035985230859746,0.012003480000000621,1,1
70,0.0,12.843723599999999,-51.931240681441196,28.843733138877916,0.06001740000000311,1,5
70,0.0,12.89173752,-66.64129092263707,12.834436670382736,0.012003480000000621,1,1
70,0.0,13.527921959999999,-61.227725541811424,19.816811774177566,0.06001740000000311,2,6
70,0.0,14.080082039999999,-67.56618033563159,20.7184114646188,0.07202088000000373,1,6
70,0.0,14.404176,-62.54095572670189,22.738431424793035,0.048013920000002486,1,4
70,0.0,15.652537919999999,-66.74734555468342,17.378072634094273,0.06001740000000311,1,5
70,0.0,16.504785,-67.60401052967497,15.286097440019555,0.024006960000001243,1,2
70,0.0,16.900899839999997,-68.33037920391385,10.340801435965956,0.024006960000001243,1,2
70,0.0,16.960917239999997,-68.17266021923139,9.572905923139398,0.012003480000000621,1,1
70,0.0,17.08095204,-62.557253206805285,11.607601988904324,0.012003480000000621,1,1
70,0.0,17.33302512,-56.68294658731096,23.61245400758446,0.036010440000001864,1,3
70,0.0,17.92119564,-66.59111625641589,13.798857085112976,0.036010440000001864,1,3
70,0.0,18.281300039999998,-65.93234520189237,16.30858091380546,0.036010440000001864,1,3
70,0.0,19.589679359999998,-52.968431305758244,23.98210829854566,0.048013920000002486,2,5
70,0.0,19.91377332,-73.57753261604654,11.738941304695336,0.012003480000000621,1,1
70,0.0,21.00609,-58.81553520696371,26.416193227538145,0.06001740000000311,1,5
70,0.0,21.054103919999996,-73.18681136965724,13.634396070094493,0.012003480000000621,1,1
70,0.0,21.714295319999998,-76.31944066333291,10.0770664092623,0.012003480000000621,1,1
70,0.0,21.750305759999996,-75.20662645770724,9.455629978240399,0.012003480000000621,1,1
70,0.0,22.07439972,-61.49621813506063,24.760006091814514,0.06001740000000311,1,5
70,0.0,24.871210559999998,-84.08762621808015,10.114509793041226,0.012003480000000621,1,1
70,0.0,25.663440239999996,-67.97030210053887,23.18809424017459,0.024006960000001243,1,2
71,0.0,11.00719116,-62.04009848278715,13.365131077198765,0.036010440000001864,1,3
71,0.0,11.079212039999998,-67.04387762448181,9.563550050099161,0.012003480000000621,1,1
71,0.0,12.699681839999998,-51.9530613818484,20.78579091459973,0.10803132000000559,1,9
71,0.0,13.395883679999999,-64.88787359142518,14.467399053485789,0.012003480000000621,1,1
71,0.0,13.695970679999999,-51.8575196881909,26.972598723716796,0.08402436000000435,1,7
71,0.0,14.668252559999997,-66.98607762689623,13.334193906065902,0.024006960000001243,1,2
71,0.0,15.244419599999999,-60.817608544436766,21.43554460309361,0.036010440000001864,1,3
71,0.0,15.760569239999999,-67.62986100903407,16.47298088742563,0.036010440000001864,1,3
71,0.0,16.624819799999997,-60.06670085937369,13.550774081033389,0.012003480000000621,1,1
71,0.0,16.840882439999998,-54.62738139078081,16.467316962547,0.024006960000001243,1,2
71,0.0,17.21299032,-57.15741704972861,17.187079583063646,0.024006960000001243,1,2
71,0.0,17.81316432,-60.239231976703195,15.073294062866971,0.024006960000001243,1,2
71,0.0,18.56938356,-57.2027692792888,25.672186908480377,0.06001740000000311,2,8
71,0.0,18.62940096,-67.31627450815633,15.911379133229486,0.024006960000001243,1,2
71,0.0,22.446507599999997,-64.8077126497793,22.267732551104885,0.06001740000000311,2,5
71,0.0,23.082692039999998,-61.63120474714585,21.99830521173256,0.024006960000001243,2,3
71,0.0,25.555408919999998,-66.28733546176167,23.854764382971926,0.048013920000002486,1,4
71,0.0,26.179589879999998,-70.46756270439444,17.627536414720822,0.036010440000001864,1,3
72,0.0,10.923166799999999,-76.70833114180446,10.911349983759333,0.012003480000000621,1,1
72,0.0,11.90745216,-56.94363482863942,26.107387186835552,0.048013920000002486,1,4
72,0.0,12.303567,-54.358375725238766,21.969740318800604,0.10803132000000559,3,10
72,0.0,13.09579668,-55.209732576745665,16.300009267083958,0.06001740000000311,1,5
72,0.0,13.2638454,-57.59691618839719,13.520192263596158,0.012003480000000621,1,1
72,0.0,14.320151639999999,-59.8202267662011,20.47431339749385,0.06001740000000311,1,5
72,0.0,14.716266479999998,-54.40869557464134,18.642524198014105,0.036010440000001864,2,5
72,0.0,14.896318679999998,-56.718087143324986,15.43139215464051,0.048013920000002486,2,6
72,0.0,15.448478759999999,-62.444163045604526,13.247362547612136,0.036010440000001864,1,3
72,0.0,15.832590119999999,-57.12853310734325,19.943059759525845,0.024006960000001243,1,2
72,0.0,16.132677119999997,-58.85941920644785,17.191699843273646,0.024006960000001243,1,2
72,0.0,16.9249068,-58.374686023791455,21.887487105999178,0.06001740000000311,1,5
72,0.0,17.03293812,-67.05851486757122,10.364174497673753,0.012003480000000621,1,1
72,0.0,17.96920956,-56.95693703254175,21.956274500037157,0.07202088000000373,1,6
72,0.0,18.041230439999996,-70.0326051432572,10.148682194277223,0.012003480000000621,1,1
72,0.0,19.085533199999997,-58.871698078221,16.490898463888346,0.024006960000001243,1,2
72,0.0,19.19356452,-59.55686060661269,16.245091053604884,0.024006960000001243,1,2
72,0.0,19.45764108,-58.514303514409306,17.83461843512225,0.036010440000001864,3,4
72,0.0,19.997797679999998,-64.10751183362753,11.63693896786958,0.012003480000000621,1,1
72,0.0,20.21386032,-67.3805948179067,11.27685398976912,0.012003480000000621,1,1
72,0.0,22.83061896,-81.9114712919251,11.505296711592319,0.024006960000001243,1,2
72,0.0,23.274747719999997,-85.57055999788041,9.536096393057026,0.012003480000000621,1,1
72,0.0,23.29875468,-84.28508418197845,10.412729931059758,0.012003480000000621,1,1
72,0.0,25.039259279999996,-64.59602934265908,24.43113027430617,0.048013920000002486,1,4
72,0.0,27.668021399999997,-67.547879110003,15.128157598150215,0.024006960000001243,1,2
73,0.0,11.019194639999998,-53.38773537661772,10.749322465930394,0.012003480000000621,1,1
73,0.0,12.171528719999998,-73.60338378230522,10.88404046435061,0.024006960000001243,1,2
73,0.0,13.9840542,-68.45557254285403,16.776190356290204,0.036010440000001864,1,3
73,0.0,14.044071599999999,-72.4909317303021,12.01156037813245,0.024006960000001243,1,2
73,0.0,15.028356959999998,-72.47634667890901,10.110977054155342,0.012003480000000621,1,1
73,0.0,16.3847502,-66.37219511551595,12.491587591599542,0.012003480000000621,1,1
73,0.0,16.432764119999998,-54.30656438068201,25.14549381323535,0.048013920000002486,1,4
73,0.0,16.75685808,-61.737938016198214,15.766535570139435,0.06001740000000311,1,5
73,0.0,17.83717128,-73.15595718704397,15.826222401980157,0.036010440000001864,1,3
73,0.0,18.41333832,-73.82238113625002,15.525268231351362,0.036010440000001864,1,3
73,0.0,18.70142184,-75.97027708455519,12.529870002017967,0.036010440000001864,1,3
73,0.0,19.25358192,-66.66251004830983,19.685019770552344,0.14404176000000746,2,13
73,0.0,20.15384292,-78.80425605022644,9.55297468844291,0.012003480000000621,1,1
73,0.0,23.358772079999998,-71.3994055591269,19.43104189533684,0.036010440000001864,1,3
73,0.0,24.235026119999997,-79.41616428058809,14.744113461163346,0.012003480000000621,1,1
73,0.0,26.035548119999998,-67.4288648731084,22.353243884374507,0.024006960000001243,1,2
73,0.0,26.083562039999997,-81.10189192783785,10.252452382534653,0.012003480000000621,1,1
73,0.0,26.719746479999998,-79.01656225970794,11.008901775857002,0.012003480000000621,1,1
73,0.0,27.860077079999996,-82.53654483346881,11.225647133661056,0.012003480000000621,1,1
74,0.0,10.21496148,-61.230593839732855,20.811938694932444,0.07202088000000373,1,6
74,0.0,11.103219,-60.78530640967521,23.93028753818563,0.06001740000000311,1,5
74,0.0,11.78741736,-48.682141712625466,27.024152989281582,0.06001740000000311,1,5
74,0.0,11.835431279999998,-65.94165659037093,9.764638111536115,0.012003480000000621,1,1
74,0.0,13.40788716,-54.53982835013781,15.179098965178898,0.036010440000001864,1,3
74,0.0,14.224123799999997,-61.8403241141817,23.1177172359352,0.048013920000002486,1,4
74,0.0,14.620238639999998,-65.5693901490534,15.584146462093544,0.08402436000000435,1,7
74,0.0,15.232416119999998,-62.0166412344944,11.432673075089038,0.024006960000001243,1,2
74,0.0,15.268426559999998,-65.34699365754322,9.909285666032652,0.012003480000000621,1,1
74,0.0,15.544506599999998,-56.38119160832534,18.407187664927115,0.06001740000000311,2,7
74,0.0,16.636823279999998,-64.08100618361698,16.84907400652846,0.036010440000001864,1,3
74,0.0,17.104959,-64.71889504963026,18.71152733834928,0.024006960000001243,1,2
74,0.0,17.72913996,-65.93661986760983,17.89161452271015,0.036010440000001864,1,3
74,0.0,18.065237399999997,-70.11521209681942,13.713022293500572,0.024006960000001243,1,2
74,0.0,18.49736268,-63.6257880226177,23.177279317012257,0.07202088000000373,1,6
74,0.0,18.80945316,-80.09088330163337,10.529559165069573,0.012003480000000621,1,1
74,0.0,21.17413872,-67.83904883210172,22.337707198077084,0.036010440000001864,2,6
74,0.0,22.734591119999997,-64.9732032473352,27.6530842092685,0.08402436000000435,2,12
74,0.0,24.307046999999997,-78.64842182188538,15.608933972792506,0.06001740000000311,1,5
74,0.0,24.751175759999995,-82.02598127958821,12.01573692610454,0.012003480000000621,1,1
74,0.0,26.143579439999996,-73.09841285345819,19.333362191856075,0.036010440000001864,1,3
74,0.0,27.403944839999998,-61.37159483842019,26.909760182123502,0.07202088000000373,2,8
75,0.0,24.595130519999998,-63.168029883999104,9.502989564361888,0.012003480000000621,1,1
76,0.0,10.539055439999998,-59.51595793637438,19.656569848248765,0.024006960000001243,1,2
76,0.0,10.5630624,-58.28333214753826,21.244344601353276,0.07202088000000373,2,6
76,0.0,11.15123292,-53.446829473432786,18.377211456066497,0.036010440000001864,1,3
76,0.0,11.69138952,-51.31200792106418,16.623441026709695,0.024006960000001243,1,2
76,0.0,11.7634104,-55.81182390871363,11.715329682250777,0.024006960000001243,1,2
76,0.0,12.03949044,-49.81609537569322,21.202263329612194,0.036010440000001864,1,3
76,0.0,12.723688799999998,-52.25720013968018,18.817429594092093,0.036010440000001864,1,3
76,0.0,13.023775799999997,-66.70584988270447,10.344685995317679,0.012003480000000621,1,1
76,0.0,14.26013424,-59.65868939469412,11.643567169622385,0.012003480000000621,1,1
76,0.0,14.54821776,-54.0784494859941,18.148047008392844,0.036010440000001864,1,3
76,0.0,15.340447439999998,-63.51093304759365,11.183777122495384,0.024006960000001243,1,2
76,0.0,15.832590119999999,-55.668930031258334,18.682997994088144,0.048013920000002486,1,4
76,0.0,16.228704959999998,-61.63848532551165,13.787933813104733,0.07202088000000373,2,9
76,0.0,16.51678848,-60.913146915996215,11.872607017092685,0.024006960000001243,1,2
76,0.0,16.9249068,-58.30809197028917,17.23620794573386,0.024006960000001243,1,2
76,0.0,17.23699728,-60.88138463905836,15.540926277307591,0.07202088000000373,1,6
76,0.0,18.749435759999997,-73.26722188855155,14.005984969141005,0.024006960000001243,1,2
76,0.0,19.06152624,-68.7950336923136,16.704602327761382,0.036010440000001864,2,4
76,0.0,20.21386032,-72.24413081914703,14.012359104768937,0.06001740000000311,1,5
76,0.0,21.750305759999996,-73.12420313046941,17.852738219465895,0.048013920000002486,2,6
76,0.0,24.51110616,-82.57018831470467,10.276427638914532,0.024006960000001243,1,2
76,0.0,25.71145416,-83.84873025003729,9.795775787954014,0.024006960000001243,1,2
77,0.0,11.05520508,-54.285253604126595,23.215713243789722,0.024006960000001243,1,2
77,0.0,11.271267719999999,-59.003605979441964,16.49099892104196,0.024006960000001243,1,2
77,0.0,11.81142432,-64.28187823774783,16.81664870300867,0.048013920000002486,1,4
77,0.0,12.2435496,-62.66288343689041,10.521236815517865,0.012003480000000621,1,1
77,0.0,12.31557048,-54.98928635119218,14.13625844396607,0.012003480000000621,1,1
77,0.0,12.50762616,-53.16355428825317,10.560317916985746,0.012003480000000621,1,1
77,0.0,12.55564008,-51.21405544032229,14.564315223360172,0.024006960000001243,1,2
77,0.0,12.57964704,-57.53509652980426,9.436766194050087,0.012003480000000621,1,1
77,0.0,13.431894119999999,-54.7712838593986,13.143003906025008,0.06001740000000311,2,6
77,0.0,13.731981119999999,-54.18283352804721,20.982005369118117,0.06001740000000311,1,5
77,0.0,14.05607508,-56.47806036359111,17.83880029953875,0.06001740000000311,2,5
77,0.0,14.620238639999998,-53.782235065946935,18.14932618410375,0.06001740000000311,1,5
77,0.0,14.692259519999999,-65.68486591030012,9.732408351035126,0.012003480000000621,1,1
77,0.0,15.73656228,-64.96108587197227,13.894788885324767,0.024006960000001243,1,2
77,0.0,16.9849242,-73.80746681736072,11.010932669445205,0.012003480000000621,1,1
77,0.0,17.42905296,-58.16645749299354,21.15590867583476,0.07202088000000373,1,6
77,0.0,18.22128264,-79.7014923479311,9.601278762859277,0.012003480000000621,1,1
77,0.0,19.13354712,-61.23369841205009,20.570883418544224,0.024006960000001243,2,4
77,0.0,19.301595839999997,-65.30250553269028,13.602342217957709,0.024006960000001243,1,2
77,0.0,19.6857072,-61.199517718009744,17.55018839162149,0.06001740000000311,1,5
77,0.0,20.15384292,-53.92710178614379,23.39001820288631,0.048013920000002486,1,4
77,0.0,20.177849879999997,-65.48236742509825,10.034124185443048,0.012003480000000621,1,1
77,0.0,20.850044759999996,-81.5802366233938,9.361640230139564,0.012003480000000621,1,1
77,0.0,20.91006216,-81.3436299730941,10.445182936062912,0.024006960000001243,1,2
77,0.0,24.583127039999997,-83.22481941762555,9.571097350813183,0.012003480000000621,1,1
77,0.0,25.59141936,-68.33059670380958,21.298899090151217,0.06001740000000311,1,5
77,0.0,26.81577432,-83.68448453332292,9.801492770648094,0.024006960000001243,1,2
77,0.0,28.076139719999997,-77.64626039939614,15.554517698489473,0.06001740000000311,1,5
78,0.0,10.647086759999999,-56.99400344675392,19.894597682854645,0.048013920000002486,1,4
78,0.0,11.199246839999999,-50.938731922413595,17.49071339227214,0.024006960000001243,1,2
78,0.0,13.119803639999999,-58.93825867461739,16.947972232340454,0.024006960000001243,1,2
78,0.0,13.155814079999999,-54.35295832458854,21.533272582369296,0.048013920000002486,1,4
78,0.0,13.828008959999998,-52.26578402494667,18.767255455432903,0.048013920000002486,1,4
78,0.0,14.1641064,-61.39633582634387,13.95527455679222,0.024006960000001243,1,2
78,0.0,15.148391759999999,-56.843824151775934,18.16591008470261,0.048013920000002486,1,4
78,0.0,15.544506599999998,-57.30672588357518,20.11048478335104,0.09602784000000497,2,8
78,0.0,15.880604039999998,-69.0337142348724,9.84538863520733,0.012003480000000621,1,1
78,0.0,17.05694508,-56.886207042683274,20.45312268556893,0.048013920000002486,2,6
78,0.0,17.116962479999998,-66.71718442934814,9.422292715830148,0.012003480000000621,1,1
78,0.0,17.26100424,-64.48791202188708,13.855523372099272,0.012003480000000621,1,1
78,0.0,17.705133,-63.64095674859844,13.507051221159834,0.012003480000000621,1,1
78,0.0,17.95720608,-62.99495895222822,13.313508388981514,0.012003480000000621,1,1
78,0.0,18.341317439999997,-56.8760362921297,21.469671952214746,0.048013920000002486,1,4
78,0.0,20.36990556,-61.14913212290742,22.652354175551107,0.048013920000002486,1,4
78,0.0,21.37819788,-68.21938166036178,13.82018545637711,0.036010440000001864,1,3
78,0.0,21.498232679999997,-61.182587224230495,21.926304250610773,0.036010440000001864,1,3
78,0.0,22.458511079999997,-64.70384995666574,18.822051960595104,0.024006960000001243,1,2
78,0.0,26.11957248,-66.94535490777774,19.12968150706613,0.07202088000000373,2,9
79,0.0,10.419020639999998,-69.93496456110758,11.244158813508696,0.12003480000000621,2,10
79,0.0,11.319281639999998,-59.988284663823315,21.99880107827262,0.048013920000002486,2,7
79,0.0,12.387591359999998,-58.59117255087736,11.769467224809349,0.012003480000000621,1,1
79,0.0,12.74769576,-51.80383439063896,23.76322376410343,0.08402436000000435,1,7
79,0.0,14.224123799999997,-61.54643572431196,19.059538774714426,0.09602784000000497,1,8
79,0.0,14.65624908,-68.02567325125219,14.833041513829784,0.024006960000001243,1,2
79,0.0,14.704263,-69.09686577361424,14.696668599796379,0.024006960000001243,1,2
79,0.0,16.61281632,-64.9661235179968,12.617716488462907,0.024006960000001243,1,2
79,0.0,17.21299032,-56.61587047734607,20.960060977032974,0.048013920000002486,1,4
79,0.0,17.8851852,-56.60302029127398,22.398694121197554,0.06001740000000311,1,5
79,0.0,17.93319912,-69.06928712010402,9.932427292367512,0.012003480000000621,1,1
79,0.0,18.665411399999996,-60.20140301493961,20.00498870538326,0.024006960000001243,1,2
79,0.0,18.91748448,-58.81774780486416,17.046594946770757,0.024006960000001243,1,2
79,0.0,18.941491439999997,-68.6176164742496,9.72058002606418,0.012003480000000621,1,1
79,0.0,19.40962716,-59.967945508648164,14.59662775981185,0.024006960000001243,1,2
79,0.0,19.445637599999998,-60.27928283300811,14.210037457744491,0.024006960000001243,1,2
79,0.0,19.67370372,-61.873652039293916,11.752780879367394,0.024006960000001243,1,2
79,0.0,20.77802388,-63.18445965958047,15.849611116900936,0.048013920000002486,2,4
79,0.0,28.59228936,-83.47065294686746,11.979441647091724,0.024006960000001243,1,2
80,0.0,10.65909024,-68.75923960371738,14.757162937285884,0.036010440000001864,1,3
80,0.0,11.69138952,-64.1852028202775,19.909545330151207,0.048013920000002486,1,4
80,0.0,12.471615719999999,-67.29111305957522,19.29884395845319,0.06001740000000311,1,5
80,0.0,13.33586628,-59.01539359668642,25.63604895455898,0.09602784000000497,1,8
80,0.0,13.8640194,-60.898563306937056,11.790731404360233,0.012003480000000621,1,1
80,0.0,13.99605768,-55.09268273733796,15.91118912299843,0.024006960000001243,1,2
80,0.0,14.116092479999997,-53.903663963036514,17.40201285776357,0.024006960000001243,1,2
80,0.0,14.54821776,-67.81231514032848,9.73906722660466,0.012003480000000621,1,1
80,0.0,15.424471799999997,-56.411673702105475,20.955294082022537,0.024006960000001243,1,2
80,0.0,15.448478759999999,-67.09919951477735,9.504201065818654,0.012003480000000621,1,1
80,0.0,15.904611,-59.65508890740146,19.730956192854865,0.024006960000001243,1,2
80,0.0,16.57680588,-65.50170987178285,14.212852941871333,0.024006960000001243,1,2
80,0.0,16.8648894,-63.809080428514804,15.247617889975798,0.024006960000001243,1,2
80,0.0,17.42905296,-71.27596706777129,12.652235143894972,0.024006960000001243,1,2
80,0.0,17.74114344,-59.177564200102864,24.831481609372563,0.07202088000000373,1,6
80,0.0,17.801160839999998,-69.81443424391392,13.06647311190812,0.024006960000001243,1,2
80,0.0,18.08924436,-58.30473681540175,24.079979414391946,0.024006960000001243,1,2
80,0.0,18.11325132,-72.52879397132682,9.855922258466883,0.012003480000000621,1,1
80,0.0,18.257293079999997,-65.24909505656142,11.929393633437591,0.024006960000001243,1,2
80,0.0,19.90176984,-68.31135899005014,11.1155667750599,0.012003480000000621,1,1
80,0.0,20.15384292,-63.93215227509779,18.340616794365957,0.024006960000001243,1,2
80,0.0,20.48994036,-58.89737437970888,21.336747660276863,0.048013920000002486,1,4
80,0.0,20.597971679999997,-64.3350627536657,15.305000617047993,0.024006960000001243,1,2
80,0.0,25.507395,-67.41505141930571,23.747766092488405,0.07202088000000373,2,7
80,0.0,29.432532959999996,-73.18535545294947,22.03448201261079,0.036010440000001864,1,3
81,0.0,10.59907284,-67.56498440938053,14.747340575683054,0.048013920000002486,1,4
81,0.0,11.403305999999999,-65.37271539608591,12.90428680174647,0.036010440000001864,1,3
81,0.0,12.075500879999998,-69.7407842191963,10.365410001703683,0.012003480000000621,1,1
81,0.0,12.09950784,-70.63326475625362,9.472929464646352,0.012003480000000621,1,1
81,0.0,12.55564008,-69.23859096682435,18.463754636211714,0.048013920000002486,1,4
81,0.0,13.01177232,-58.323260924341156,23.673717371604578,0.06001740000000311,1,5
81,0.0,13.791998519999998,-56.40136775687515,16.02456413751108,0.024006960000001243,1,2
81,0.0,14.20011684,-59.04278063942422,16.52821314057825,0.024006960000001243,1,2
81,0.0,14.800290839999999,-54.29206311004688,21.34532678294825,0.024006960000001243,1,2
81,0.0,14.824297799999998,-65.7904362426674,11.71913692393342,0.012003480000000621,1,1
81,0.0,14.872311719999999,-57.8350962672107,19.674476899390108,0.036010440000001864,1,3
81,0.0,16.504785,-64.13246962814965,14.689294258521082,0.024006960000001243,1,2
81,0.0,16.7448546,-59.22875354175421,21.12250564445754,0.048013920000002486,2,6
81,0.0,18.17326872,-57.712832866547714,29.04504982197134,0.06001740000000311,1,5
81,0.0,18.22128264,-74.26599966246428,12.491883026054772,0.012003480000000621,1,1
81,0.0,18.869470559999996,-71.75948035431212,12.318925437117592,0.012003480000000621,1,1
81,0.0,18.893477519999998,-60.81030060823715,23.620532885657447,0.024006960000001243,1,2
81,0.0,20.249870759999997,-77.41121949524563,14.033473941684104,0.036010440000001864,1,3
81,0.0,21.066107399999996,-58.47536561231686,26.26006433918947,0.048013920000002486,1,4
81,0.0,21.4262118,-76.14514349577891,13.583483295071366,0.024006960000001243,1,2
81,0.0,22.734591119999997,-88.39531649400725,9.483608820497048,0.012003480000000621,1,1
81,0.0,24.343057439999995,-85.19167907349237,11.57280404315844,0.012003480000000621,1,1
81,0.0,26.059555079999996,-78.5072909941704,15.66338852839079,0.048013920000002486,1,4
81,0.0,29.49255036,-85.69329249481946,9.918813753035051,0.024006960000001243,1,2
82,0.0,10.07091972,-56.56364990590784,18.77967732430459,0.036010440000001864,1,3
82,0.0,10.39501368,-54.76653635861603,23.28020089628504,0.036010440000001864,1,3
82,0.0,10.443027599999999,-69.17615523634431,9.601433850347451,0.012003480000000621,1,1
82,0.0,10.69510068,-69.47699592798428,9.449671994586684,0.012003480000000621,1,1
82,0.0,11.091215519999999,-69.21036258188634,10.81388896852343,0.012003480000000621,1,1
82,0.0,11.11522248,-69.252527337658,10.771724212751772,0.012003480000000621,1,1
82,0.0,11.679386039999999,-51.646562894121644,19.639600865193852,0.08402436000000435,2,11
82,0.0,12.61565748,-56.174727799041655,18.572149601907206,0.024006960000001243,1,2
82,0.0,13.671963719999999,-55.84368950318526,19.92579240072565,0.08402436000000435,1,7
82,0.0,14.65624908,-60.04276812040416,17.351491338414338,0.10803132000000559,1,9
82,0.0,15.988635359999998,-59.85183401647114,16.504978329351474,0.048013920000002486,1,4
83,0.0,10.1429406,-67.9453700444578,10.142959481962828,0.024006960000001243,1,2
83,0.0,10.575065879999999,-48.72403755673477,28.441367315563888,0.06001740000000311,2,8
83,0.0,10.623079799999998,-63.860903575984224,12.369280728175184,0.012003480000000621,1,1
83,0.0,11.7634104,-68.78804342281525,10.531727971114364,0.012003480000000621,1,1
83,0.0,12.171528719999998,-59.173319223609724,15.553544528867016,0.024006960000001243,1,2
83,0.0,12.387591359999998,-55.78527701607864,10.684416073937289,0.024006960000001243,1,2
83,0.0,12.5436366,-55.3883274835496,12.191352466991122,0.012003480000000621,1,1
83,0.0,14.356162079999999,-68.7187760675561,13.088747752368802,0.024006960000001243,1,2
83,0.0,15.220412639999997,-55.75818702438696,16.874389281782584,0.036010440000001864,1,3
83,0.0,16.636823279999998,-59.860452129479384,16.000493948956414,0.024006960000001243,1,2
83,0.0,16.81687548,-61.25993087094582,14.435478500974835,0.024006960000001243,1,2
83,0.0,18.053233919999997,-66.11401954904579,18.923781555131157,0.08402436000000435,1,7
83,0.0,18.40133484,-72.65043497005456,16.115501056588005,0.024006960000001243,1,2
83,0.0,18.449348759999996,-77.04758279302905,14.348257502412077,0.036010440000001864,1,3
83,0.0,19.097536679999997,-61.26143906898548,17.740998845894786,0.024006960000001243,1,2
83,0.0,19.66170024,-67.04107081965519,15.318495403679307,0.036010440000001864,1,3
83,0.0,19.961787239999996,-63.877179519150864,17.863499664240262,0.036010440000001864,1,3
83,0.0,20.862048239999996,-71.95496611297642,14.347735776769117,0.024006960000001243,1,2
83,0.0,21.750305759999996,-80.50826992368398,10.47182503041685,0.024006960000001243,1,2
83,0.0,23.5268208,-71.85108310801043,21.523686928985914,0.048013920000002486,1,4
83,0.0,29.09643552,-69.67474075422456,20.17976179028835,0.06001740000000311,1,5
84,0.0,11.15123292,-53.84922624236417,29.54405319290821,0.08402436000000435,1,7
84,0.0,11.535344279999999,-69.62126020134708,15.82256205502798,0.048013920000002486,1,4
84,0.0,13.816005479999998,-59.75377496662262,19.01142997655292,0.06001740000000311,2,5
84,0.0,14.440186439999998,-68.95893726756319,11.84481992853518,0.036010440000001864,1,3
84,0.0,14.788287359999998,-53.885270182239864,27.103286173168645,0.06001740000000311,1,5
84,0.0,14.836301279999999,-69.49739685756002,9.945665510528649,0.012003480000000621,1,1
84,0.0,15.46048224,-71.27265413500395,9.600393422269619,0.012003480000000621,1,1
84,0.0,16.04865276,-69.25267010818212,10.63175034829763,0.024006960000001243,1,2
84,0.0,16.216701479999998,-64.99762952764543,16.47492525354792,0.036010440000001864,1,3
84,0.0,16.75685808,-64.1844966934726,21.24123499515401,0.024006960000001243,1,2
84,0.0,17.104959,-66.87377316652925,11.686078086599128,0.012003480000000621,1,1
84,0.0,17.12896596,-64.53164812953929,15.611184795730884,0.06001740000000311,1,5
84,0.0,17.381039039999997,-61.586782756196826,15.843255045740497,0.024006960000001243,1,2
84,0.0,17.801160839999998,-63.93585344419332,22.654659112697484,0.048013920000002486,1,4
84,0.0,18.53337312,-72.35782416600688,20.026942359185476,0.048013920000002486,1,4
84,0.0,19.22957496,-75.0455906744041,13.978045616869078,0.036010440000001864,1,3
84,0.0,19.72171764,-75.03598302041888,11.532259766982252,0.024006960000001243,1,2
84,0.0,20.2858812,-78.62242543364789,10.537219073156283,0.024006960000001243,1,2
84,0.0,20.62197864,-71.52023319412305,16.625894251642524,0.024006960000001243,1,2
84,0.0,21.054103919999996,-80.92620747114253,9.886705314512529,0.012003480000000621,1,1
84,0.0,23.634852119999998,-72.38417964700217,23.626395619706084,0.048013920000002486,1,4
84,0.0,29.180459879999997,-69.39072799297281,20.420274252816103,0.048013920000002486,1,4
84,0.0,29.2284738,-81.1998836870731,10.056462048002647,0.012003480000000621,1,1
85,0.0,12.195535679999999,-61.23016911530239,12.857687037573891,0.024006960000001243,1,2
85,0.0,12.399594839999999,-56.38456489681526,16.627236072112556,0.036010440000001864,1,3
85,0.0,12.903741,-52.8654412883687,19.513793685042895,0.09602784000000497,4,15
85,0.0,13.575935879999998,-58.906278603032185,18.37015480483464,0.024006960000001243,1,2
85,0.0,14.53621428,-53.91387300746417,23.305496763453228,0.036010440000001864,1,3
85,0.0,14.872311719999999,-55.06516242641584,21.766202577292336,0.08402436000000435,2,8
85,0.0,15.364454399999998,-54.07619147015637,16.697375851559155,0.024006960000001243,1,2
85,0.0,15.50849616,-57.65924545023914,13.140097709940633,0.024006960000001243,1,2
85,0.0,16.16868756,-67.54339121607421,10.726801215719908,0.012003480000000621,1,1
85,0.0,16.79286852,-57.9427919128654,15.677350040000963,0.036010440000001864,1,3
85,0.0,20.345898599999998,-66.214360953081,12.232146723075825,0.024006960000001243,1,2
85,0.0,21.59426052,-59.35588369592555,17.123742637262133,0.024006960000001243,1,2
86,0.0,10.130937119999999,-68.97142988600903,10.975603548409513,0.012003480000000621,1,1
86,0.0,11.391302519999998,-57.07348121746715,13.087483886256472,0.024006960000001243,1,2
86,0.0,11.55935124,-53.78432164038056,17.205705527772363,0.048013920000002486,1,4
86,0.0,12.45961224,-51.93669737101821,22.343479957530672,0.048013920000002486,1,4
86,0.0,12.9637584,-58.14360291664045,15.397398323492856,0.048013920000002486,1,4
86,0.0,13.9840542,-64.69118349337721,10.17017144793469,0.012003480000000621,1,1
86,0.0,15.124384799999998,-56.44204348851225,16.576010171400277,0.024006960000001243,1,2
86,0.0,15.916614479999998,-57.51827227930035,16.10922533631309,0.024006960000001243,1,2
86,0.0,16.468774559999996,-60.36556648365205,12.630300115754451,0.012003480000000621,1,1
86,0.0,16.672833719999996,-62.51471340731287,11.517443072841392,0.024006960000001243,1,2
86,0.0,16.99692768,-56.49982194668847,16.226791558421933,0.048013920000002486,1,4
86,0.0,17.405046,-61.695672206489796,11.009900841610618,0.024006960000001243,2,2
86,0.0,17.60910516,-63.35455410892584,9.776541308381312,0.012003480000000621,1,1
86,0.0,17.74114344,-65.01163366417055,11.454032452751846,0.012003480000000621,1,1
86,0.0,18.065237399999997,-64.05588702126602,14.2059252761219,0.024006960000001243,1,2
86,0.0,19.517658479999998,-75.9740039282289,15.273249447770223,0.036010440000001864,1,3
86,0.0,20.91006216,-57.50247548204349,25.100323521862787,0.048013920000002486,1,4
86,0.0,22.398493679999998,-73.24431022142389,22.48920578974357,0.06001740000000311,1,5
87,0.0,10.671093719999998,-58.14939225997226,14.065857410409286,0.048013920000002486,2,5
87,0.0,11.031198119999999,-59.77889487480107,17.029163002045873,0.036010440000001864,1,3
87,0.0,11.11522248,-54.434374390340636,18.717299861813476,0.036010440000001864,1,3
87,0.0,11.69138952,-53.080310077006665,19.553450706658747,0.036010440000001864,1,3
87,0.0,11.775413879999999,-54.71945095497611,17.91430982868929,0.048013920000002486,2,5
87,0.0,13.479908039999998,-53.34400929928918,19.411596763918176,0.024006960000001243,1,2
87,0.0,14.104089,-54.38835051059368,21.04316265104061,0.07202088000000373,1,6
87,0.0,14.908322159999999,-57.680989300304255,18.899247974395767,0.048013920000002486,1,4
87,0.0,15.172398719999999,-62.829761738782246,12.72340486668313,0.012003480000000621,1,1
87,0.0,15.208409159999999,-64.05314152900178,14.649005933476701,0.024006960000001243,1,2
87,0.0,15.73656228,-68.77379799899083,10.272050729838549,0.012003480000000621,1,1
87,0.0,16.0246458,-52.9766638290173,24.09061291255746,0.048013920000002486,1,4
87,0.0,16.504785,-54.61066588907893,20.251261971324716,0.024006960000001243,1,2
87,0.0,16.636823279999998,-60.84305292796468,9.54275904939278,0.012003480000000621,1,1
87,0.0,17.357032079999996,-59.6237168427257,15.792964561531356,0.012003480000000621,1,1
87,0.0,17.71713648,-56.508840310754714,16.231203716483588,0.024006960000001243,1,2
87,0.0,17.90919216,-64.84093306539123,13.837449468692606,0.012003480000000621,1,1
87,0.0,18.641404439999995,-59.24010592477429,18.92873108192523,0.048013920000002486,2,4
87,0.0,19.301595839999997,-75.0800940728086,11.119831399837675,0.012003480000000621,1,1
87,0.0,19.361613239999997,-76.94066054017655,9.931812393079102,0.012003480000000621,1,1
87,0.0,19.949783759999995,-67.99715563013157,21.56772592725295,0.07202088000000373,1,6
87,0.0,22.29046236,-68.02867487352229,24.222541143337452,0.06001740000000311,1,5
87,0.0,25.15929408,-73.37032474211739,19.517159486196388,0.048013920000002486,1,4
87,0.0,27.139868279999995,-72.34232046988606,21.953029022766344,0.048013920000002486,1,4
87,0.0,28.964397239999997,-84.36690062586132,12.123812959141771,0.012003480000000621,1,1
87,0.0,28.988404199999998,-84.96647901543034,11.386454034241371,0.012003480000000621,1,1
88,0.0,13.203828,-52.860318732358465,23.044958680312266,0.10803132000000559,3,11
88,0.0,13.912033319999999,-72.84931477679893,11.334771972887577,0.08402436000000435,1,7
88,0.0,14.284141199999999,-61.05280314882287,24.70087040661533,0.07202088000000373,1,6
88,0.0,15.340447439999998,-64.22841851443167,15.590763182592402,0.024006960000001243,1,2
88,0.0,16.09666668,-55.800284039511155,18.312997821308315,0.024006960000001243,1,2
88,0.0,16.156684079999998,-56.921392959475625,19.018349376436333,0.036010440000001864,1,3
88,0.0,17.00893116,-57.24350456776605,19.66527683883737,0.048013920000002486,1,4
88,0.0,17.21299032,-66.40748336412551,12.533270068956943,0.024006960000001243,1,2
88,0.0,18.53337312,-61.457847230584676,23.83387325110723,0.048013920000002486,1,4
88,0.0,20.069818559999998,-62.6008557219415,17.837439917607178,0.036010440000001864,1,3
88,0.0,20.21386032,-65.3541729742357,14.954337155408231,0.036010440000001864,3,4
88,0.0,26.47967688,-81.90341965608083,11.36173962685323,0.024006960000001243,1,2
88,0.0,26.983823039999997,-69.17662824507414,19.653495949880877,0.024006960000001243,1,2
89,0.0,11.607365159999999,-59.9674778966756,15.145056462050071,0.024006960000001243,1,2
89,0.0,12.075500879999998,-60.00199088223234,13.525762997739326,0.012003480000000621,1,1
89,0.0,12.9637584,-60.344134226685526,12.311402781783283,0.012003480000000621,1,1
89,0.0,13.29985584,-53.049685219824624,24.18529576138434,0.10803132000000559,3,9
89,0.0,13.791998519999998,-54.888872368920225,19.38050505478075,0.07202088000000373,2,9
89,0.0,14.176109879999998,-58.584314826887,14.3772103991445,0.012003480000000621,1,1
89,0.0,14.21212032,-62.21926263605727,9.476187462536538,0.012003480000000621,1,1
89,0.0,15.784576199999998,-55.69366724010376,17.206952668115502,0.024006960000001243,1,2
89,0.0,15.8445936,-58.71326151681899,15.327602007033825,0.024006960000001243,1,2
89,0.0,15.904611,-62.341365006806974,14.862408108523494,0.024006960000001243,1,2
89,0.0,16.61281632,-62.14921071897159,10.622917753938408,0.012003480000000621,1,1
89,0.0,17.116962479999998,-61.293749210124524,16.614521846387916,0.024006960000001243,1,2
89,0.0,18.041230439999996,-64.68265068400055,15.962913474908397,0.024006960000001243,1,2
89,0.0,18.1252548,-70.11167385178383,12.522800095406488,0.024006960000001243,1,2
89,0.0,18.737432279999997,-65.46515657527151,17.26272698220885,0.024006960000001243,1,2
89,0.0,19.517658479999998,-63.84236661790757,15.819911827387926,0.036010440000001864,1,3
90,0.0,10.55105892,-78.60246846445297,14.035168587927194,0.06001740000000311,1,5
90,0.0,11.37929904,-56.90653292829241,19.921724056853307,0.06001740000000311,2,5
90,0.0,11.835431279999998,-51.84312360471533,16.127030543376883,0.024006960000001243,1,2
90,0.0,12.09950784,-61.80449284912318,11.94809091408732,0.012003480000000621,1,1
90,0.0,12.123514799999999,-63.18946351389759,10.675493821433808,0.012003480000000621,1,1
90,0.0,12.89173752,-57.68505229365755,20.716348093682036,0.07202088000000373,1,6
90,0.0,14.080082039999999,-53.47649707872522,24.65284459509775,0.036010440000001864,1,3
90,0.0,14.128095959999998,-68.01588814473105,10.113453529091917,0.012003480000000621,1,1
90,0.0,14.476196879999998,-67.39858272259481,16.504727848614717,0.036010440000001864,1,3
90,0.0,14.524210799999999,-67.0918950021996,16.9746512272513,0.048013920000002486,1,4
90,0.0,14.896318679999998,-73.68516399705695,12.767359698142815,0.048013920000002486,1,4
90,0.0,15.352450919999999,-64.95655058672544,13.610857676482853,0.024006960000001243,1,2
90,0.0,16.156684079999998,-62.55844459524171,14.820415867077784,0.036010440000001864,2,3
90,0.0,16.276718879999997,-61.52001292069379,11.336315266006025,0.012003480000000621,1,1
90,0.0,16.54079544,-55.109252995475515,18.708266851069514,0.06001740000000311,1,5
90,0.0,16.9849242,-60.50656531059144,14.943699205067198,0.024006960000001243,1,2
90,0.0,17.06894856,-61.50116348045793,13.949101035200709,0.024006960000001243,1,2
90,0.0,17.71713648,-69.53499595464385,11.67107210062172,0.012003480000000621,1,1
90,0.0,17.777153879999997,-57.047715756397494,24.507290011394886,0.048013920000002486,1,4
90,0.0,18.32931396,-63.66871307076441,13.38130172446167,0.024006960000001243,1,2
90,0.0,19.781735039999997,-79.13024099728688,11.069160769881988,0.012003480000000621,1,1
90,0.0,20.549957759999998,-60.0966484461027,23.352924959471977,0.024006960000001243,1,2
90,0.0,20.57396472,-72.6606459953961,10.644308535814655,0.012003480000000621,1,1
90,0.0,22.386490199999997,-75.0278508100281,19.56464647076547,0.07202088000000373,1,6
90,0.0,28.028125799999998,-86.47962780489533,10.722750079460724,0.012003480000000621,1,1
90,0.0,29.372515559999997,-79.76366648002445,19.40477058635642,0.06001740000000311,1,5
91,0.0,10.40701716,-61.0472586871812,23.92858796299621,0.08402436000000435,1,7
91,0.0,12.471615719999999,-62.355941181182466,18.1531072610833,0.048013920000002486,1,4
91,0.0,14.728269959999999,-63.97627533317375,14.288872646053424,0.024006960000001243,1,2
91,0.0,14.788287359999998,-69.251373681477,9.91126855160217,0.012003480000000621,1,1
91,0.0,14.84830476,-65.46390892892923,12.935312863671626,0.024006960000001243,1,2
91,0.0,15.484489199999999,-67.6771790823295,9.544911946772274,0.012003480000000621,1,1
91,0.0,15.50849616,-67.76367273681383,9.551959132231243,0.012003480000000621,1,1
91,0.0,16.60081284,-68.43403540611769,12.675203472194628,0.012003480000000621,1,1
91,0.0,17.393042519999998,-71.52277619761304,14.82388311232073,0.036010440000001864,1,3
91,0.0,17.96920956,-69.43363053174068,12.103355926974793,0.024006960000001243,1,2
91,0.0,18.82145664,-72.69836605767422,11.4039319051187,0.012003480000000621,1,1
91,0.0,20.09382552,-58.313820213487766,22.237581621202267,0.036010440000001864,1,3
91,0.0,21.306176999999998,-70.90873276372209,12.48480277009002,0.024006960000001243,1,2
91,0.0,22.13441712,-72.33015039937501,12.294172716815599,0.024006960000001243,1,2
91,0.0,22.662570239999997,-72.31507581767288,14.139478575068118,0.024006960000001243,1,2
91,0.0,24.175008719999997,-70.80668336464382,13.706398070928502,0.024006960000001243,1,2
92,0.0,12.567643559999999,-54.07327441670542,20.72300535990568,0.036010440000001864,1,3
92,0.0,12.91574448,-52.40993210080379,21.891757614356276,0.036010440000001864,2,4
92,0.0,12.951754919999999,-63.90911827527055,10.392571439889515,0.012003480000000621,1,1
92,0.0,13.876022879999999,-60.18333751438186,15.001164861705476,0.024006960000001243,1,2
92,0.0,13.972050719999999,-63.07754598396991,12.106956392117427,0.036010440000001864,1,3
92,0.0,14.824297799999998,-67.4682424862943,9.72792188443166,0.012003480000000621,1,1
92,0.0,15.80858316,-60.43288076849511,14.12530235834841,0.024006960000001243,1,2
92,0.0,16.00063884,-60.870588570341425,13.73683536988511,0.024006960000001243,1,2
92,0.0,17.33302512,-61.89472161539369,14.02495358911322,0.024006960000001243,1,2
92,0.0,19.865759399999998,-65.87774358464397,10.125513835317241,0.012003480000000621,1,1
93,0.0,10.431024119999998,-51.421880408162075,20.457701346155485,0.048013920000002486,1,4
93,0.0,11.775413879999999,-51.663276938063554,24.878852698961783,0.024006960000001243,1,2
93,0.0,11.823427799999997,-66.57344208116133,9.968687555864,0.012003480000000621,1,1
93,0.0,12.44760876,-57.4717342549789,17.841631958889096,0.036010440000001864,1,3
93,0.0,13.4438976,-52.40532502877645,21.229075920358436,0.048013920000002486,2,4
93,0.0,14.140099439999998,-58.32069553195085,20.34244832398776,0.036010440000001864,1,3
93,0.0,15.19640568,-60.07916025673518,11.639243163557545,0.012003480000000621,1,1
93,0.0,15.592520519999999,-66.1639613137303,11.759645821066586,0.024006960000001243,1,2
93,0.0,16.360743239999998,-53.9788852753005,27.28543696333432,0.06001740000000311,1,5
93,0.0,16.40875716,-69.61348774239963,13.211364748078076,0.012003480000000621,1,1
93,0.0,16.72084764,-70.04394017204234,12.794378307287726,0.048013920000002486,1,4
93,0.0,17.140969439999996,-61.89696243628549,14.816378547203605,0.024006960000001243,1,2
93,0.0,17.41704948,-56.40701730214822,20.50691535924598,0.024006960000001243,1,2
93,0.0,19.085533199999997,-58.897828210703324,18.839989436920494,0.024006960000001243,1,2
93,0.0,19.769731559999997,-75.56632226549675,9.368507871926017,0.012003480000000621,1,1
93,0.0,19.805742,-74.57951959796206,10.355310539460707,0.012003480000000621,1,1
93,0.0,20.51394732,-63.58761857084041,23.35401031372716,0.07202088000000373,1,6
93,0.0,22.506525,-75.4593885560852,18.75430496173973,0.036010440000001864,1,3
93,0.0,23.706872999999998,-62.61118113964411,25.63945045487984,0.06001740000000311,1,5
94,0.0,11.127225959999999,-66.25040811091243,9.577998299090797,0.012003480000000621,1,1
94,0.0,12.13551828,-53.214049797634495,18.316590052006724,0.024006960000001243,1,2
94,0.0,12.195535679999999,-56.69189263558654,14.838747214054678,0.024006960000001243,2,3
94,0.0,12.723688799999998,-54.838488687973445,16.591140773041865,0.08402436000000435,3,9
94,0.0,13.479908039999998,-60.48015088139238,15.121266693397006,0.012003480000000621,1,1
94,0.0,13.635953279999999,-60.08169490206101,19.4997305141347,0.036010440000001864,1,3
94,0.0,13.972050719999999,-70.58808880937059,10.549885901346922,0.012003480000000621,1,1
94,0.0,16.204698,-63.57138969193123,14.90709282809071,0.024006960000001243,1,2
95,0.0,10.58706936,-66.47548011750308,10.261265601893824,0.024006960000001243,1,2
95,0.0,10.671093719999998,-56.089546823240816,21.102246346992217,0.024006960000001243,1,2
95,0.0,12.075500879999998,-54.37645780961334,18.761366764368535,0.024006960000001243,1,2
95,0.0,12.819716639999998,-63.27798265135959,9.559276684075268,0.012003480000000621,1,1
95,0.0,13.119803639999999,-61.424893779615324,13.681911406436145,0.06001740000000311,1,5
95,0.0,14.788287359999998,-52.17695403245961,23.742551674445306,0.07202088000000373,3,8
95,0.0,15.112381319999999,-62.72308348350979,11.35188527123847,0.012003480000000621,1,1
95,0.0,15.364454399999998,-59.68177369111608,12.412510124503873,0.024006960000001243,1,2
95,0.0,15.820586639999998,-60.78173493917922,14.887547233948188,0.024006960000001243,1,2
95,0.0,16.64882676,-68.93786172557726,13.528085708440408,0.036010440000001864,1,3
95,0.0,17.27300772,-58.147224176192516,17.032525003767148,0.048013920000002486,2,4
95,0.0,17.537084280000002,-60.17591480272155,10.926162395084049,0.012003480000000621,1,1
95,0.0,17.63311212,-55.1314206243573,21.630281431041404,0.048013920000002486,2,5
95,0.0,17.96920956,-60.13482574804471,19.927688334610913,0.036010440000001864,1,3
95,0.0,18.677414879999997,-62.17140254460609,19.20809096561189,0.048013920000002486,2,5
95,0.0,20.15384292,-78.11472912199523,12.764206688596936,0.036010440000001864,1,3
95,0.0,21.40220484,-80.23934832423102,11.788624509713618,0.012003480000000621,1,1
95,0.0,28.18417104,-79.2371274940783,13.34315592810604,0.024006960000001243,1,2
96,0.0,12.699681839999998,-55.70813154432315,15.168932008338684,0.024006960000001243,1,2
96,0.0,13.34786976,-53.820949702418844,17.907459680051538,0.024006960000001243,1,2
96,0.0,14.42818296,-58.20450597793958,13.781636630390338,0.036010440000001864,1,3
96,0.0,14.884315199999998,-58.217213753525954,14.280196535882864,0.024006960000001243,1,2
96,0.0,15.41246832,-60.821721735399485,9.92657665759549,0.012003480000000621,1,1
96,0.0,19.337606279999996,-64.433115441301,11.183640562035663,0.012003480000000621,1,1
96,0.0,21.46222224,-69.44514016144757,10.35622544256695,0.012003480000000621,1,1
97,0.0,10.15494408,-70.30491464709148,11.310573269407856,0.036010440000001864,1,3
97,0.0,11.90745216,-64.56813473302756,22.078946697225177,0.048013920000002486,1,4
97,0.0,12.183532199999998,-63.130673786231654,17.20178095836909,0.048013920000002486,1,4
97,0.0,12.843723599999999,-57.065175365638254,15.422127017489451,0.036010440000001864,1,3
97,0.0,12.951754919999999,-56.04840385706545,13.697942591304354,0.012003480000000621,1,1
97,0.0,13.503915,-60.784602013404054,21.36825034845218,0.08402436000000435,1,7
97,0.0,13.587939359999998,-72.47422083251212,9.959892155576762,0.012003480000000621,1,1
97,0.0,14.26013424,-53.59193842861267,22.009793720545353,0.024006960000001243,1,2
97,0.0,14.60823516,-53.39422418137655,22.06912749956293,0.036010440000001864,1,3
97,0.0,14.836301279999999,-61.58975101298883,9.39885504205884,0.012003480000000621,1,1
97,0.0,16.9249068,-55.83339149779527,23.130091217393893,0.048013920000002486,1,4
97,0.0,17.357032079999996,-58.022653915574,22.38220081341741,0.048013920000002486,1,4
97,0.0,18.41333832,-77.12229573582,11.420743461969673,0.012003480000000621,1,1
97,0.0,18.43734528,-77.46416209761512,11.078877100174559,0.012003480000000621,1,1
97,0.0,19.097536679999997,-70.24443184616732,19.855748537112767,0.06001740000000311,1,5
97,0.0,19.72171764,-65.21383289015235,16.333100736055336,0.024006960000001243,1,2
97,0.0,20.14183944,-67.70737126969667,11.906690812855734,0.024006960000001243,1,2
97,0.0,21.1861422,-82.15406868363684,11.078503666708777,0.012003480000000621,1,1
97,0.0,22.362483239999996,-58.92482944333835,30.26406468487183,0.06001740000000311,1,5
97,0.0,22.398493679999998,-74.69813230906036,14.490761819149823,0.024006960000001243,1,2
97,0.0,22.43450412,-78.23919239300223,9.673245702814684,0.012003480000000621,1,1
97,0.0,24.595130519999998,-70.91963994699648,24.16768986076888,0.048013920000002486,2,5
98,0.0,11.091215519999999,-54.25430361594862,19.08636169091796,0.06001740000000311,1,5
98,0.0,11.54734776,-57.25910314258594,16.91190915220216,0.048013920000002486,1,4
98,0.0,12.483619199999998,-63.04026553536002,19.25769679919423,0.036010440000001864,1,3
98,0.0,13.4438976,-53.80813012957869,22.55420147295475,0.036010440000001864,1,3
98,0.0,13.719977639999998,-55.28010775744338,19.680382081286012,0.048013920000002486,1,4
98,0.0,13.767991559999999,-65.79138734232578,9.84390926769149,0.012003480000000621,1,1
98,0.0,14.95633608,-69.14814350624111,12.406929432992971,0.024006960000001243,1,2
98,0.0,15.580517039999998,-58.67432185640511,10.348619380838171,0.024006960000001243,1,2
98,0.0,15.70055184,-56.80112677814862,12.221814459094658,0.012003480000000621,1,1
98,0.0,16.4447676,-59.33332002763212,12.584027213412458,0.012003480000000621,1,1
98,0.0,16.60081284,-57.312326179382175,15.631982409254185,0.024006960000001243,1,2
98,0.0,17.27300772,-72.67233497962265,9.415383710127081,0.012003480000000621,1,1
98,0.0,17.51307732,-60.70007781292932,16.040144543722096,0.024006960000001243,1,2
98,0.0,17.765150399999996,-56.6923099437216,23.065136739566476,0.08402436000000435,2,8
98,0.0,18.71342532,-62.46592438196061,16.31331433418586,0.024006960000001243,1,2
98,0.0,19.39762368,-63.22299313908975,14.63606244025533,0.024006960000001243,1,2
98,0.0,19.49365152,-70.42501596222296,11.826755301232009,0.012003480000000621,1,1
98,0.0,19.517658479999998,-73.14064768174741,9.87137708226101,0.012003480000000621,1,1
98,0.0,19.82974896,-79.09853962884287,11.832064672971704,0.024006960000001243,1,2
98,0.0,20.177849879999997,-77.14975639122119,10.257965391674585,0.012003480000000621,1,1
98,0.0,20.742013439999997,-80.51327609032498,12.0259014294954,0.024006960000001243,1,2
98,0.0,21.570253559999998,-63.05372051990662,25.000131601112553,0.024006960000001243,1,2
98,0.0,21.59426052,-74.20355962433965,12.615226940265853,0.012003480000000621,1,1
98,0.0,22.602552839999998,-81.89974527533565,10.328633701545213,0.012003480000000621,1,1
98,0.0,22.6265598,-71.82701536011845,20.79517287877909,0.036010440000001864,1,3
99,0.0,10.527051959999998,-63.666686561955224,11.308050231853521,0.024006960000001243,1,2
99,0.0,10.959177239999999,-63.299813880932305,9.44879608022554,0.012003480000000621,1,1
99,0.0,10.983184199999998,-59.33021781948614,13.935321423655594,0.024006960000001243,1,2
99,0.0,12.9637584,-58.09027211026623,13.076921465036264,0.012003480000000621,2,2
99,0.0,13.55192892,-57.65138179742503,9.362705490555003,0.012003480000000621,1,1
99,0.0,15.100377839999998,-61.632093644607544,14.212762845721766,0.012003480000000621,1,1
99,0.0,15.388461359999999,-60.79561995347657,10.332000715184218,0.024006960000001243,1,2
99,0.0,15.436475279999998,-61.94637497246438,10.041515710261205,0.012003480000000621,1,1
99,0.0,17.705133,-59.197742333527536,12.580152168759529,0.012003480000000621,1,1
99,0.0,17.83717128,-58.72204154461586,12.468111769024796,0.07202088000000373,2,6
99,0.0,18.3653244,-62.683916164924284,11.784625132284708,0.012003480000000621,1,1
99,0.0,18.53337312,-62.973392939772026,12.180086580242355,0.024006960000001243,2,2
99,0.0,19.45764108,-60.94253102456008,10.588358924751661,0.036010440000001864,2,4
99,0.0,19.6256898,-63.917947437774025,10.264661362968234,0.036010440000001864,2,4
99,0.0,20.02180464,-62.701322553606225,16.229499631104154,0.048013920000002486,1,4
99,0.0,20.5259508,-64.97166796902843,9.645208783649181,0.012003480000000621,1,1
99,0.0,21.22215264,-62.72705760117789,13.84535868026856,0.036010440000001864,2,4
99,0.0,21.690288359999997,-57.161809092891986,22.360525830272824,0.036010440000001864,1,3
100,0.0,10.76712156,-66.36106678901109,25.355210062696692,0.10803132000000559,3,12
100,0.0,12.91574448,-53.00477506465239,25.83104773883729,0.06001740000000311,1,5
100,0.0,13.599942839999999,-64.02443141423015,11.084805322108924,0.024006960000001243,1,2
100,0.0,14.128095959999998,-56.389445361344315,14.008310522426488,0.024006960000001243,1,2
100,0.0,15.25642308,-55.37388027420192,18.01147881858098,0.024006960000001243,1,2
100,0.0,16.228704959999998,-62.3582589667351,14.098546850429717,0.012003480000000621,1,1
100,0.0,17.104959,-59.77037035122463,17.736640050808816,0.036010440000001864,1,3
100,0.0,19.037519279999998,-74.38066647361863,12.30126672543572,0.024006960000001243,1,2
100,0.0,19.25358192,-64.5522206227791,18.984516100288875,0.036010440000001864,1,3
100,0.0,19.313599319999998,-75.70369813876823,10.472522645215005,0.012003480000000621,1,1
100,0.0,20.2858812,-64.57227020530924,20.58767646667725,0.024006960000001243,1,2
100,0.0,20.30988816,-66.0680325451917,20.93382878784491,0.036010440000001864,1,3
100,0.0,21.750305759999996,-60.18453413505035,28.36691693968198,0.06001740000000311,1,5
100,0.0,22.038389279999997,-62.72547604608903,14.097097284388278,0.024006960000001243,1,2
100,0.0,22.194434519999998,-61.19751578358664,15.270518426148891,0.012003480000000621,1,1
100,0.0,23.238737279999995,-61.14931592548697,26.675722256037595,0.048013920000002486,1,4
100,0.0,23.934939119999996,-81.04040715492044,10.025045357444842,0.036010440000001864,1,3
100,0.0,25.11128016,-61.814555043947685,23.599091628462006,0.048013920000002486,1,4
100,0.0,25.15929408,-76.55782282046064,9.61417324702989,0.012003480000000621,1,1
100,0.0,25.79547852,-79.11930831993689,9.821024323020607,0.012003480000000621,1,1
101,0.0,11.835431279999998,-52.41835599368717,16.54521818651126,0.048013920000002486,1,4
101,0.0,13.01177232,-66.17580532784376,21.70050648282915,0.048013920000002486,1,4
101,0.0,13.4438976,-59.18091633025525,28.561063958403725,0.09602784000000497,2,10
101,0.0,14.18811336,-56.26878945940625,21.588595736202393,0.036010440000001864,2,4
101,0.0,14.920325639999998,-55.02011771915326,16.895611070766208,0.048013920000002486,1,4
101,0.0,15.568513559999998,-55.16576570109634,15.708529465282641,0.036010440000001864,2,5
101,0.0,16.00063884,-61.33086504840237,16.791236991459268,0.024006960000001243,1,2
101,0.0,17.26100424,-68.39150233754802,9.637784949968726,0.012003480000000621,1,1
101,0.0,17.537084280000002,-67.42979798695865,13.21334747136598,0.036010440000001864,2,4
101,0.0,18.77344272,-68.24750419892038,22.23798287701718,0.048013920000002486,2,6
101,0.0,19.349609759999996,-58.814884805727,16.197106874728107,0.036010440000001864,2,4
101,0.0,20.41791948,-74.51900099789607,9.664683042551,0.012003480000000621,1,1
101,0.0,20.453929919999997,-61.2774477251167,23.410506271325005,0.048013920000002486,1,4
101,0.0,21.246159599999995,-78.37009838805413,10.233014877435824,0.012003480000000621,1,1
101,0.0,22.734591119999997,-66.63389158138216,24.12359278615629,0.048013920000002486,1,4
101,0.0,22.998667679999997,-68.78379467616595,21.903157566427712,0.036010440000001864,1,3
101,0.0,25.29133236,-78.494535667135,17.79264722670603,0.036010440000001864,1,3
101,0.0,26.743753439999995,-78.33865451491904,12.35113745791182,0.024006960000001243,1,2
102,0.0,10.527051959999998,-72.78676852462482,11.278786779519365,0.036010440000001864,1,3
102,0.0,11.3432886,-55.963219015723865,16.951223025827368,0.024006960000001243,1,2
102,0.0,11.535344279999999,-53.618888797041066,16.54386130867423,0.06001740000000311,2,5
102,0.0,12.123514799999999,-55.070415918609555,20.88558802173256,0.024006960000001243,1,2
102,0.0,12.531633119999999,-56.294985578330085,21.78396713381715,0.06001740000000311,1,5
102,0.0,13.191824519999999,-56.45844480296767,15.616377590927735,0.024006960000001243,1,2
102,0.0,13.33586628,-57.539511084794455,14.229579227502438,0.036010440000001864,1,3
102,0.0,14.068078559999998,-78.73880133560127,10.57582612341215,0.012003480000000621,1,1
102,0.0,14.692259519999999,-49.61781899449719,23.67559532107137,0.048013920000002486,2,6
102,0.0,15.85659708,-60.549545670873606,13.389427348445938,0.036010440000001864,2,3
102,0.0,16.79286852,-62.21172293583065,16.46368447473732,0.048013920000002486,1,4
102,0.0,17.81316432,-64.64917996113735,13.617899456674941,0.012003480000000621,1,1
102,0.0,18.13725828,-76.4118287405372,9.838491480852447,0.012003480000000621,1,1
102,0.0,19.6256898,-76.2138169837253,10.413687673032248,0.012003480000000621,1,1
102,0.0,19.82974896,-71.86377900399603,16.027901683429583,0.036010440000001864,1,3
102,0.0,20.838041279999995,-79.1429114322558,14.178668388076343,0.036010440000001864,1,3
102,0.0,21.366194399999998,-81.85978566119594,9.638190367169454,0.012003480000000621,1,1
102,0.0,22.038389279999997,-83.8512797986121,10.555642215637661,0.048013920000002486,1,4
102,0.0,22.362483239999996,-77.8676279939643,16.539294020285446,0.036010440000001864,1,3
102,0.0,23.214730319999997,-78.67586337129457,14.229483348987584,0.024006960000001243,1,2
102,0.0,26.80377084,-67.95002493728597,22.80037208578416,0.036010440000001864,1,3
103,0.0,12.711685319999999,-60.91960100842811,20.86569959531505,0.09602784000000497,2,10
103,0.0,13.5639324,-57.16390872550715,25.776102126690663,0.10803132000000559,2,10
103,0.0,14.1641064,-65.07868796998108,10.369390289687505,0.012003480000000621,1,1
103,0.0,14.836301279999999,-57.41427606658636,15.155137069872833,0.048013920000002486,1,4
103,0.0,14.95633608,-54.801459927422115,13.709478600790163,0.024006960000001243,1,2
103,0.0,15.448478759999999,-55.97498079876655,17.548738775435694,0.036010440000001864,1,3
103,0.0,16.228704959999998,-59.77958994896529,10.669313642101494,0.024006960000001243,1,2
103,0.0,16.360743239999998,-59.66882060536439,10.78492388653306,0.024006960000001243,1,2
103,0.0,16.61281632,-54.89627862743439,19.973961431717896,0.036010440000001864,1,3
103,0.0,17.02093464,-58.20296738644696,19.999796881040336,0.024006960000001243,1,2
103,0.0,17.90919216,-59.07789588925513,18.696671520797643,0.024006960000001243,1,2
104,0.0,10.130937119999999,-70.64499645850495,11.448565418600246,0.024006960000001243,1,2
104,0.0,10.21496148,-59.089364964719536,23.227259736231176,0.048013920000002486,1,4
104,0.0,11.45131992,-60.99034163575701,19.980495747517708,0.036010440000001864,1,3
104,0.0,12.087504359999999,-53.58724467695385,14.581385082203042,0.024006960000001243,1,2
104,0.0,12.2435496,-53.09190997740225,15.859117332152197,0.036010440000001864,1,3
104,0.0,13.09579668,-63.31178277237367,20.414185542482166,0.048013920000002486,1,4
104,0.0,15.016353479999998,-53.53692659305732,24.623260285921674,0.13203828000000684,2,12
104,0.0,15.328443959999998,-55.60925889300988,22.948715321586665,0.024006960000001243,1,2
104,0.0,15.352450919999999,-68.91195371138383,10.322517776146098,0.012003480000000621,1,1
104,0.0,17.669122559999998,-57.082019489013405,15.038085850619648,0.012003480000000621,1,1
104,0.0,18.29330352,-69.35301145579137,11.593566465589065,0.012003480000000621,1,1
104,0.0,19.241578439999998,-65.32551386265663,22.144857822568188,0.048013920000002486,1,4
104,0.0,19.289592359999997,-80.54162054337047,9.948732117298793,0.012003480000000621,1,1
104,0.0,19.73372112,-78.38147419692947,10.911487920091599,0.012003480000000621,1,1
104,0.0,20.79002736,-69.80118468692571,22.468451813130237,0.08402436000000435,1,7
104,0.0,22.61455632,-72.04056345329592,22.71808879631406,0.06001740000000311,2,9
104,0.0,23.742883439999996,-63.3057029596274,23.830280514966468,0.024006960000001243,1,2
104,0.0,23.766890399999998,-77.11139388645398,10.024589588139888,0.012003480000000621,1,1
104,0.0,24.463092239999998,-81.1001028925088,9.956490402016977,0.012003480000000621,1,1
104,0.0,24.943231439999998,-77.60831191435356,18.049948757366685,0.036010440000001864,1,3
104,0.0,26.539694279999996,-66.25517351384408,23.086765534063392,0.048013920000002486,1,4
104,0.0,26.587708199999998,-77.91520813894556,11.426730908961906,0.012003480000000621,1,1
104,0.0,27.259903079999997,-82.57942128341367,10.606261685544622,0.012003480000000621,1,1
104,0.0,27.812063159999997,-87.9140083095086,9.637335186750285,0.012003480000000621,1,1
105,0.0,10.55105892,-72.6164278700042,13.662577681241553,0.024006960000001243,2,4
105,0.0,10.971180719999998,-53.544353887702016,26.276975428989488,0.06001740000000311,1,5
105,0.0,12.471615719999999,-56.89603284862638,21.43795684596233,0.036010440000001864,1,3
105,0.0,12.519629639999998,-52.74088859226201,27.447144705965417,0.07202088000000373,1,6
105,0.0,13.383880199999998,-56.007498138702225,21.65856095841962,0.024006960000001243,1,2
105,0.0,14.380169039999998,-53.850628906216215,19.912054499302506,0.024006960000001243,1,2
105,0.0,14.800290839999999,-68.319617918904,9.605191847025644,0.012003480000000621,1,1
105,0.0,15.388461359999999,-59.56756438349203,17.33336709421707,0.024006960000001243,1,2
105,0.0,15.50849616,-62.36735535200801,13.805364294986887,0.012003480000000621,1,1
105,0.0,15.568513559999998,-64.0745531040096,11.96254540253286,0.024006960000001243,1,2
105,0.0,15.964628399999997,-59.86718073213248,16.197746104878977,0.024006960000001243,1,2
105,0.0,16.52879196,-60.077857436939084,15.322364695567508,0.024006960000001243,1,2
105,0.0,16.900899839999997,-62.93360578857034,20.53998317716173,0.024006960000001243,1,2
105,0.0,17.9452026,-69.01478417248985,14.316805143304109,0.024006960000001243,1,2
105,0.0,18.3653244,-72.34793846624777,15.851461374168904,0.036010440000001864,1,3
105,0.0,18.857467079999996,-67.53004648763948,18.110103123859048,0.06001740000000311,2,6
105,0.0,20.393912519999997,-61.60796068066527,23.2857077247538,0.06001740000000311,1,5
105,0.0,20.441926439999996,-78.26229091592553,9.60524110319162,0.012003480000000621,1,1
105,0.0,21.066107399999996,-77.39258196639743,9.471238407830104,0.012003480000000621,1,1
105,0.0,21.79831968,-86.03726758902843,10.255312534096754,0.036010440000001864,1,3
105,0.0,23.31075816,-63.53723611556934,25.983600868576104,0.06001740000000311,1,5
105,0.0,23.358772079999998,-78.06328375297339,11.457553231172055,0.012003480000000621,1,1
105,0.0,24.0669774,-82.92751549976663,9.588829277280196,0.012003480000000621,1,1
105,0.0,24.71516532,-66.97682414347116,23.338852407847,0.048013920000002486,1,4
105,0.0,25.30333584,-74.21069099292039,14.625001090645098,0.036010440000001864,1,3
105,0.0,25.351349759999998,-79.54710191610293,9.602246564635522,0.012003480000000621,1,1
105,0.0,25.37535672,-79.67478377043926,9.47456471029919,0.012003480000000621,1,1
105,0.0,25.9875342,-83.54165777829819,9.412897509558666,0.012003480000000621,1,1
106,0.0,10.65909024,-61.00343731937231,12.180897227235283,0.024006960000001243,1,2
106,0.0,11.0432016,-57.14847804094572,18.135034298293235,0.06001740000000311,2,5
106,0.0,12.183532199999998,-51.456351027181626,20.351555096329843,0.048013920000002486,2,4
106,0.0,13.515918479999998,-57.10044880546712,16.974456779914068,0.024006960000001243,1,2
106,0.0,14.09208552,-53.39837762084612,18.498633036230913,0.06001740000000311,1,5
106,0.0,14.1641064,-61.17615759198835,10.646543042615788,0.024006960000001243,2,4
106,0.0,14.65624908,-53.85461255945346,15.522859565767494,0.024006960000001243,2,3
106,0.0,16.624819799999997,-54.24006335742237,11.201357580290054,0.024006960000001243,1,2
106,0.0,17.381039039999997,-53.17500454942661,14.644783526354514,0.024006960000001243,1,2
106,0.0,21.61826748,-64.19597732642492,10.430924873332955,0.012003480000000621,1,1
107,0.0,10.5630624,-68.8488999091153,16.702502049273097,0.048013920000002486,1,4
107,0.0,11.175239879999998,-54.392730867778816,15.323053310093048,0.024006960000001243,1,2
107,0.0,11.391302519999998,-58.86660183568488,13.975049439078626,0.024006960000001243,2,3
107,0.0,11.727399959999998,-55.52228249517452,23.888667106108553,0.07202088000000373,2,8
107,0.0,12.375587879999998,-56.18918828602218,25.414112043719392,0.08402436000000435,1,7
107,0.0,12.7837062,-61.76476128361636,23.408933810138308,0.048013920000002486,1,4
107,0.0,13.167817559999998,-72.25540610059726,9.405074321870652,0.012003480000000621,1,1
107,0.0,13.45590108,-51.560540968424306,20.089805906881214,0.036010440000001864,2,4
107,0.0,13.61194632,-52.841329545572684,19.02560708387579,0.024006960000001243,1,2
107,0.0,14.284141199999999,-67.17482718263982,11.59455775220441,0.012003480000000621,1,1
107,0.0,14.86030824,-53.12739729174077,18.342599136859953,0.024006960000001243,1,2
107,0.0,14.920325639999998,-60.931229074820116,12.691476215291214,0.012003480000000621,1,1
107,0.0,15.49649268,-56.717948606423676,22.268422363540807,0.08402436000000435,1,7
107,0.0,18.545376599999997,-70.30661816058203,20.942119154892318,0.036010440000001864,1,3
107,0.0,19.097536679999997,-70.5760277671382,19.602993983252183,0.07202088000000373,1,6
107,0.0,19.781735039999997,-76.7209023034001,9.365135778113416,0.012003480000000621,1,1
107,0.0,24.247029599999998,-72.24876438224332,24.764736627710864,0.048013920000002486,1,4
107,0.0,24.307046999999997,-88.40955146710463,9.464936368169944,0.012003480000000621,1,1
107,0.0,27.812063159999997,-78.63604640058514,13.918795112964073,0.036010440000001864,1,3
107,0.0,27.908091,-75.06206561496283,17.492775898586373,0.048013920000002486,1,4
108,0.0,10.202957999999999,-49.5925788020437,22.282689193036806,0.14404176000000746,2,12
108,0.0,10.479038039999999,-51.090906316271365,16.066408904833814,0.024006960000001243,1,2
108,0.0,10.623079799999998,-59.75801720927783,9.430259758346155,0.012003480000000621,1,1
108,0.0,11.15123292,-62.89942288813588,10.229608632067928,0.012003480000000621,1,1
108,0.0,12.03949044,-55.983108859720836,16.060969192905823,0.048013920000002486,3,8
108,0.0,12.675674879999999,-54.651317254317945,22.927749756304014,0.048013920000002486,1,4
108,0.0,13.09579668,-62.96843505311432,20.68767062298344,0.036010440000001864,1,3
108,0.0,13.33586628,-60.55340585316317,15.767860464426768,0.024006960000001243,1,2
108,0.0,13.876022879999999,-57.97100290449433,20.662495512459426,0.036010440000001864,1,3
108,0.0,14.18811336,-64.7386818093622,10.211554012184212,0.012003480000000621,1,1
108,0.0,14.60823516,-55.58268046408952,16.886275703533403,0.024006960000001243,1,2
108,0.0,16.624819799999997,-61.84446303793365,16.689603764631293,0.036010440000001864,1,3
108,0.0,17.585098199999997,-62.84017069562096,19.93703769240776,0.024006960000001243,1,2
108,0.0,17.95720608,-75.30141761454485,9.723095163508987,0.012003480000000621,1,1
108,0.0,18.70142184,-68.79419260082506,21.93091219134477,0.048013920000002486,1,4
108,0.0,20.273877719999998,-77.55393969003102,17.33353634639591,0.048013920000002486,1,4
108,0.0,23.898928679999997,-62.87344980212602,21.54788773177108,0.036010440000001864,1,3
108,0.0,24.571123559999997,-77.35869004053936,10.229529423285165,0.012003480000000621,1,1
108,0.0,24.595130519999998,-76.95160214592812,10.636617317896384,0.012003480000000621,1,1
108,0.0,24.61913748,-78.18058906337691,9.407630400447603,0.012003480000000621,1,1
108,0.0,26.11957248,-81.85371057028327,12.65328803143561,0.024006960000001243,1,2
109,0.0,10.39501368,-52.16959965671052,25.08653118442048,0.06001740000000311,1,5
109,0.0,10.923166799999999,-60.90779808910723,15.66027447184348,0.06001740000000311,1,5
109,0.0,12.327573959999999,-58.045794278749014,17.9995987769687,0.06001740000000311,1,5
109,0.0,12.735692279999999,-72.96587654268328,11.165963120891242,0.012003480000000621,1,1
109,0.0,12.75969924,-73.67320979050267,10.042493774032762,0.012003480000000621,1,1
109,0.0,13.05978624,-63.62875448042161,14.190619638161834,0.024006960000001243,1,2
109,0.0,13.9840542,-62.46501568208819,10.825875358298953,0.012003480000000621,1,1
109,0.0,14.116092479999997,-61.011459395455894,10.091610018534327,0.012003480000000621,1,1
109,0.0,14.152102919999999,-57.56495419659923,15.725936843787911,0.024006960000001243,1,2
109,0.0,15.148391759999999,-57.563570886761894,12.314653136283564,0.012003480000000621,1,1
109,0.0,15.268426559999998,-54.402011126665116,17.10205032772222,0.06001740000000311,3,10
109,0.0,15.328443959999998,-56.71859091111831,14.785470543269025,0.024006960000001243,1,2
109,0.0,15.964628399999997,-59.820986356321804,13.354653621472972,0.012003480000000621,1,1
109,0.0,17.2850112,-55.236320645659156,19.75672286795102,0.06001740000000311,2,6
109,0.0,17.345028599999996,-59.02012530647263,16.280529362831327,0.07202088000000373,3,8
109,0.0,18.41333832,-60.755191038913935,18.659929290904365,0.024006960000001243,1,2
109,0.0,19.69771068,-68.95481559066211,10.115339689016007,0.012003480000000621,1,1
109,0.0,19.973790719999997,-61.357151744110034,17.713003535568085,0.024006960000001243,1,2
109,0.0,20.14183944,-62.19206285913365,16.878092420544473,0.024006960000001243,1,2
109,0.0,21.1261248,-62.77718468352931,19.84678996703635,0.036010440000001864,1,3
109,0.0,22.48251804,-70.10936378641209,13.12976654835759,0.06001740000000311,2,5
109,0.0,28.82035548,-66.66046219179434,17.042854570092466,0.024006960000001243,1,2
110,0.0,10.45503108,-76.36243412417791,9.97686964320165,0.012003480000000621,1,1
110,0.0,10.503045,-71.05702436170856,14.358350101335686,0.036010440000001864,1,3
110,0.0,10.70710416,-67.67338456003684,12.844256021940302,0.036010440000001864,1,3
110,0.0,11.019194639999998,-56.595898267032794,24.57620029743408,0.048013920000002486,1,4
110,0.0,11.079212039999998,-69.7572004973078,10.484679299488569,0.012003480000000621,1,1
110,0.0,11.37929904,-54.642482334949484,22.518834683264323,0.10803132000000559,4,12
110,0.0,12.267556559999997,-56.10275466759282,19.30625105437356,0.036010440000001864,1,3
110,0.0,12.939751439999998,-70.26397466316526,10.524080792369755,0.036010440000001864,1,3
110,0.0,12.99976884,-67.43187090418394,10.681438669730328,0.024006960000001243,1,2
110,0.0,13.2638454,-63.148165224028176,12.40182526884118,0.024006960000001243,1,2
110,0.0,13.383880199999998,-61.313976732220766,16.034742242252264,0.024006960000001243,1,2
110,0.0,13.64795676,-57.5841623944325,18.024201856161618,0.07202088000000373,3,10
110,0.0,15.028356959999998,-62.97680814021358,18.42239412227719,0.048013920000002486,2,4
110,0.0,15.832590119999999,-61.25004918265504,16.912887658168188,0.024006960000001243,1,2
110,0.0,16.03664928,-62.59410522395931,11.15780841866038,0.012003480000000621,1,1
110,0.0,16.12067364,-59.49135382090734,18.671583019915886,0.024006960000001243,2,4
110,0.0,16.636823279999998,-62.98883254726843,12.491443658017204,0.024006960000001243,1,2
110,0.0,16.684837199999997,-55.92879512813187,19.706605284329367,0.024006960000001243,1,2
110,0.0,17.453059919999998,-63.8773129862535,14.981670375919267,0.024006960000001243,1,2
110,0.0,17.74114344,-59.129295143396014,21.622075609398244,0.024006960000001243,1,2
110,0.0,17.765150399999996,-71.25095885923133,10.961869233859076,0.012003480000000621,1,1
110,0.0,18.461352239999997,-58.48355634477784,21.298622338352263,0.06001740000000311,1,5
110,0.0,18.50936616,-69.83312066140259,9.949058021727506,0.06001740000000311,2,5
110,0.0,19.289592359999997,-60.68861927489435,19.43173970860954,0.024006960000001243,1,2
110,0.0,19.66170024,-66.45843945096449,20.264742509909834,0.024006960000001243,1,2
110,0.0,20.2858812,-64.1252938467147,20.76839270965044,0.036010440000001864,1,3
110,0.0,22.01438232,-58.99069215909033,25.53008755501702,0.048013920000002486,1,4
110,0.0,24.571123559999997,-64.41439263410393,22.698128717017664,0.048013920000002486,1,4
111,0.0,10.21496148,-60.97564506398713,9.772005620411475,0.012003480000000621,1,1
111,0.0,10.334996279999999,-54.11125134240112,16.61253181566893,0.036010440000001864,1,3
111,0.0,10.82713896,-57.73506924168056,21.114375669679305,0.036010440000001864,1,3
111,0.0,11.631372119999998,-52.331743903872294,15.469360492732713,0.024006960000001243,1,2
111,0.0,14.248130759999999,-54.159151380661534,23.241370525422642,0.024006960000001243,1,2
111,0.0,14.332155119999998,-53.28739988140718,24.294509424739722,0.048013920000002486,1,4
111,0.0,15.29243352,-68.99748606890861,10.310263175012516,0.024006960000001243,1,2
111,0.0,15.364454399999998,-60.966455584066246,18.19338635211965,0.024006960000001243,1,2
111,0.0,15.628530959999999,-55.68323952793228,17.99932591190696,0.036010440000001864,1,3
111,0.0,15.676544879999998,-63.176950852366986,10.50561458747226,0.012003480000000621,1,1
111,0.0,16.156684079999998,-59.754134051855026,10.357628332763442,0.012003480000000621,1,1
111,0.0,16.7448546,-60.084759858132244,21.373759370615673,0.06001740000000311,2,6
111,0.0,16.804872,-70.73515252241819,11.600249792841872,0.024006960000001243,1,2
111,0.0,19.42163064,-62.69619226328918,16.066301007128207,0.024006960000001243,1,2
111,0.0,19.769731559999997,-66.97646192564788,20.260526037413904,0.036010440000001864,1,3
111,0.0,20.50194384,-80.62011660196411,9.734216556745357,0.012003480000000621,1,1
111,0.0,20.71800648,-77.81604012914445,14.735006928551456,0.036010440000001864,1,3
111,0.0,22.43450412,-79.09501809719512,13.767752796989225,0.024006960000001243,1,2
111,0.0,23.51481732,-81.40307731158043,16.77642977932893,0.07202088000000373,1,6
111,0.0,24.81119316,-85.3433203860253,14.481453137956725,0.036010440000001864,1,3
112,0.0,10.082923199999998,-70.16942656372781,10.556685639399287,0.036010440000001864,1,3
112,0.0,10.118933639999998,-70.65360111846302,10.07251108466409,0.012003480000000621,1,1
112,0.0,11.21125032,-48.12497999511027,26.75554449191539,0.06001740000000311,1,5
112,0.0,11.25926424,-62.49748730785322,12.383037179172447,0.012003480000000621,1,1
112,0.0,12.50762616,-64.51173070439836,20.730430568671657,0.07202088000000373,1,6
112,0.0,12.807713159999999,-72.45223019062065,11.198836397947998,0.012003480000000621,1,1
112,0.0,13.287852359999999,-62.91163624368319,20.938539088377514,0.048013920000002486,1,4
112,0.0,13.467904559999997,-69.76335019221072,10.656155548770847,0.012003480000000621,1,1
112,0.0,14.128095959999998,-60.09994371001086,19.22537423026666,0.024006960000001243,1,2
112,0.0,14.404176,-53.12876289808251,23.193190932091433,0.048013920000002486,1,4
112,0.0,14.596231679999999,-66.32325830721672,9.90763641935443,0.012003480000000621,1,1
112,0.0,15.580517039999998,-67.82594147677284,13.1877745554741,0.012003480000000621,1,1
112,0.0,16.01264232,-71.42750665908196,14.673670025663544,0.07202088000000373,1,6
112,0.0,17.26100424,-58.80823861863973,14.545815676739156,0.024006960000001243,1,2
112,0.0,17.393042519999998,-58.25086228420154,17.666359870209963,0.024006960000001243,1,2
112,0.0,17.63311212,-63.368702260143195,13.63790048504427,0.024006960000001243,1,2
112,0.0,18.857467079999996,-62.85443959304536,16.34940423055544,0.024006960000001243,1,2
112,0.0,18.97750188,-69.71074320205733,9.692496382937788,0.012003480000000621,1,1
112,0.0,19.46964456,-63.169879372856606,15.69252721673148,0.024006960000001243,1,2
112,0.0,19.52966196,-62.11499971558352,16.75962199435383,0.036010440000001864,1,3
112,0.0,20.93406912,-79.68558651430895,9.695195532216127,0.012003480000000621,1,1
112,0.0,21.366194399999998,-62.112808853493114,19.020723543806117,0.048013920000002486,1,4
112,0.0,21.546246599999996,-66.02240661347068,12.295128196063443,0.024006960000001243,1,2
112,0.0,23.634852119999998,-77.10188984442168,16.300500886708814,0.036010440000001864,1,3
112,0.0,30.272776559999997,-77.92821311645221,15.715586700632043,0.036010440000001864,1,3
113,0.0,12.2435496,-53.720552987988164,13.061498344774085,0.012003480000000621,1,1
114,0.0,10.202957999999999,-67.49026266270371,13.166068137971473,0.10803132000000559,1,9
114,0.0,10.5630624,-57.15287294628241,24.25616801179331,0.10803132000000559,2,10
114,0.0,11.031198119999999,-60.42192386126817,15.340893287324723,0.036010440000001864,1,3
114,0.0,11.283271199999998,-52.236064469777546,21.98503259050279,0.024006960000001243,1,2
114,0.0,12.02748696,-63.421094025548676,11.031759182778586,0.012003480000000621,1,1
114,0.0,12.927747959999998,-68.01774096916927,16.73382680745767,0.036010440000001864,1,3
114,0.0,13.5639324,-70.02760147550491,12.313814912323044,0.024006960000001243,1,2
114,0.0,14.524210799999999,-53.662204107502816,22.333296746923757,0.07202088000000373,1,6
114,0.0,15.340447439999998,-63.73781176099633,13.21973514965878,0.024006960000001243,1,2
114,0.0,15.664541399999997,-55.90106084597741,13.423202475274199,0.024006960000001243,1,2
114,0.0,15.80858316,-59.664616202729675,10.322420386859763,0.048013920000002486,2,5
114,0.0,16.360743239999998,-56.81088359261342,16.875054796030735,0.048013920000002486,2,6
114,0.0,16.960917239999997,-67.2321052775625,10.750548054888561,0.012003480000000621,1,1
114,0.0,17.71713648,-57.385633943732216,22.28461568664961,0.036010440000001864,1,3
114,0.0,18.10124784,-59.84316579356939,19.878196748826472,0.024006960000001243,1,2
114,0.0,18.557380079999998,-65.91370713901246,11.710641467800532,0.012003480000000621,1,1
114,0.0,18.857467079999996,-61.22258462903798,16.922101882909814,0.06001740000000311,3,7
114,0.0,19.82974896,-68.97336878354376,13.247358653020036,0.036010440000001864,1,3
114,0.0,20.069818559999998,-70.24784716260169,12.691893349220972,0.048013920000002486,1,4
114,0.0,20.21386032,-78.06392005645328,9.690140549810229,0.012003480000000621,1,1
114,0.0,24.4270818,-81.65776725154551,17.424125661266753,0.048013920000002486,1,4
114,0.0,29.30049468,-82.99476937953388,13.463015682840545,0.012003480000000621,1,1
115,0.0,10.034909279999999,-50.837900411860694,20.393276821020972,0.024006960000001243,1,2
115,0.0,12.75969924,-51.99934342646792,20.754028466277585,0.07202088000000373,1,6
115,0.0,13.131807119999998,-67.96158282435592,10.842997279443091,0.024006960000001243,1,2
115,0.0,14.248130759999999,-54.904649198734035,16.14121055129401,0.048013920000002486,1,4
115,0.0,14.380169039999998,-54.11597099028768,17.682900634023483,0.036010440000001864,1,3
115,0.0,15.112381319999999,-62.498945437287254,12.1719343874245,0.024006960000001243,1,2
115,0.0,15.424471799999997,-64.15310344663594,14.763498356975601,0.024006960000001243,2,3
115,0.0,15.832590119999999,-68.44774600724956,9.98348141765466,0.012003480000000621,1,1
115,0.0,17.8251678,-72.13618939691847,11.28363042702265,0.024006960000001243,1,2
115,0.0,17.89718868,-74.12126655669199,12.010820360377172,0.024006960000001243,1,2
115,0.0,19.949783759999995,-63.63139956891881,23.114081657938765,0.048013920000002486,1,4
115,0.0,28.904379839999997,-64.33561956157205,23.138506025069738,0.024006960000001243,1,2
115,0.0,29.62458864,-81.53357934119371,9.677762863796131,0.024006960000001243,1,2
116,0.0,10.190954519999998,-64.31050605539784,13.181583998748845,0.024006960000001243,1,2
116,0.0,11.883445199999999,-62.78693150801913,23.689277180274036,0.07202088000000373,1,6
116,0.0,13.33586628,-65.8126902127105,15.613287200346038,0.036010440000001864,1,3
116,0.0,13.791998519999998,-56.253602365423,19.605729570883142,0.09602784000000497,3,13
116,0.0,16.132677119999997,-60.37374892563899,10.546355816464327,0.012003480000000621,1,1
116,0.0,16.30072584,-58.0615641696269,16.321381119639963,0.024006960000001243,1,2
116,0.0,16.684837199999997,-63.37698814249373,9.923996934576028,0.012003480000000621,1,1
116,0.0,16.72084764,-62.23719176983203,11.063793307237733,0.012003480000000621,1,1
116,0.0,17.393042519999998,-63.940945698491234,17.17457735122226,0.024006960000001243,1,2
116,0.0,18.005219999999998,-64.26030448876203,15.850937959633836,0.024006960000001243,1,2
116,0.0,29.92467564,-67.36025483142743,15.663599182515425,0.012003480000000621,1,1
117,0.0,10.130937119999999,-47.29173613763707,15.409686895831808,0.048013920000002486,2,4
117,0.0,10.274978879999999,-51.528876397892674,11.850495535903944,0.012003480000000621,1,1
117,0.0,11.751406919999999,-52.637921237681425,17.992830751543913,0.036010440000001864,1,3
117,0.0,12.219542639999998,-62.571798463576805,12.625581733785518,0.012003480000000621,1,1
117,0.0,14.1641064,-56.091958939096706,25.44263676200242,0.06001740000000311,1,5
117,0.0,14.74027344,-73.01472375974132,11.48190884024028,0.012003480000000621,1,1
117,0.0,16.072659719999997,-58.50043770641917,21.92535736686215,0.048013920000002486,1,4
117,0.0,16.156684079999998,-70.91400892090117,9.511786152380154,0.012003480000000621,1,1
117,0.0,16.804872,-66.55348379361291,10.909259610959037,0.012003480000000621,1,1
117,0.0,17.81316432,-66.44623605486362,15.040542823836274,0.024006960000001243,1,2
117,0.0,17.849174759999997,-65.06337283486003,15.377996638965335,0.024006960000001243,1,2
117,0.0,18.053233919999997,-65.09284871602814,10.64700943713883,0.012003480000000621,1,1
117,0.0,18.13725828,-69.1818266774894,11.197501142255868,0.024006960000001243,1,2
117,0.0,18.7254288,-59.11196399643994,14.897728286634212,0.024006960000001243,1,2
117,0.0,19.841752439999997,-68.34717448926918,9.976523796958306,0.012003480000000621,1,1
117,0.0,20.77802388,-62.33729880052405,12.076629922785562,0.024006960000001243,1,2
117,0.0,22.362483239999996,-74.08356951383668,13.284825189606156,0.024006960000001243,1,2
117,0.0,23.022674639999998,-83.67810112007743,9.563162713494354,0.012003480000000621,1,1
117,0.0,28.11215016,-66.76810376481544,17.859598772522293,0.06001740000000311,1,5
117,0.0,30.056713919999996,-77.22684691288651,13.849685258245248,0.036010440000001864,1,3
118,0.0,10.503045,-68.13519766399126,15.698421882062362,0.036010440000001864,1,3
118,0.0,11.06720856,-56.58629795264935,12.905990388482081,0.024006960000001243,1,2
118,0.0,11.523340799999998,-48.11728490561974,24.022000220103518,0.048013920000002486,2,4
118,0.0,11.571354719999999,-62.7488766857566,9.39040843996665,0.012003480000000621,1,1
118,0.0,11.991476519999999,-62.48117951031374,11.646630253765238,0.012003480000000621,1,1
118,0.0,13.467904559999997,-53.60617981600648,16.62030646776645,0.024006960000001243,1,2
118,0.0,14.080082039999999,-63.271621439654346,10.117936080482528,0.024006960000001243,1,2
118,0.0,14.368165559999998,-61.76000618539469,19.46285084682983,0.06001740000000311,1,5
118,0.0,14.84830476,-71.20738836685793,12.292932413789558,0.012003480000000621,1,1
118,0.0,15.280430039999999,-65.61249197096933,12.16452147393346,0.024006960000001243,1,2
118,0.0,15.388461359999999,-65.65890460563685,13.292437363722716,0.024006960000001243,2,3
118,0.0,15.916614479999998,-57.918571280930024,21.48719860367047,0.06001740000000311,1,5
118,0.0,15.976631879999998,-69.79621884446014,9.609551040140351,0.012003480000000621,1,1
118,0.0,16.420760639999997,-62.94066403683571,13.689427993007637,0.024006960000001243,1,2
118,0.0,16.768861559999998,-54.98605514429598,16.962322360676286,0.024006960000001243,1,2
118,0.0,18.3653244,-70.44915986787255,17.845672770971618,0.08402436000000435,1,7
118,0.0,18.91748448,-67.55617942393373,9.496420442085254,0.012003480000000621,1,1
118,0.0,19.21757148,-63.231787611987976,13.516925200984428,0.024006960000001243,1,2
118,0.0,19.46964456,-59.91109937379933,16.35872148582068,0.048013920000002486,2,4
118,0.0,19.805742,-63.21894861684325,14.52721385836172,0.012003480000000621,1,1
118,0.0,20.069818559999998,-62.24904436905788,15.88442555310651,0.024006960000001243,1,2
118,0.0,20.2858812,-66.2723750728148,12.465856693782008,0.024006960000001243,1,2
118,0.0,21.88234404,-71.56858032527789,21.5803244293194,0.048013920000002486,1,4
118,0.0,22.48251804,-72.51244963369254,18.256196352106457,0.024006960000001243,1,2
118,0.0,22.90263984,-65.36430313664187,23.5868241768501,0.048013920000002486,1,4
118,0.0,23.5868382,-79.71008705355031,11.08001029022888,0.048013920000002486,1,4
118,0.0,23.61084516,-81.44700878144829,9.34308856233092,0.012003480000000621,1,1
118,0.0,24.235026119999997,-65.80947249816828,24.51316374814811,0.048013920000002486,1,4
119,0.0,10.17895104,-66.60691698152431,10.079384937723008,0.012003480000000621,1,1
119,0.0,10.226964959999998,-48.492481219478016,29.808455109846633,0.07202088000000373,1,6
119,0.0,11.85943824,-72.28056272497837,10.318234879826512,0.012003480000000621,1,1
119,0.0,12.531633119999999,-58.00368710553069,25.691889234194974,0.048013920000002486,1,4
119,0.0,13.23983844,-54.58182033255603,18.223835184303244,0.09602784000000497,3,9
119,0.0,13.8640194,-56.147864286024465,11.381086362110928,0.012003480000000621,1,1
119,0.0,14.4641934,-58.99746676341802,10.097444851998642,0.012003480000000621,1,1
119,0.0,15.1844022,-60.71589030178778,11.415950457886378,0.024006960000001243,1,2
119,0.0,15.688548359999999,-59.46989559490663,10.862116001189673,0.012003480000000621,1,1
119,0.0,16.264715399999996,-56.7693837313844,16.994199229553278,0.024006960000001243,1,2
119,0.0,16.73285112,-69.93760924568788,11.625458942740508,0.012003480000000621,1,1
119,0.0,16.79286852,-68.74338762638516,11.791902211725258,0.012003480000000621,1,1
119,0.0,17.044941599999998,-58.425574968685474,14.765857332538069,0.024006960000001243,1,2
119,0.0,17.90919216,-61.80875987441185,14.883669635777085,0.024006960000001243,1,2
119,0.0,17.981213039999997,-62.33613305334877,16.26143811662258,0.024006960000001243,1,2
119,0.0,19.757728079999996,-65.60959536866277,18.146587203623287,0.036010440000001864,1,3
119,0.0,20.405915999999998,-59.72686126589387,19.20199818400708,0.036010440000001864,1,3
119,0.0,20.51394732,-63.95051819350522,13.58619403101424,0.012003480000000621,1,1
119,0.0,20.98208304,-71.16281670746342,10.262400835660767,0.012003480000000621,1,1
119,0.0,21.11412132,-60.83395684004684,22.3745708662103,0.024006960000001243,1,2
119,0.0,21.138128279999997,-70.8815287969816,12.326998909275535,0.012003480000000621,1,1
119,0.0,23.106699,-73.0056648170945,18.163310278199425,0.036010440000001864,1,3
119,0.0,28.640303279999998,-64.00387806263855,23.85904604090196,0.048013920000002486,2,6
120,0.0,10.69510068,-76.48462096627456,9.53208923709576,0.012003480000000621,1,1
120,0.0,11.295274679999999,-63.151172884558136,10.516551181067836,0.012003480000000621,1,1
120,0.0,11.319281639999998,-64.9982106290384,11.23286239785939,0.012003480000000621,1,1
120,0.0,11.739403439999998,-53.19956551003797,15.054278230311146,0.036010440000001864,1,3
120,0.0,12.471615719999999,-57.55392364991691,12.173402170228364,0.024006960000001243,1,2
120,0.0,28.484258039999997,-70.42557314822758,13.871247924036085,0.012003480000000621,1,1
121,0.0,10.89915984,-55.96731833627938,16.01918427039172,0.08402436000000435,2,10
121,0.0,11.091215519999999,-55.978563652959956,15.166063717542993,0.024006960000001243,1,2
121,0.0,12.423601799999998,-59.574133024030175,15.942253172480738,0.036010440000001864,1,3
121,0.0,12.7837062,-53.55400786156779,26.570669024843376,0.07202088000000373,1,6
121,0.0,12.867730559999998,-71.07603887395467,9.583406807415798,0.024006960000001243,1,2
121,0.0,13.10780016,-75.71330069680752,10.372576776163438,0.012003480000000621,1,1
121,0.0,13.4438976,-76.5337854621839,10.03732821869255,0.012003480000000621,1,1
121,0.0,13.467904559999997,-78.67064126230326,10.322425446177398,0.024006960000001243,1,2
121,0.0,14.776283879999998,-59.41072865706987,16.691566900291942,0.048013920000002486,1,4
121,0.0,15.25642308,-54.48386598269839,13.754716105411386,0.024006960000001243,1,2
121,0.0,15.628530959999999,-55.92757758221579,13.501818660656182,0.024006960000001243,1,2
121,0.0,15.676544879999998,-56.29694154929234,13.449762359965709,0.012003480000000621,1,1
121,0.0,16.8648894,-60.711426038559495,12.39858366523581,0.012003480000000621,1,1
121,0.0,16.93691028,-62.310611732516705,11.983281209426533,0.024006960000001243,1,2
121,0.0,17.5250808,-58.45463795536354,15.598288352291918,0.012003480000000621,1,1
121,0.0,18.281300039999998,-58.95426585140358,19.256962098830087,0.024006960000001243,1,2
121,0.0,18.53337312,-62.997547264283355,12.669379637431744,0.012003480000000621,1,1
121,0.0,18.8454636,-59.666373239793664,15.082005834565672,0.024006960000001243,1,2
121,0.0,18.881474039999997,-66.77764703627417,9.5134399900878,0.012003480000000621,1,1
121,0.0,19.19356452,-57.611382538099875,17.60987048174713,0.024006960000001243,1,2
121,0.0,19.313599319999998,-62.93682903235528,9.678376149902858,0.012003480000000621,1,1
121,0.0,19.445637599999998,-57.540094258856634,17.681158760990364,0.024006960000001243,1,2
121,0.0,20.874051719999997,-74.5260446552191,17.748319302720535,0.048013920000002486,1,4
121,0.0,21.786316199999998,-60.773809942114134,23.859635736523444,0.048013920000002486,1,4
121,0.0,21.83433012,-73.61003013880841,11.392770214476966,0.012003480000000621,1,1
121,0.0,22.49452152,-78.75579385711133,9.976809290318316,0.036010440000001864,1,3
122,0.0,10.202957999999999,-57.6326734651215,25.912864282197468,0.07202088000000373,1,6
122,0.0,11.25926424,-58.01046010749096,25.37714959769751,0.048013920000002486,2,6
122,0.0,11.30727816,-72.11872081304196,9.974267131989714,0.012003480000000621,1,1
122,0.0,11.54734776,-60.58325015250823,22.978040454521363,0.048013920000002486,1,4
122,0.0,11.89544868,-59.49118514580189,24.691722882952796,0.12003480000000621,1,10
122,0.0,12.591650519999998,-55.550431000182826,20.096913645520615,0.024006960000001243,1,2
122,0.0,13.01177232,-70.10119446220142,12.229851117134544,0.024006960000001243,1,2
122,0.0,13.791998519999998,-53.127707598766364,17.543060460314763,0.024006960000001243,1,2
122,0.0,14.65624908,-64.132581765297,11.152848617876014,0.012003480000000621,1,1
122,0.0,15.08837436,-59.30835623364423,11.39365559269917,0.012003480000000621,1,1
122,0.0,15.112381319999999,-51.32990921171973,19.37210261462367,0.024006960000001243,1,2
122,0.0,15.40046484,-60.33252509762147,13.820897483009837,0.024006960000001243,1,2
122,0.0,15.868600559999997,-63.51407815804372,12.490526820871423,0.012003480000000621,1,1
122,0.0,16.204698,-61.5038726943295,19.028005245563183,0.06001740000000311,1,5
122,0.0,16.58880936,-61.15939092672603,14.412635928256961,0.036010440000001864,2,3
122,0.0,16.840882439999998,-58.45608908663771,13.879172413223637,0.012003480000000621,1,1
122,0.0,16.88889636,-59.51515161385578,14.017460957159537,0.012003480000000621,1,1
122,0.0,18.01722348,-63.23771529169016,13.985580731369229,0.048013920000002486,2,4
122,0.0,18.16126524,-60.300002763709955,16.923293259349432,0.024006960000001243,1,2
122,0.0,19.841752439999997,-69.94377273730936,21.480112508332688,0.048013920000002486,1,4
122,0.0,20.754016919999998,-79.38663107719039,9.884567985446937,0.012003480000000621,1,1
122,0.0,22.31446932,-80.70062205663635,13.071176557809457,0.036010440000001864,1,3
123,0.0,10.79112852,-50.30216734561981,18.432948007976012,0.06001740000000311,2,6
123,0.0,11.031198119999999,-58.000041494216745,12.614329064558984,0.024006960000001243,1,2
123,0.0,11.69138952,-69.7066714275205,9.51923191336116,0.012003480000000621,1,1
123,0.0,11.727399959999998,-69.17366116122345,10.17222339433764,0.024006960000001243,1,2
123,0.0,12.303567,-51.69396750329299,21.12143430464978,0.07202088000000373,1,6
123,0.0,13.359873239999999,-55.30344664820233,15.368248897038242,0.024006960000001243,1,2
123,0.0,13.65996024,-59.8577612195635,10.561348946366973,0.06001740000000311,2,6
123,0.0,14.332155119999998,-54.99546957785033,14.675512638531444,0.024006960000001243,1,2
123,0.0,14.356162079999999,-61.53788364894956,9.518820999537079,0.012003480000000621,1,1
123,0.0,15.772572719999998,-67.07204634100981,12.594067226611942,0.024006960000001243,1,2
123,0.0,16.276718879999997,-57.02071676668754,21.721250880749928,0.024006960000001243,1,2
123,0.0,16.30072584,-63.21163369440662,14.632805139610984,0.012003480000000621,1,1
123,0.0,17.26100424,-60.396796682593035,11.279417097525211,0.024006960000001243,1,2
123,0.0,17.63311212,-57.14017934174582,15.629829450149932,0.024006960000001243,1,2
123,0.0,18.473355719999997,-64.81633265684324,11.124501738879513,0.048013920000002486,2,4
123,0.0,18.97750188,-73.77967367429213,11.174644495757889,0.012003480000000621,1,1
123,0.0,19.39762368,-68.76882721902709,15.480649513794065,0.024006960000001243,1,2
123,0.0,19.90176984,-67.9383570549263,12.05632692940078,0.012003480000000621,1,1
123,0.0,19.985794199999997,-69.88339128435614,10.98290154834283,0.024006960000001243,1,2
123,0.0,20.57396472,-69.40825104273087,13.099346681734191,0.036010440000001864,1,3
123,0.0,24.187012199999998,-76.90819085180198,10.639752112580346,0.012003480000000621,1,1
123,0.0,24.595130519999998,-66.90172575561674,17.830843144560664,0.048013920000002486,1,4
124,0.0,11.11522248,-52.90079205514818,25.14204308576396,0.048013920000002486,1,4
124,0.0,11.1632364,-65.61870748760265,13.12543226269109,0.012003480000000621,1,1
124,0.0,11.955466079999999,-62.92222544109898,10.025814856703514,0.012003480000000621,1,1
124,0.0,13.9840542,-62.95541489659159,11.93997289181845,0.024006960000001243,1,2
124,0.0,14.032068119999998,-53.810430232957685,22.539991587838124,0.036010440000001864,1,3
124,0.0,14.080082039999999,-64.40741012349048,10.487977664919574,0.012003480000000621,1,1
124,0.0,14.60823516,-54.41494732319525,18.137434843566673,0.07202088000000373,2,7
124,0.0,15.220412639999997,-55.61738669580493,17.58312063822956,0.024006960000001243,1,2
124,0.0,15.352450919999999,-60.92186261093036,11.240491697171942,0.024006960000001243,1,2
124,0.0,15.71255532,-60.70126740064271,15.351244011098304,0.036010440000001864,1,3
124,0.0,16.696840679999998,-59.96134096143197,16.23946312723116,0.012003480000000621,1,1
124,0.0,16.7448546,-54.32418716208425,21.88623110833356,0.06001740000000311,1,5
124,0.0,16.804872,-66.71737702104042,9.48342706762271,0.012003480000000621,1,1
124,0.0,18.11325132,-57.30606924625927,16.558225699490425,0.048013920000002486,2,4
124,0.0,20.30988816,-82.55988314840434,9.647509044006146,0.012003480000000621,1,1
124,0.0,20.91006216,-69.36306338552464,17.727613281812467,0.024006960000001243,1,2
124,0.0,24.379067879999997,-74.83587490040608,16.86849386835801,0.024006960000001243,1,2
125,0.0,10.69510068,-57.3981558698448,17.51469957790612,0.08402436000000435,1,7
125,0.0,11.523340799999998,-50.98402027068113,16.05949551586111,0.036010440000001864,1,3
125,0.0,11.751406919999999,-51.608429705149234,15.408944781676528,0.012003480000000621,1,1
125,0.0,11.775413879999999,-60.544951325526725,10.958073248222128,0.012003480000000621,1,1
125,0.0,12.159525239999999,-51.76661131963981,25.251671607294558,0.09602784000000497,2,9
125,0.0,13.167817559999998,-62.6735443275755,12.321103226166441,0.036010440000001864,2,4
125,0.0,14.248130759999999,-64.55208089510057,13.534273757859726,0.024006960000001243,1,2
125,0.0,15.08837436,-66.18655335410908,9.353423949740097,0.012003480000000621,1,1
125,0.0,15.16039524,-55.55754153197361,20.991894698557253,0.036010440000001864,1,3
125,0.0,15.556510079999999,-63.57816366346471,13.000132367250064,0.024006960000001243,1,2
125,0.0,15.8445936,-57.241709966943276,16.671240858899953,0.024006960000001243,1,2
125,0.0,16.0246458,-57.62554412502109,18.95275190569369,0.048013920000002486,2,4
125,0.0,16.33673628,-65.05584188254726,9.73857650075573,0.012003480000000621,1,1
125,0.0,16.636823279999998,-60.2838761306138,12.536118465128244,0.036010440000001864,2,3
125,0.0,17.30901816,-64.86720135280419,12.20404350277175,0.012003480000000621,1,1
125,0.0,18.065237399999997,-57.43982234425374,16.978106151239977,0.024006960000001243,1,2
125,0.0,18.62940096,-69.81677282543204,10.516079488363753,0.012003480000000621,1,1
125,0.0,18.83346012,-70.62068495703355,11.201792568968585,0.024006960000001243,1,2
125,0.0,19.66170024,-71.10477633676615,16.653740021971984,0.09602784000000497,2,9
125,0.0,19.88976636,-64.87468463513007,19.995278449767074,0.036010440000001864,1,3
125,0.0,20.249870759999997,-64.86617354052497,17.017156885046166,0.036010440000001864,1,3
125,0.0,20.50194384,-68.19772023115193,11.904500177643518,0.012003480000000621,1,1
125,0.0,20.80203084,-61.01692884896877,19.468104516904997,0.024006960000001243,1,2
125,0.0,21.01809348,-64.53551921687729,13.429540584042039,0.024006960000001243,2,3
125,0.0,21.1261248,-68.08056033867568,13.029271880780918,0.012003480000000621,1,1
125,0.0,21.46222224,-59.24783663548403,25.15556816476949,0.048013920000002486,1,4
125,0.0,27.41594832,-68.54851697654071,21.37402601174798,0.07202088000000373,1,6
125,0.0,28.052132759999996,-80.35216932183067,10.947199313166147,0.012003480000000621,1,1
125,0.0,28.076139719999997,-79.66053697162118,12.54296349780131,0.07202088000000373,1,6
125,0.0,29.00040768,-75.9711058813525,17.35833728901201,0.036010440000001864,1,3
125,0.0,29.756626919999995,-75.28968350694795,18.726670543848,0.048013920000002486,1,4
126,0.0,11.403305999999999,-50.7752653892554,26.399077569738438,0.06001740000000311,1,5
126,0.0,11.45131992,-65.80807510247026,11.752463653461563,0.012003480000000621,1,1
126,0.0,11.979473039999998,-62.325520593326154,18.160569563975525,0.048013920000002486,1,4
126,0.0,12.375587879999998,-56.91037654057405,27.30254096767699,0.07202088000000373,1,6
126,0.0,13.85201592,-81.84910755721015,9.497937701370455,0.012003480000000621,1,1
126,0.0,14.380169039999998,-57.512431155732756,26.648760798713216,0.07202088000000373,2,10
126,0.0,14.75227692,-63.45254273946053,18.027673686944304,0.024006960000001243,1,2
126,0.0,14.776283879999998,-66.01763032415873,15.010583185024826,0.036010440000001864,1,3
126,0.0,15.208409159999999,-61.36855529456848,9.537809967680436,0.012003480000000621,1,1
126,0.0,15.376457879999998,-57.655625862037574,12.044134620982376,0.012003480000000621,1,1
126,0.0,16.4447676,-67.58608828861558,13.242563972609192,0.024006960000001243,1,2
126,0.0,16.81687548,-63.42389100347095,11.59038169704222,0.024006960000001243,1,2
126,0.0,17.140969439999996,-57.1841850735817,16.78783601872553,0.024006960000001243,1,2
126,0.0,17.5250808,-63.25327559808883,12.756258088687497,0.012003480000000621,1,1
126,0.0,18.677414879999997,-64.46880616340582,17.38233120891815,0.06001740000000311,1,5
126,0.0,20.00980116,-61.83368050752043,14.554163970430194,0.036010440000001864,2,4
126,0.0,20.069818559999998,-60.4632904187542,19.68163028980397,0.024006960000001243,1,2
126,0.0,20.09382552,-71.24429724114218,10.03719061214147,0.012003480000000621,1,1
126,0.0,20.12983596,-64.09281983267921,15.15311929054182,0.012003480000000621,1,1
126,0.0,20.381909039999996,-71.21059213748205,13.243473677135311,0.024006960000001243,1,2
126,0.0,21.258163079999996,-70.75235881019827,13.488451156992372,0.036010440000001864,1,3
126,0.0,22.77060156,-74.18512244309082,20.34485362749397,0.06001740000000311,1,5
126,0.0,26.39565252,-81.1512245111748,12.022897000805129,0.012003480000000621,1,1
126,0.0,26.41965948,-83.51449687362049,9.877404096967183,0.012003480000000621,1,1
126,0.0,27.247899599999997,-68.0337224392022,20.474624196205045,0.07202088000000373,1,6
126,0.0,29.552567759999995,-72.6360912051069,22.35606329512517,0.048013920000002486,1,4
127,0.0,12.603653999999999,-52.312066505706404,18.17757030567583,0.024006960000001243,1,2
127,0.0,14.884315199999998,-69.38291475451895,9.772140998373391,0.012003480000000621,1,1
127,0.0,15.532503119999998,-62.111172191090354,9.827498823002076,0.012003480000000621,1,1
127,0.0,15.70055184,-59.266175079354355,11.763964656684019,0.024006960000001243,2,4
127,0.0,16.01264232,-56.25070304167684,15.474582811757024,0.06001740000000311,1,5
127,0.0,16.64882676,-60.02999291488046,10.874291073057108,0.024006960000001243,1,2
127,0.0,17.27300772,-56.62770177145759,14.046786971056415,0.036010440000001864,1,3
127,0.0,17.669122559999998,-60.155286236965004,10.519202505548993,0.012003480000000621,1,1
127,0.0,18.869470559999996,-63.589715917260854,13.892701574200302,0.024006960000001243,1,2
127,0.0,19.22957496,-65.43369221387957,12.36231248860519,0.024006960000001243,1,2
127,0.0,19.637693279999997,-58.03128521733867,17.777735766711203,0.08402436000000435,2,11
127,0.0,22.542535439999998,-70.65459466640674,13.9425316196263,0.024006960000001243,1,2
128,0.0,10.55105892,-67.82062993910559,9.363267319018293,0.012003480000000621,1,1
128,0.0,10.91116332,-50.15237314389016,24.12078057071799,0.08402436000000435,1,7
128,0.0,12.303567,-50.523263447060565,26.89146440656861,0.024006960000001243,1,2
128,0.0,12.327573959999999,-63.95077605943613,13.44406809870592,0.024006960000001243,1,2
128,0.0,12.98776536,-74.84688791135508,9.437625234672142,0.012003480000000621,1,1
128,0.0,13.023775799999997,-73.04260825357103,11.241904892456187,0.024006960000001243,1,2
128,0.0,13.047782759999999,-74.76754789864684,9.516965247380373,0.012003480000000621,1,1
128,0.0,13.34786976,-59.706459268382204,19.263863089925895,0.036010440000001864,1,3
128,0.0,13.45590108,-67.9484484619297,10.939728224822789,0.012003480000000621,1,1
128,0.0,13.828008959999998,-62.32519147324118,15.38160571606689,0.06001740000000311,1,5
128,0.0,14.800290839999999,-68.9727294639802,15.553059304335545,0.06001740000000311,1,5
128,0.0,15.388461359999999,-55.201293880117134,23.443153802836147,0.06001740000000311,2,7
128,0.0,16.16868756,-57.194841610698745,18.517911450630365,0.036010440000001864,1,3
128,0.0,16.33673628,-56.88102037194425,16.562004753471975,0.024006960000001243,1,2
128,0.0,16.768861559999998,-58.811108269570205,15.14490333475958,0.07202088000000373,2,6
128,0.0,16.99692768,-54.820914027555325,9.66828679483784,0.012003480000000621,1,1
128,0.0,17.140969439999996,-56.67305497193325,11.609534227728888,0.012003480000000621,1,1
128,0.0,17.188983359999998,-57.56711623117332,10.6974265908067,0.012003480000000621,1,1
128,0.0,20.50194384,-64.24544161969112,19.640112187610296,0.06001740000000311,1,5
129,0.0,10.034909279999999,-60.66112462925478,13.343942486075246,0.024006960000001243,1,2
129,0.0,10.31098932,-57.85142599088686,12.318885079226586,0.024006960000001243,1,2
129,0.0,10.719107639999999,-54.52321697141167,18.953452714350085,0.024006960000001243,1,2
129,0.0,11.703393,-58.181509322929614,13.61112767597862,0.024006960000001243,1,2
129,0.0,12.675674879999999,-64.9739664384491,15.929597624523527,0.024006960000001243,1,2
129,0.0,13.191824519999999,-58.86833870289793,14.34024584901838,0.024006960000001243,1,2
129,0.0,13.5639324,-58.13156556042638,14.548799903514082,0.024006960000001243,1,2
129,0.0,14.236127279999998,-56.33127155886578,16.608180984973853,0.024006960000001243,1,2
129,0.0,14.992346519999998,-60.82284477719042,25.210586431562824,0.06001740000000311,1,5
129,0.0,16.45677108,-52.527059825178796,23.453209916447722,0.036010440000001864,1,3
129,0.0,16.504785,-66.19743364979233,9.571063997040985,0.012003480000000621,1,1
129,0.0,17.50107384,-58.45589642269825,18.607395844307014,0.024006960000001243,1,2
129,0.0,17.89718868,-56.311671377916554,25.034437461315136,0.024006960000001243,1,2
129,0.0,18.22128264,-55.8692256151635,23.208762663028505,0.07202088000000373,3,11
129,0.0,18.77344272,-68.04725132876284,12.510665565269187,0.012003480000000621,1,1
129,0.0,19.961787239999996,-65.78758284363956,23.195404566951684,0.048013920000002486,1,4
129,0.0,24.25903308,-71.59245064621521,21.67811680480353,0.036010440000001864,1,3
129,0.0,24.81119316,-65.6556940293815,19.17780681519803,0.06001740000000311,1,5
129,0.0,25.255321919999997,-79.30515774146349,12.22581192218749,0.036010440000001864,1,3
130,0.0,10.61107632,-61.33007887990462,15.476393003321544,0.036010440000001864,1,3
130,0.0,10.8631494,-54.68968365791912,18.235411123951472,0.024006960000001243,1,2
130,0.0,11.11522248,-49.7251272679505,22.61436052908721,0.14404176000000746,2,12
130,0.0,11.775413879999999,-54.080268108228786,20.436745350061113,0.024006960000001243,1,2
130,0.0,13.083793199999999,-62.13858608078755,9.834727561772418,0.012003480000000621,1,1
130,0.0,13.275848879999998,-54.76655671285969,17.891868930600104,0.048013920000002486,1,4
130,0.0,13.61194632,-54.098427410651,15.35482433668178,0.048013920000002486,1,4
130,0.0,14.05607508,-62.11340034990837,16.418323988292137,0.036010440000001864,1,3
130,0.0,14.920325639999998,-65.84347003530083,14.11837843068685,0.024006960000001243,1,2
130,0.0,15.484489199999999,-65.26456165355314,15.727884338500328,0.024006960000001243,1,2
130,0.0,16.01264232,-61.21122721388417,10.089489769043059,0.012003480000000621,1,1
130,0.0,16.156684079999998,-52.68091868662503,19.478077029078698,0.036010440000001864,1,3
130,0.0,17.549087759999995,-64.65887049464621,13.050212345978775,0.024006960000001243,1,2
130,0.0,17.9452026,-57.13675040509439,18.528882961011668,0.024006960000001243,1,2
130,0.0,18.17326872,-64.98124207697742,10.46710813212114,0.024006960000001243,1,2
130,0.0,19.25358192,-77.56935059981143,10.060195927995752,0.024006960000001243,1,2
130,0.0,20.00980116,-72.78179815069525,10.904751597631341,0.012003480000000621,1,1
130,0.0,20.80203084,-60.18976356331122,18.930337288962477,0.024006960000001243,1,2
130,0.0,20.97007956,-65.7072451977879,13.099335900436609,0.024006960000001243,1,2
130,0.0,25.399363679999997,-63.97267883468763,19.67908633892695,0.048013920000002486,1,4
131,0.0,10.971180719999998,-62.821882638773985,11.56813623258865,0.012003480000000621,1,1
131,0.0,11.41530948,-58.89548093848564,15.92284196350951,0.024006960000001243,1,2
131,0.0,11.643375599999999,-63.79065179784324,11.701530688621652,0.024006960000001243,1,2
131,0.0,12.327573959999999,-64.80799702565533,14.846878788364627,0.024006960000001243,1,2
131,0.0,12.735692279999999,-60.43799833785694,16.526079521125865,0.036010440000001864,1,3
131,0.0,13.179821039999998,-59.133845185878464,14.431505626066503,0.012003480000000621,1,1
131,0.0,13.5639324,-56.121949021731695,17.361606925760476,0.036010440000001864,1,3
131,0.0,14.704263,-62.34661316059912,11.532516781392433,0.012003480000000621,1,1
131,0.0,14.84830476,-59.28322679539988,12.24595879576454,0.024006960000001243,1,2
131,0.0,15.028356959999998,-60.54890621230431,12.208266975274512,0.024006960000001243,1,2
131,0.0,15.124384799999998,-56.03925327025431,13.512442930744506,0.024006960000001243,1,2
131,0.0,15.316440479999997,-53.36249604671052,13.635137156171629,0.048013920000002486,2,5
131,0.0,15.424471799999997,-56.95616786339323,12.296523931996422,0.024006960000001243,1,2
131,0.0,15.71255532,-64.52178614721385,14.34678097358185,0.048013920000002486,2,4
131,0.0,16.64882676,-60.30391015511783,16.910748762936358,0.036010440000001864,1,3
131,0.0,17.02093464,-70.82802357088406,10.671840917582426,0.012003480000000621,1,1
131,0.0,19.517658479999998,-64.9666489405901,16.749141350469174,0.06001740000000311,1,5
131,0.0,26.21560032,-64.61916356026947,21.23076629869697,0.048013920000002486,1,4
132,0.0,10.31098932,-66.4038746463604,11.440644780312759,0.024006960000001243,1,2
132,0.0,11.331285119999999,-51.61920446648417,27.437375220605304,0.024006960000001243,1,2
132,0.0,11.35529208,-64.58720377928701,14.444443026173612,0.024006960000001243,1,2
132,0.0,11.78741736,-56.51851804594368,19.854340795588705,0.06001740000000311,1,5
132,0.0,12.98776536,-60.600812752205144,22.9453957445266,0.07202088000000373,1,6
132,0.0,13.623949799999998,-60.63342273157227,17.226165045225628,0.048013920000002486,1,4
132,0.0,13.912033319999999,-62.213683725377365,13.73034006264636,0.024006960000001243,1,2
132,0.0,14.140099439999998,-59.17902407183149,21.495332347252976,0.036010440000001864,1,3
132,0.0,14.4641934,-59.70724237714769,13.87022955987497,0.024006960000001243,1,2
132,0.0,14.572224719999998,-57.77338146669767,20.966561384332017,0.06001740000000311,1,5
132,0.0,15.364454399999998,-76.20768514584216,9.503255306619335,0.012003480000000621,1,1
132,0.0,16.4447676,-67.97440073494596,12.105876201141019,0.012003480000000621,1,1
132,0.0,17.23699728,-64.81514601247545,11.654848197524563,0.024006960000001243,1,2
132,0.0,17.93319912,-58.0799898627567,20.982301093331817,0.048013920000002486,3,5
132,0.0,18.1852722,-70.61833142885696,12.365018116380803,0.012003480000000621,1,1
132,0.0,19.961787239999996,-83.52869525186577,11.051240906169078,0.012003480000000621,1,1
133,0.0,10.539055439999998,-62.074575369372354,11.99150454747821,0.024006960000001243,1,2
133,0.0,12.519629639999998,-52.670000819992254,19.336060082878596,0.06001740000000311,1,5
133,0.0,13.31185932,-55.822275690240474,16.00904564326727,0.024006960000001243,1,2
133,0.0,13.4438976,-54.330049193711034,15.132856776383314,0.012003480000000621,1,1
133,0.0,13.683967199999998,-53.743966543145206,16.1785639694041,0.08402436000000435,2,9
133,0.0,13.767991559999999,-61.56319790096546,9.402120788536262,0.012003480000000621,1,1
133,0.0,14.224123799999997,-56.83794022866075,15.812263701628769,0.024006960000001243,1,2
133,0.0,14.404176,-62.1219753923694,12.019707617084547,0.012003480000000621,1,1
133,0.0,15.436475279999998,-56.719674177558815,15.792558428007863,0.024006960000001243,1,2
133,0.0,16.51678848,-56.36057026928438,15.20891692516296,0.012003480000000621,1,1
133,0.0,16.61281632,-60.33709559657641,12.519002557638075,0.024006960000001243,1,2
133,0.0,16.912903319999998,-61.251945769727804,11.101264267514082,0.012003480000000621,1,1
133,0.0,17.140969439999996,-56.841051386519425,13.338836579997931,0.048013920000002486,2,6
133,0.0,17.47706688,-66.12667694303656,9.667222363392543,0.012003480000000621,1,1
133,0.0,18.83346012,-78.94632125936295,11.156012891840517,0.024006960000001243,1,2
133,0.0,19.43363412,-69.58068320866825,20.25331676026451,0.048013920000002486,1,4
133,0.0,20.5259508,-64.21148164304498,24.675783909529837,0.06001740000000311,1,5
133,0.0,21.498232679999997,-67.81372572200706,20.380689758477374,0.036010440000001864,1,3
133,0.0,21.546246599999996,-80.24609739347613,9.670459375095803,0.012003480000000621,1,1
133,0.0,24.559120079999996,-81.39311094530177,14.493030455226062,0.024006960000001243,1,2
133,0.0,24.859207079999997,-74.22646917666994,18.267501236873656,0.08402436000000435,1,7
134,0.0,11.103219,-55.814773642117444,20.785853776461227,0.07202088000000373,1,6
134,0.0,11.427312959999998,-56.975264722612565,13.329522804265208,0.048013920000002486,2,5
134,0.0,11.499333839999998,-56.348112421046615,18.186308490204922,0.08402436000000435,1,7
134,0.0,11.871441719999998,-65.74449657764345,15.667555310344676,0.036010440000001864,2,5
134,0.0,12.79570968,-53.52627177192258,18.359844686977244,0.06001740000000311,1,5
134,0.0,13.912033319999999,-64.22921907161877,14.090564630291036,0.024006960000001243,1,2
134,0.0,14.1641064,-63.9220806767442,14.245523113885778,0.024006960000001243,1,2
134,0.0,15.136388279999998,-64.62452487567316,9.437431695245248,0.012003480000000621,1,1
134,0.0,15.376457879999998,-55.763069130512164,15.493595964192027,0.036010440000001864,1,3
134,0.0,15.868600559999997,-53.117711165139916,15.774510180136359,0.036010440000001864,1,3
134,0.0,18.077240879999998,-63.66473970247228,9.595595574016507,0.012003480000000621,1,1
134,0.0,21.40220484,-69.28444860289952,16.411967180011825,0.036010440000001864,1,3
134,0.0,27.391941359999997,-64.44747211918737,15.507538965782839,0.012003480000000621,1,1
135,0.0,10.419020639999998,-61.804852599664095,15.074899053021884,0.048013920000002486,1,4
135,0.0,10.743114599999998,-64.41881127868884,11.88698086508943,0.024006960000001243,1,2
135,0.0,12.075500879999998,-60.24712344679584,19.524105025004992,0.036010440000001864,1,3
135,0.0,12.20753916,-59.34664694592209,18.170921303778805,0.024006960000001243,1,2
135,0.0,12.65166792,-54.33804930160474,22.521953410019343,0.024006960000001243,2,3
135,0.0,12.675674879999999,-64.13362179710204,13.913981269498914,0.012003480000000621,1,1
135,0.0,13.275848879999998,-56.228324020068754,22.5063825534343,0.06001740000000311,1,5
135,0.0,14.068078559999998,-55.84213892832224,22.20778208223336,0.09602784000000497,1,8
135,0.0,14.54821776,-67.40515632779432,15.866157021582097,0.06001740000000311,1,5
135,0.0,14.9443326,-61.96219413736084,11.389557358540113,0.024006960000001243,1,2
135,0.0,15.208409159999999,-55.78088112265568,20.12734172088493,0.024006960000001243,1,2
135,0.0,15.304437,-62.71962602958926,11.940252443254094,0.024006960000001243,1,2
135,0.0,15.544506599999998,-67.59942387502812,15.663569437628846,0.036010440000001864,2,3
135,0.0,16.0246458,-61.79499033922892,19.79297892601965,0.036010440000001864,1,3
135,0.0,17.12896596,-57.01400338253242,21.360705528295757,0.036010440000001864,1,3
135,0.0,17.50107384,-69.930057111126,9.969827033677033,0.012003480000000621,1,1
135,0.0,18.49736268,-64.47332340943899,24.453988858189575,0.048013920000002486,1,4
135,0.0,19.541665439999996,-73.10450559114499,22.266299363487022,0.048013920000002486,1,4
135,0.0,20.597971679999997,-74.29341507384002,12.009047393636783,0.012003480000000621,1,1
135,0.0,20.874051719999997,-67.45920648494129,16.897080610057493,0.048013920000002486,1,4
135,0.0,23.106699,-85.83396964271465,11.41552368831091,0.012003480000000621,1,1
135,0.0,23.85091476,-64.68006884882625,27.935189608677895,0.08402436000000435,1,7
135,0.0,24.571123559999997,-88.19484283391445,9.822431862343894,0.012003480000000621,1,1
135,0.0,29.27648772,-82.50607282272057,12.35105115260686,0.024006960000001243,1,2
136,0.0,10.527051959999998,-61.57697435905,12.208046298967938,0.024006960000001243,1,2
136,0.0,10.803132,-50.353275689030525,23.18901041241531,0.036010440000001864,2,6
136,0.0,11.90745216,-70.97504938091048,16.435353900134846,0.08402436000000435,1,7
136,0.0,12.25555308,-74.4786337042525,13.44561407836162,0.036010440000001864,1,3
136,0.0,12.519629639999998,-78.84185052945975,10.877523574163586,0.024006960000001243,1,2
136,0.0,12.927747959999998,-75.07345281521211,11.428400233042339,0.024006960000001243,1,2
136,0.0,13.88802636,-59.630282098191564,13.757040072357192,0.012003480000000621,1,1
136,0.0,15.964628399999997,-55.98387193842755,21.27378915663385,0.024006960000001243,1,2
136,0.0,16.348739759999997,-60.900104472696995,23.2148473545027,0.048013920000002486,2,6
136,0.0,16.66083024,-75.43062007308745,9.844064028365606,0.012003480000000621,1,1
136,0.0,17.03293812,-72.6022047966805,10.532191562801534,0.024006960000001243,1,2
136,0.0,17.537084280000002,-65.06917106657683,19.69358771493478,0.036010440000001864,1,3
136,0.0,18.58138704,-75.87995861304573,18.751248557653156,0.10803132000000559,2,9
136,0.0,19.21757148,-78.44739208668614,14.696798712121888,0.08402436000000435,2,7
136,0.0,20.069818559999998,-80.10588037365935,14.591201636127586,0.036010440000001864,1,3
136,0.0,20.71800648,-74.43916479821574,18.515336758099085,0.048013920000002486,2,5
136,0.0,21.00609,-73.03506269937417,18.132243401426138,0.036010440000001864,1,3
136,0.0,22.00237884,-76.5915515631211,19.846928728558648,0.07202088000000373,1,6
136,0.0,29.336505119999995,-81.2748344521591,15.503560239604766,0.036010440000001864,1,3
137,0.0,10.17895104,-52.27567720108658,12.007853158880042,0.012003480000000621,1,1
137,0.0,10.35900324,-56.484011281669595,12.135979979660444,0.036010440000001864,1,3
137,0.0,10.49104152,-59.26426885043619,15.38811259297307,0.024006960000001243,1,2
137,0.0,11.019194639999998,-56.83174032544631,15.260566845175509,0.06001740000000311,1,5
137,0.0,13.55192892,-59.79212197655775,18.494240580988773,0.036010440000001864,1,3
137,0.0,14.284141199999999,-54.28266573984973,23.16680589083926,0.07202088000000373,1,6
137,0.0,14.356162079999999,-69.54611657488636,9.420008554252938,0.012003480000000621,1,1
137,0.0,14.728269959999999,-54.94958287354214,20.494043195803048,0.024006960000001243,1,2
137,0.0,15.08837436,-62.32414918248204,9.96016843170601,0.012003480000000621,1,1
137,0.0,15.352450919999999,-59.25352759144541,11.308231725419288,0.024006960000001243,1,2
137,0.0,16.228704959999998,-66.53399817832424,13.264817433475864,0.024006960000001243,1,2
137,0.0,16.8648894,-66.21772970104341,15.756132176067714,0.024006960000001243,1,2
137,0.0,18.16126524,-56.362561174173685,24.753535767391487,0.048013920000002486,1,4
137,0.0,18.473355719999997,-68.3136545019319,18.1443019810457,0.036010440000001864,1,3
137,0.0,19.52966196,-63.90440249596448,15.784232484296123,0.024006960000001243,1,2
137,0.0,19.72171764,-64.78301047291276,17.120716562525132,0.036010440000001864,1,3
137,0.0,21.4262118,-62.80690906272304,24.93863529343205,0.048013920000002486,1,4
137,0.0,21.474225719999996,-77.12395479366481,10.797908290577729,0.012003480000000621,1,1
137,0.0,21.918354479999998,-62.752681440838046,23.032933972168223,0.024006960000001243,1,2
137,0.0,21.942361439999996,-76.12406233993592,9.66155307307035,0.012003480000000621,1,1
137,0.0,22.61455632,-81.552371312098,9.537500850343584,0.012003480000000621,1,1
138,0.0,12.075500879999998,-51.02727198199152,17.30439847575427,0.07202088000000373,1,6
138,0.0,12.867730559999998,-59.9014955002649,11.267432987603339,0.048013920000002486,2,6
138,0.0,13.035779279999998,-55.22292946998313,13.867991652708053,0.024006960000001243,1,2
138,0.0,14.248130759999999,-63.05038221999315,10.674204889854025,0.012003480000000621,1,1
138,0.0,14.81229432,-52.82369220616229,16.86669941765534,0.036010440000001864,2,4
138,0.0,14.9443326,-57.24507404548313,13.078296462400656,0.024006960000001243,1,2
138,0.0,14.992346519999998,-60.550261197225524,9.773109310658256,0.012003480000000621,1,1
138,0.0,15.568513559999998,-55.807592664899836,19.689779277488487,0.036010440000001864,1,3
138,0.0,16.16868756,-56.173410092890876,11.709798223343043,0.012003480000000621,1,1
138,0.0,17.188983359999998,-57.871849476400016,14.311329935497334,0.048013920000002486,1,4
138,0.0,17.32102164,-62.11486009719823,10.01638188845301,0.012003480000000621,1,1
138,0.0,18.82145664,-69.82129533232754,10.576712449680578,0.012003480000000621,1,1
138,0.0,19.42163064,-64.89540515443805,17.947270465696665,0.036010440000001864,1,3
138,0.0,19.841752439999997,-66.83416568641294,13.154451727675324,0.024006960000001243,1,2
138,0.0,20.201856839999998,-59.250929330135484,20.337500523617024,0.024006960000001243,1,2
138,0.0,20.249870759999997,-69.65801409565623,9.975487640134805,0.024006960000001243,1,2
138,0.0,21.23415612,-60.06017946833552,25.463691996386316,0.07202088000000373,2,7
138,0.0,21.282170039999997,-74.72462569265562,10.482333040010497,0.012003480000000621,1,1
138,0.0,23.982953039999998,-72.03991164726185,15.031651065365262,0.024006960000001243,1,2
139,0.0,10.094926679999999,-51.90068071035519,22.426611586420293,0.048013920000002486,1,4
139,0.0,10.51504848,-52.45668737472848,21.870604922047004,0.048013920000002486,1,4
139,0.0,11.667382559999998,-56.40867051254476,13.66307660281377,0.012003480000000621,1,1
139,0.0,11.7634104,-57.413670227711364,15.172969214480627,0.036010440000001864,1,3
139,0.0,12.2435496,-70.8683985363146,12.521236950207804,0.024006960000001243,1,2
139,0.0,13.167817559999998,-67.95595286112788,12.106680008290262,0.024006960000001243,1,2
139,0.0,13.431894119999999,-66.6366104164031,10.108068136107352,0.012003480000000621,1,1
139,0.0,13.64795676,-53.41523408951418,18.782298698785137,0.024006960000001243,1,2
139,0.0,14.176109879999998,-65.77019442102717,14.088810093273382,0.036010440000001864,1,3
139,0.0,14.51220732,-55.40203557682713,23.253461593664202,0.036010440000001864,1,3
139,0.0,14.728269959999999,-64.646919721048,14.102715930801363,0.012003480000000621,1,1
139,0.0,15.1844022,-67.7294594601153,16.17627047829442,0.048013920000002486,1,4
139,0.0,15.520499639999999,-62.564673042350265,18.997141018826966,0.036010440000001864,1,3
139,0.0,15.772572719999998,-67.6617285185469,12.158923861496334,0.012003480000000621,1,1
139,0.0,16.57680588,-55.56085789178404,12.649072074706071,0.024006960000001243,1,2
139,0.0,16.78086504,-57.05590793680349,13.503833893520266,0.06001740000000311,2,5
139,0.0,17.561091239999996,-59.47587854874101,17.340123079414663,0.024006960000001243,1,2
139,0.0,17.9452026,-61.8385074732565,16.18689504143372,0.024006960000001243,2,3
139,0.0,19.289592359999997,-56.85639388158447,19.264131137908464,0.048013920000002486,1,4
139,0.0,19.337606279999996,-66.9579817790144,9.752405128718284,0.012003480000000621,1,1
139,0.0,22.21844148,-83.39598964372136,13.498976307045584,0.048013920000002486,1,4
139,0.0,24.090984359999997,-84.51178060443644,14.991486942245146,0.036010440000001864,1,3
140,0.0,10.21496148,-56.48073881227685,18.229470811698643,0.024006960000001243,1,2
140,0.0,10.971180719999998,-60.66614001903085,11.165235258475752,0.012003480000000621,1,1
140,0.0,11.45131992,-64.0604626257518,18.99348135549283,0.036010440000001864,1,3
140,0.0,12.483619199999998,-58.395221705166016,10.737799885972237,0.012003480000000621,1,1
140,0.0,12.627660959999998,-51.55357088441615,18.875862958056274,0.036010440000001864,1,3
140,0.0,13.047782759999999,-53.00302403935363,22.962934433457537,0.048013920000002486,1,4
140,0.0,13.96004724,-56.53426666380565,14.530906387422855,0.036010440000001864,1,3
140,0.0,14.044071599999999,-57.35171062256215,17.518256681979608,0.06001740000000311,1,5
140,0.0,14.65624908,-68.77679392722045,10.63445574162242,0.07202088000000373,1,6
140,0.0,15.0643674,-69.03980587068908,11.058639355629342,0.012003480000000621,1,1
140,0.0,15.688548359999999,-71.07054799544056,18.95802151760393,0.06001740000000311,1,5
140,0.0,16.06065624,-81.24601355574883,11.445370018622114,0.024006960000001243,1,2
140,0.0,17.30901816,-57.78908604789362,20.56751128799387,0.06001740000000311,1,5
140,0.0,18.245289599999996,-61.52006378907036,13.722911477498998,0.036010440000001864,1,3
140,0.0,19.961787239999996,-75.3287116188965,14.989088402322377,0.024006960000001243,1,2
140,0.0,20.2858812,-69.06735567993883,12.785327280418509,0.012003480000000621,1,1
140,0.0,20.393912519999997,-59.95145771683299,21.901225243524355,0.024006960000001243,1,2
140,0.0,20.886055199999998,-65.2603428163678,21.38629684247217,0.024006960000001243,1,2
140,0.0,21.750305759999996,-58.72174862587095,24.60397380908091,0.048013920000002486,1,4
140,0.0,21.990375359999998,-60.620735570980045,21.867188415703,0.048013920000002486,1,4
140,0.0,24.535113119999995,-78.90820115312822,10.167103251236544,0.036010440000001864,1,3
140,0.0,26.8877952,-83.79789142545286,9.811953038623624,0.012003480000000621,1,1
141,0.0,10.39501368,-49.71989123515436,23.350216539912644,0.08402436000000435,2,9
141,0.0,10.45503108,-62.08542947993345,10.784332688997278,0.012003480000000621,1,1
141,0.0,11.019194639999998,-54.269973287862655,19.915882071581073,0.09602784000000497,1,8
141,0.0,12.831720119999998,-55.57874782652796,15.79736542760568,0.024006960000001243,1,2
141,0.0,13.203828,-60.93046096597728,10.934836328525115,0.012003480000000621,1,1
141,0.0,13.22783496,-63.17275907778118,9.998470739626988,0.012003480000000621,1,1
141,0.0,13.251841919999999,-54.10545434605315,19.065775471355018,0.024006960000001243,1,2
141,0.0,13.31185932,-52.33037135858815,21.414017798020936,0.048013920000002486,1,4
141,0.0,13.75598808,-60.031573990902544,15.970584511881398,0.048013920000002486,2,5
141,0.0,14.75227692,-53.19050649644169,19.43834833984616,0.024006960000001243,1,2
141,0.0,17.12896596,-70.46526798342069,11.260505054708986,0.012003480000000621,1,1
141,0.0,20.609975159999998,-60.244858236720624,17.395303924239087,0.024006960000001243,1,2
141,0.0,23.85091476,-61.64687661942259,21.70271959046239,0.08402436000000435,3,13
141,0.0,24.151001759999996,-70.94981056041748,10.921704075009515,0.06001740000000311,2,7
142,0.0,11.499333839999998,-62.271082493463645,15.329726880286746,0.06001740000000311,1,5
142,0.0,12.195535679999999,-64.41005947407658,13.406983058643409,0.10803132000000559,1,9
142,0.0,12.99976884,-61.019125731058026,22.889778153016817,0.048013920000002486,1,4
142,0.0,13.047782759999999,-74.10767823558922,9.741413397189065,0.012003480000000621,1,1
142,0.0,13.431894119999999,-74.02177810076849,10.155149117487806,0.012003480000000621,1,1
142,0.0,13.467904559999997,-57.363071984540674,22.92447382130158,0.024006960000001243,1,2
142,0.0,13.683967199999998,-64.67312595295965,9.977255775639398,0.012003480000000621,1,1
142,0.0,14.42818296,-53.31307601586791,20.20289117334596,0.036010440000001864,1,3
142,0.0,14.86030824,-55.562721230812436,21.56872940491222,0.048013920000002486,1,4
142,0.0,15.424471799999997,-59.08333729815272,13.304061139541641,0.012003480000000621,1,1
142,0.0,15.640534439999998,-61.932085518654276,11.488716159943227,0.07202088000000373,2,7
142,0.0,17.044941599999998,-70.68989509593973,16.28484080401979,0.024006960000001243,1,2
142,0.0,17.573094719999997,-71.03533538489255,17.92126866185869,0.048013920000002486,1,4
142,0.0,18.689418359999998,-67.57141313716286,23.482074211903953,0.06001740000000311,1,5
142,0.0,20.00980116,-62.51853921098035,16.76241537908555,0.024006960000001243,1,2
142,0.0,20.03380812,-67.63227694313149,11.726825407523634,0.024006960000001243,1,2
142,0.0,21.00609,-71.07368385834674,15.48579907542945,0.024006960000001243,1,2
142,0.0,27.21188916,-70.66789344196481,22.584517602348726,0.048013920000002486,2,5
143,0.0,10.671093719999998,-54.826494214038775,12.37495378987208,0.048013920000002486,2,6
143,0.0,12.051493919999999,-53.01296787907566,12.631908263169315,0.024006960000001243,1,2
143,0.0,13.22783496,-58.693541641972274,14.507404883602927,0.024006960000001243,1,2
143,0.0,13.33586628,-66.04154659520697,14.144130499321665,0.024006960000001243,1,2
143,0.0,14.068078559999998,-56.91644298483862,17.568509644609115,0.08402436000000435,2,9
143,0.0,14.65624908,-60.64871383587161,22.29333652972176,0.036010440000001864,2,6
143,0.0,15.004349999999999,-63.31295064874173,18.529766683250134,0.08402436000000435,1,7
143,0.0,15.664541399999997,-71.22316288470876,9.599566136420451,0.012003480000000621,1,1
143,0.0,15.904611,-58.4005774940168,19.32938166698151,0.048013920000002486,1,4
143,0.0,17.00893116,-75.99017652493484,9.742659231124902,0.024006960000001243,1,2
143,0.0,17.981213039999997,-67.11689932829142,20.44252968771748,0.06001740000000311,1,5
143,0.0,18.37732788,-57.50301379086372,28.148591052478356,0.08402436000000435,2,9
143,0.0,19.565672399999997,-62.65188728737526,15.951619091731734,0.024006960000001243,1,2
143,0.0,21.054103919999996,-67.96129282779194,11.703870924275488,0.012003480000000621,1,1
143,0.0,21.258163079999996,-62.944437749755025,18.71156241301032,0.024006960000001243,1,2
143,0.0,21.88234404,-60.82100899773262,19.07128982813976,0.036010440000001864,1,3
143,0.0,22.554538919999995,-78.89398356209342,9.665451278961003,0.012003480000000621,1,1
143,0.0,25.939520279999996,-70.00117132970188,20.86264760473274,0.06001740000000311,1,5
144,0.0,10.034909279999999,-67.54366035639086,10.821960668786694,0.012003480000000621,1,1
144,0.0,10.082923199999998,-47.79175426278599,30.176700277146548,0.06001740000000311,2,7
144,0.0,10.130937119999999,-63.64298677882209,13.377231163661936,0.012003480000000621,1,1
144,0.0,10.89915984,-49.70875706749554,27.742382282493573,0.09602784000000497,2,10
144,0.0,11.619368639999998,-72.41499449332949,12.932921903554265,0.036010440000001864,1,3
144,0.0,12.89173752,-76.48236440181024,14.565093358719123,0.036010440000001864,1,3
144,0.0,13.61194632,-58.55735881640973,21.733764057388385,0.09602784000000497,2,10
144,0.0,15.41246832,-57.67052403811596,14.133383003260676,0.024006960000001243,1,2
144,0.0,16.04865276,-56.56033754178283,22.028041595358072,0.12003480000000621,2,10
144,0.0,18.257293079999997,-68.92347740007354,19.723040676616687,0.09602784000000497,1,8
144,0.0,19.085533199999997,-57.272030671941955,25.943972475838507,0.06001740000000311,1,5
144,0.0,19.373616719999998,-60.75472255852101,23.872354518383837,0.048013920000002486,2,6
144,0.0,19.42163064,-76.86174188949624,11.372854046752918,0.012003480000000621,1,1
144,0.0,21.1261248,-71.10678209639006,21.98730845615415,0.048013920000002486,1,4
144,0.0,21.17413872,-82.62026982742726,10.462354430263296,0.012003480000000621,1,1
144,0.0,22.12241364,-63.77344746576092,24.928325717242075,0.024006960000001243,1,2
144,0.0,22.146420599999995,-76.25624515330573,12.798208594463407,0.024006960000001243,1,2
144,0.0,22.182431039999997,-78.73043207259141,9.486523220958965,0.012003480000000621,1,1
144,0.0,23.022674639999998,-66.77725894406097,17.68510236632866,0.036010440000001864,1,3
144,0.0,23.334765119999997,-69.07168048381612,18.658109982731208,0.048013920000002486,1,4
144,0.0,23.694869519999997,-77.50971406754208,11.059929354166629,0.06001740000000311,1,5
144,0.0,25.003248839999998,-83.96319732010579,11.022261873076822,0.024006960000001243,1,2
144,0.0,25.747464599999997,-78.65020681392946,13.980193731895369,0.024006960000001243,1,2
144,0.0,29.5285608,-66.10896661019268,18.0838469583339,0.024006960000001243,1,2
145,0.0,12.123514799999999,-68.52472444205122,16.642927339484476,0.048013920000002486,1,4
145,0.0,13.791998519999998,-57.643854927192706,13.839931424050395,0.024006960000001243,1,2
145,0.0,13.94804376,-59.87832003259744,12.062807850244239,0.024006960000001243,1,2
145,0.0,14.4641934,-62.163620579239236,9.752849644646892,0.012003480000000621,1,1
145,0.0,14.908322159999999,-56.91564385717385,15.551298359111174,0.036010440000001864,1,3
145,0.0,15.172398719999999,-65.49348556070213,11.98009054344471,0.012003480000000621,1,1
145,0.0,15.916614479999998,-56.95371676584714,23.66010890506032,0.07202088000000373,1,6
145,0.0,17.33302512,-77.83480254963101,10.228716771561459,0.024006960000001243,1,2
145,0.0,25.5674124,-59.81812486463917,9.910318724593981,0.012003480000000621,1,1
146,0.0,10.3830102,-48.45268052223606,29.761229331773052,0.09602784000000497,2,11
146,0.0,10.443027599999999,-66.90880165587728,9.756654487305626,0.012003480000000621,1,1
146,0.0,11.127225959999999,-55.35642841530244,24.755496265310203,0.048013920000002486,1,4
146,0.0,11.41530948,-69.45534947221772,10.117196940755829,0.012003480000000621,1,1
146,0.0,11.71539648,-60.63949332108337,10.601613753274279,0.012003480000000621,1,1
146,0.0,13.047782759999999,-53.7075275154296,23.356030480628934,0.07202088000000373,2,9
146,0.0,13.287852359999999,-62.94109223442093,11.148833340185059,0.024006960000001243,1,2
146,0.0,13.53992544,-59.95862320502258,12.712034434992049,0.048013920000002486,2,4
146,0.0,16.072659719999997,-61.21093269150982,23.769130654474043,0.08402436000000435,1,7
146,0.0,16.78086504,-55.80533071490082,19.105787607452815,0.08402436000000435,1,7
146,0.0,17.12896596,-64.81928972007813,17.570075450150334,0.06001740000000311,1,5
146,0.0,19.66170024,-61.85835780587836,25.368643558281065,0.06001740000000311,2,6
146,0.0,19.70971416,-75.72367421715433,10.365967504791666,0.012003480000000621,1,1
146,0.0,20.057815079999997,-61.43247851859926,25.447046179594413,0.024006960000001243,1,2
146,0.0,20.09382552,-76.34747747036874,11.232467144134251,0.024006960000001243,1,2
146,0.0,20.11783248,-78.23475991279325,9.345184701709746,0.012003480000000621,1,1
146,0.0,23.09469552,-88.17974321763472,9.57010967080987,0.012003480000000621,1,1
147,0.0,11.235257279999999,-50.69202524311749,15.954176438876813,0.048013920000002486,1,4
147,0.0,11.37929904,-50.67776148879223,15.820401245233427,0.048013920000002486,1,4
147,0.0,11.90745216,-69.53639414145763,10.397150874831603,0.012003480000000621,1,1
147,0.0,12.25555308,-64.28853006848246,16.86290533103679,0.06001740000000311,1,5
147,0.0,12.3635844,-73.33791572201514,9.756543263379777,0.012003480000000621,1,1
147,0.0,12.771702719999999,-67.5054385073595,10.164749017716392,0.012003480000000621,1,1
147,0.0,12.879734039999999,-61.85684808358582,13.513627225813895,0.024006960000001243,1,2
147,0.0,14.080082039999999,-71.38670368421626,12.739672256591312,0.08402436000000435,1,7
147,0.0,14.380169039999998,-57.86004369758232,16.881814505758907,0.036010440000001864,1,3
147,0.0,14.42818296,-64.93519685032712,11.956314834117665,0.012003480000000621,1,1
147,0.0,14.632242119999999,-61.62262168379599,12.571440226468136,0.012003480000000621,1,1
147,0.0,15.076370879999999,-64.56589761800525,13.105355923313668,0.036010440000001864,2,5
147,0.0,15.328443959999998,-57.074159392161164,18.735709390765688,0.024006960000001243,1,2
147,0.0,15.964628399999997,-56.54072164533247,20.49630403737177,0.024006960000001243,1,2
147,0.0,16.264715399999996,-64.52464761432991,12.512378068374339,0.024006960000001243,1,2
147,0.0,16.99692768,-56.50683517882279,21.368683169618823,0.08402436000000435,1,7
147,0.0,17.561091239999996,-59.17393763981079,24.2067763697913,0.06001740000000311,1,5
147,0.0,18.37732788,-58.42597798551467,24.056699137747195,0.036010440000001864,1,3
147,0.0,19.06152624,-77.03805219493356,9.752919215711334,0.024006960000001243,1,2
147,0.0,19.841752439999997,-68.74693016760473,19.655002532192086,0.048013920000002486,1,4
147,0.0,20.15384292,-80.47012996087118,12.021131657347581,0.024006960000001243,1,2
147,0.0,22.578545879999997,-79.44518178048409,14.33108633054733,0.036010440000001864,1,3
147,0.0,23.154712919999998,-65.25522613930933,22.795658077467536,0.048013920000002486,1,4
147,0.0,23.862918239999996,-79.96264196685159,9.696341921574303,0.024006960000001243,1,2
147,0.0,26.81577432,-80.21663566072974,12.731515158716116,0.012003480000000621,1,1
147,0.0,28.59228936,-61.611937291944734,24.662241192299994,0.07202088000000373,1,6
148,0.0,11.00719116,-55.44079031858275,14.218213661399995,0.024006960000001243,1,2
148,0.0,11.1632364,-52.907603100597846,13.632249100566462,0.036010440000001864,2,5
148,0.0,11.295274679999999,-51.44298343270526,18.21602054727748,0.036010440000001864,1,3
148,0.0,12.44760876,-64.09696017962364,12.567942569674255,0.024006960000001243,1,2
148,0.0,12.735692279999999,-61.836127157045986,10.995932805524529,0.012003480000000621,1,1
148,0.0,13.419890639999998,-52.77554757455647,15.852368035774251,0.048013920000002486,2,5
148,0.0,13.791998519999998,-56.20834890630576,14.179425221290515,0.024006960000001243,1,2
148,0.0,14.176109879999998,-57.845861442004,14.7294992859773,0.012003480000000621,1,1
148,0.0,16.81687548,-60.15237755249832,15.61384846968128,0.048013920000002486,1,4
148,0.0,18.7854462,-60.7417404066768,18.138760623726785,0.024006960000001243,1,2
148,0.0,22.53053196,-64.12905125938944,16.44565201552872,0.024006960000001243,1,2
148,0.0,23.082692039999998,-60.9509980592929,20.98280784043159,0.036010440000001864,1,3
148,0.0,23.838911279999998,-65.37573280471636,15.446457408001443,0.048013920000002486,2,6
148,0.0,25.5674124,-65.79982507741633,13.175984041412075,0.024006960000001243,1,2
148,0.0,28.760338079999997,-77.08403682354792,12.702464398207752,0.024006960000001243,1,2
148,0.0,28.79634852,-80.6140490507437,10.61338260559457,0.012003480000000621,1,1
149,0.0,10.39501368,-55.56691927383877,16.14516035990906,0.024006960000001243,1,2
149,0.0,10.89915984,-51.810533468165175,20.499704988820184,0.036010440000001864,1,3
149,0.0,11.535344279999999,-59.17169630837754,19.267760431101877,0.048013920000002486,1,4
149,0.0,12.68767836,-51.049653698044395,25.95113422350762,0.07202088000000373,1,6
149,0.0,13.047782759999999,-62.61086209642808,12.444461186403615,0.024006960000001243,1,2
149,0.0,13.275848879999998,-59.605903760598444,16.490082159467015,0.036010440000001864,1,3
149,0.0,13.96004724,-61.36607820365949,12.750081545609518,0.012003480000000621,1,1
149,0.0,13.9840542,-55.83167404099388,15.986196848906197,0.024006960000001243,1,2
149,0.0,14.236127279999998,-56.17268368967422,16.436278358479793,0.09602784000000497,2,8
149,0.0,15.004349999999999,-54.12793793681538,15.977595443970333,0.012003480000000621,1,1
149,0.0,15.29243352,-52.3563363785714,15.829173721981395,0.012003480000000621,1,1
149,0.0,15.532503119999998,-54.832942162249275,18.63605866687053,0.024006960000001243,1,2
149,0.0,16.3247328,-61.79411533053698,18.820664401497435,0.024006960000001243,1,2
149,0.0,17.8251678,-59.70011073952671,17.708040477479084,0.024006960000001243,1,2
149,0.0,19.169557559999998,-80.41113183752266,9.468056533291563,0.012003480000000621,1,1
149,0.0,19.43363412,-70.03685800047283,13.86101078469914,0.024006960000001243,1,2
149,0.0,19.577675879999997,-68.32667499788974,16.76970555716173,0.024006960000001243,1,2
149,0.0,20.165846399999996,-65.32224812814707,12.341409930875937,0.024006960000001243,1,2
149,0.0,20.261874239999997,-66.061689285955,11.46054804129343,0.024006960000001243,1,2
149,0.0,21.19814568,-78.70743451739253,10.630558398719003,0.012003480000000621,1,1
149,0.0,21.7262988,-85.0322438489976,10.959373461161325,0.012003480000000621,1,1
149,0.0,22.42250064,-71.75090820192752,20.666167664831953,0.08402436000000435,1,7
149,0.0,24.090984359999997,-74.25297147804892,20.347450539486612,0.048013920000002486,1,4
150,0.0,10.25097192,-58.081404103000295,20.05401052959003,0.036010440000001864,1,3
150,0.0,10.31098932,-62.08012356825633,15.744701926022612,0.06001740000000311,1,5
150,0.0,10.683097199999999,-67.54525623710309,14.416533870184832,0.036010440000001864,1,3
150,0.0,11.427312959999998,-77.19534117125829,10.533226938913046,0.036010440000001864,1,3
150,0.0,14.05607508,-61.856039286232075,9.608615258391438,0.012003480000000621,1,1
150,0.0,14.29614468,-54.5273895617396,12.122982958915307,0.024006960000001243,1,2
150,0.0,14.42818296,-54.23387210416654,12.705182634499401,0.012003480000000621,1,1
150,0.0,14.53621428,-56.99721368813457,10.611398546933659,0.08402436000000435,3,10
150,0.0,15.16039524,-61.05956094872349,10.005254268155719,0.012003480000000621,1,1
150,0.0,15.19640568,-61.814163194580736,10.559943546034505,0.012003480000000621,1,1
150,0.0,15.220412639999997,-52.65450489151615,20.5269534803227,0.036010440000001864,3,5
150,0.0,16.00063884,-59.32310762055885,19.877518925572414,0.048013920000002486,2,7
150,0.0,16.57680588,-68.94897831780818,10.865572518234439,0.012003480000000621,1,1
150,0.0,18.281300039999998,-61.00609986752499,24.584424714294528,0.08402436000000435,1,7
150,0.0,19.66170024,-73.09326151265027,12.869337936215082,0.024006960000001243,1,2
150,0.0,19.865759399999998,-68.45074332853875,19.451034711599707,0.048013920000002486,1,4
150,0.0,20.35790208,-76.62534976366584,17.97026426475995,0.036010440000001864,1,3
150,0.0,21.294173519999998,-84.85052237796738,10.117610378651971,0.012003480000000621,1,1
150,0.0,21.918354479999998,-68.1716233732027,22.16888843249515,0.036010440000001864,1,3
150,0.0,22.23044496,-61.73667589478649,27.86974100656725,0.048013920000002486,1,4
150,0.0,22.27845888,-75.16034246178938,14.446074439564363,0.024006960000001243,1,2
150,0.0,22.938650279999997,-82.03971057253204,10.279462328999447,0.036010440000001864,1,3
150,0.0,22.9866642,-82.61173949832363,9.707433403207856,0.012003480000000621,1,1
150,0.0,24.67915488,-61.78048725520015,24.14601436154376,0.06001740000000311,1,5
151,0.0,10.59907284,-55.01358308651426,14.868545249888903,0.024006960000001243,1,2
151,0.0,10.91116332,-50.68878285294148,21.864674390754008,0.024006960000001243,1,2
151,0.0,11.48733036,-60.79293782351745,13.668316965495748,0.024006960000001243,1,2
151,0.0,12.03949044,-71.20685633509342,11.106300080932492,0.012003480000000621,1,1
151,0.0,12.075500879999998,-54.10819659448573,28.204959821540196,0.08402436000000435,2,10
151,0.0,12.639664439999999,-57.13144459128924,26.262784416841768,0.07202088000000373,2,7
151,0.0,12.939751439999998,-65.8255737474869,17.2907971364253,0.048013920000002486,1,4
151,0.0,13.22783496,-65.9684093645326,14.262347717338749,0.048013920000002486,1,4
151,0.0,14.992346519999998,-53.168866935942205,25.76507361457164,0.08402436000000435,3,8
151,0.0,15.340447439999998,-64.26469327977604,15.078468904256159,0.024006960000001243,1,2
151,0.0,15.688548359999999,-57.8242554601688,13.97517032496729,0.048013920000002486,2,4
151,0.0,15.73656228,-60.534188858436046,11.26523692670004,0.012003480000000621,1,1
151,0.0,15.760569239999999,-61.66513993848519,10.134285846650897,0.012003480000000621,1,1
151,0.0,16.156684079999998,-62.82645626281467,13.095225795957628,0.012003480000000621,1,1
151,0.0,16.420760639999997,-54.00560074249977,18.90446197181052,0.024006960000001243,1,2
151,0.0,17.02093464,-68.98158827742432,9.494434750286523,0.012003480000000621,1,1
151,0.0,17.47706688,-68.11338325364991,14.812418960002688,0.048013920000002486,1,4
151,0.0,18.965498399999998,-64.48241176861701,22.778367991934086,0.07202088000000373,2,7
151,0.0,21.342187439999996,-81.3984099966369,11.89982441738422,0.024006960000001243,1,2
151,0.0,22.00237884,-88.82686200794141,10.442990192787233,0.012003480000000621,1,1
152,0.0,10.2629754,-58.08067054896484,13.75200363227832,0.024006960000001243,1,2
152,0.0,10.70710416,-62.24892334831085,15.834792383839666,0.036010440000001864,1,3
152,0.0,10.743114599999998,-63.82348860800347,12.446385491427613,0.012003480000000621,1,1
152,0.0,10.983184199999998,-57.16119948424417,19.728538798357835,0.036010440000001864,2,4
152,0.0,12.74769576,-58.26266323456331,14.990598145710756,0.048013920000002486,1,4
152,0.0,13.179821039999998,-64.22004090876,10.749416925452255,0.024006960000001243,1,2
152,0.0,13.635953279999999,-54.03190787343224,15.267646384954705,0.036010440000001864,1,3
152,0.0,13.77999504,-55.633504355827256,10.655008965392893,0.13203828000000684,4,14
152,0.0,14.692259519999999,-64.97491399805264,15.235253153981061,0.024006960000001243,1,2
152,0.0,15.148391759999999,-54.99576023755466,21.842163704126172,0.048013920000002486,1,4
152,0.0,15.568513559999998,-52.91502080897163,25.81059203465064,0.024006960000001243,1,2
152,0.0,15.592520519999999,-66.3087702130263,12.091459806283584,0.012003480000000621,1,1
152,0.0,16.82887896,-61.947787332380116,13.172902721851143,0.012003480000000621,1,1
152,0.0,17.05694508,-61.0248525101202,11.569438671746601,0.024006960000001243,1,2
152,0.0,17.345028599999996,-58.823978724474095,15.177651345066112,0.024006960000001243,1,2
152,0.0,18.749435759999997,-76.60884820760111,11.147226570534336,0.012003480000000621,1,1
152,0.0,20.81403432,-59.76635000779314,17.650190614932434,0.06001740000000311,2,7
152,0.0,22.83061896,-86.66396230576959,11.145485594890888,0.024006960000001243,1,2
152,0.0,27.740042279999997,-80.97377195106544,13.945141945971118,0.036010440000001864,1,3
153,0.0,10.298985839999999,-65.75008696416495,13.0855272537742,0.036010440000001864,1,3
153,0.0,10.91116332,-56.10458708251962,27.412855859223207,0.06001740000000311,2,7
153,0.0,13.131807119999998,-66.1055521994192,9.374831623288507,0.012003480000000621,1,1
153,0.0,13.359873239999999,-61.63819017151246,10.352763256612274,0.012003480000000621,1,1
153,0.0,13.4438976,-59.40152548162569,16.682741611896095,0.048013920000002486,2,5
153,0.0,13.912033319999999,-64.59544162890234,14.545636724409217,0.024006960000001243,1,2
153,0.0,14.272137719999998,-50.70558835019309,26.14821386642341,0.06001740000000311,1,5
153,0.0,14.320151639999999,-65.28817586082344,11.33707378580782,0.012003480000000621,1,1
153,0.0,14.632242119999999,-64.29632022172953,15.936796731071958,0.024006960000001243,1,2
153,0.0,15.29243352,-66.73016659223045,14.14093269389187,0.024006960000001243,1,2
153,0.0,16.04865276,-55.187980985339344,19.470035815858243,0.024006960000001243,1,2
153,0.0,16.360743239999998,-58.364884886843,15.636599852505654,0.024006960000001243,1,2
153,0.0,16.39675368,-53.71153393857221,22.612736369567898,0.07202088000000373,1,6
153,0.0,18.82145664,-70.1761263893293,20.92014807099487,0.06001740000000311,1,5
153,0.0,19.793738519999998,-67.35846798558548,18.68446391553828,0.036010440000001864,1,3
153,0.0,19.91377332,-67.30353481438853,16.695321422032833,0.036010440000001864,1,3
153,0.0,20.177849879999997,-64.41952063359805,19.400204156387517,0.13203828000000684,3,14
153,0.0,21.078110879999997,-64.92349778209687,9.54495668512593,0.012003480000000621,1,1
153,0.0,24.102987839999997,-69.94916602518208,22.05485929653971,0.036010440000001864,1,3
153,0.0,27.343927439999998,-62.03370093398482,25.81406002601376,0.048013920000002486,1,4
153,0.0,27.391941359999997,-76.49154762867931,11.112037073646416,0.012003480000000621,1,1
154,0.0,11.019194639999998,-60.392831582270496,17.35626019969828,0.024006960000001243,1,2
154,0.0,11.41530948,-54.54701152785415,13.729864432507032,0.06001740000000311,3,8
154,0.0,11.59536168,-49.42009241155199,22.473520551993072,0.036010440000001864,1,3
154,0.0,12.075500879999998,-56.3529521522857,17.057756688060877,0.09602784000000497,2,9
154,0.0,12.61565748,-59.512420344616885,12.010353232675168,0.024006960000001243,1,2
154,0.0,12.831720119999998,-55.43279083453874,18.139615376267315,0.024006960000001243,1,2
154,0.0,12.85572708,-54.88559160725612,18.817390368277994,0.024006960000001243,1,2
154,0.0,13.10780016,-52.971516453336214,19.422835635334568,0.06001740000000311,2,7
154,0.0,13.40788716,-60.45304096300904,10.170847664567704,0.012003480000000621,1,1
154,0.0,13.575935879999998,-60.68290719986416,9.80679869658709,0.012003480000000621,1,1
154,0.0,14.044071599999999,-60.11278758613126,11.496119762910332,0.024006960000001243,1,2
154,0.0,14.908322159999999,-65.86253912063692,13.583663351470928,0.012003480000000621,1,1
154,0.0,17.08095204,-80.72373469518433,12.39663458327261,0.024006960000001243,1,2
154,0.0,17.92119564,-58.23083429503342,21.968904260550083,0.12003480000000621,1,10
154,0.0,18.38933136,-66.43067658207204,17.295145792847464,0.036010440000001864,1,3
154,0.0,20.73000996,-67.4839310226585,17.088354442438035,0.024006960000001243,1,2
154,0.0,20.97007956,-60.657833406287665,11.439976011628637,0.06001740000000311,1,5
154,0.0,21.19814568,-59.55204812162105,11.963581574076454,0.036010440000001864,3,5
154,0.0,22.11041016,-71.0139887734166,12.249424204606745,0.024006960000001243,1,2
154,0.0,23.982953039999998,-72.24578447838479,18.702154832714303,0.024006960000001243,1,2
154,0.0,24.138998279999996,-78.41344481977177,12.134897913132718,0.012003480000000621,1,1
154,0.0,25.855495919999996,-80.18145331239685,12.82054152122388,0.036010440000001864,1,3
155,0.0,11.65537908,-54.35315543998306,17.003808490449316,0.048013920000002486,1,4
155,0.0,12.44760876,-65.65566230123387,15.450291460175894,0.036010440000001864,1,3
155,0.0,13.035779279999998,-56.89232275661637,18.462384579290912,0.06001740000000311,1,5
155,0.0,13.33586628,-64.77163205696772,10.799224976368478,0.024006960000001243,1,2
155,0.0,13.383880199999998,-62.18150750078649,15.144537143345298,0.024006960000001243,1,2
155,0.0,13.7439846,-55.13784003144948,17.215213087023443,0.024006960000001243,1,2
155,0.0,13.828008959999998,-53.539294401762746,18.734162145793036,0.024006960000001243,1,2
155,0.0,14.416179479999998,-52.604451784723736,20.239210977375535,0.048013920000002486,1,4
155,0.0,15.016353479999998,-65.50244900668828,15.52409908473744,0.036010440000001864,1,3
155,0.0,17.03293812,-59.823219970940855,20.16605717449665,0.024006960000001243,1,2
155,0.0,19.037519279999998,-71.46661477583562,17.636495320543183,0.036010440000001864,1,3
155,0.0,21.270166559999996,-79.66457936245479,10.04205587281823,0.012003480000000621,1,1
155,0.0,22.61455632,-68.58684778145242,13.185316077260161,0.024006960000001243,1,2
155,0.0,25.759468079999998,-64.17210485080757,16.87013589919234,0.024006960000001243,1,2
156,0.0,10.202957999999999,-60.63071407303692,16.2456805720873,0.036010440000001864,1,3
156,0.0,10.539055439999998,-49.61826736262758,21.634158441606182,0.06001740000000311,1,5
156,0.0,11.0432016,-56.92012686992078,13.10312058891888,0.024006960000001243,1,2
156,0.0,11.7634104,-59.19425305552372,9.646959200708636,0.012003480000000621,1,1
156,0.0,12.33957744,-65.66418069855045,10.949319614709987,0.012003480000000621,1,1
156,0.0,12.495622679999999,-64.1337690102039,12.849654127201237,0.036010440000001864,1,3
156,0.0,12.903741,-60.2606540763291,16.919467609227713,0.036010440000001864,2,4
156,0.0,12.951754919999999,-54.14024142376399,24.335979805763813,0.024006960000001243,1,2
156,0.0,12.99976884,-65.34015061785779,13.136070611670016,0.012003480000000621,1,1
156,0.0,14.020064639999998,-53.84445363224962,17.961290299170585,0.024006960000001243,1,2
156,0.0,14.692259519999999,-70.85958724668944,12.025545709780685,0.012003480000000621,1,1
156,0.0,15.364454399999998,-58.58849507589487,23.62800444629041,0.048013920000002486,1,4
156,0.0,15.832590119999999,-80.73681427202067,10.883430877442208,0.036010440000001864,1,3
156,0.0,16.360743239999998,-68.58937326644876,21.672207008321482,0.048013920000002486,1,4
156,0.0,17.29701468,-60.90380169283674,21.1194204656301,0.024006960000001243,1,2
156,0.0,17.96920956,-74.88474142656553,11.51684754090369,0.048013920000002486,1,4
156,0.0,19.301595839999997,-64.75434549237973,15.046854604203535,0.024006960000001243,1,2
156,0.0,19.349609759999996,-58.38370459533711,21.25008244390215,0.048013920000002486,2,6
156,0.0,20.057815079999997,-79.82367956146358,10.845119097958376,0.06001740000000311,1,5
156,0.0,21.366194399999998,-64.04541515699685,26.922369756270843,0.06001740000000311,1,5
156,0.0,21.41420832,-79.55594006947868,11.411844843789002,0.012003480000000621,1,1
156,0.0,22.662570239999997,-85.07916359322182,12.257727131107094,0.024006960000001243,1,2
156,0.0,23.682866039999997,-66.38738014151998,20.379917096222584,0.07202088000000373,1,6
157,0.0,10.45503108,-56.76425589310588,19.730053438894906,0.06001740000000311,3,12
157,0.0,11.11522248,-68.2861842031874,10.175113817863943,0.024006960000001243,1,2
157,0.0,11.391302519999998,-63.631398578406134,11.666646500782896,0.048013920000002486,1,4
157,0.0,12.13551828,-51.05975374205017,19.43851761950342,0.12003480000000621,2,12
157,0.0,12.711685319999999,-51.173347043761126,18.00529848188781,0.024006960000001243,1,2
157,0.0,13.31185932,-59.719370793087016,11.309214323436592,0.012003480000000621,1,1
157,0.0,13.45590108,-56.688795504939336,13.998678248190728,0.048013920000002486,2,7
157,0.0,13.64795676,-59.75169888553128,11.599427219745902,0.012003480000000621,1,1
157,0.0,14.476196879999998,-52.89730539887558,18.101454792134618,0.024006960000001243,1,2
157,0.0,15.100377839999998,-66.31748426790645,9.665101703781197,0.012003480000000621,1,1
157,0.0,15.71255532,-58.71648739347456,16.75435647978308,0.036010440000001864,1,3
157,0.0,17.345028599999996,-68.13818733120912,11.334874371836769,0.012003480000000621,1,1
157,0.0,17.549087759999995,-65.00283755225632,15.03495010708206,0.036010440000001864,1,3
157,0.0,18.209279159999998,-69.25412380218467,9.793657468313105,0.012003480000000621,1,1
157,0.0,18.40133484,-64.60299871126645,20.113590091135066,0.036010440000001864,1,3
157,0.0,19.0255158,-73.3251385738162,13.45984313124006,0.024006960000001243,1,2
157,0.0,23.958946079999997,-80.49952883483124,17.074156055836667,0.036010440000001864,1,3
158,0.0,10.10693016,-58.19040671658122,15.247919443724891,0.024006960000001243,1,2
158,0.0,11.00719116,-60.08152941778213,18.92009072557538,0.06001740000000311,1,5
158,0.0,11.475326879999999,-50.99878556674071,21.013094897191067,0.13203828000000684,2,11
158,0.0,12.50762616,-71.48884058723111,13.395518506883501,0.024006960000001243,1,2
158,0.0,12.807713159999999,-58.348492941853365,25.745190402677895,0.036010440000001864,1,3
158,0.0,12.843723599999999,-72.95060407894302,11.053088029258578,0.012003480000000621,1,1
158,0.0,12.867730559999998,-73.17017974233033,10.641592841329366,0.012003480000000621,1,1
158,0.0,13.203828,-64.3271979711082,20.15560718707997,0.048013920000002486,1,4
158,0.0,13.587939359999998,-58.53831833585766,15.927420112115689,0.048013920000002486,1,4
158,0.0,13.936040279999999,-63.37010967005731,10.110091971755713,0.024006960000001243,1,2
158,0.0,14.800290839999999,-69.67652048296911,15.266503364864214,0.024006960000001243,1,2
158,0.0,15.472485719999998,-56.75941910235842,26.070856557624285,0.10803132000000559,1,9
158,0.0,16.132677119999997,-66.24399367554506,11.871926721849801,0.024006960000001243,2,3
158,0.0,16.288722359999998,-68.4253513119733,14.12216741390711,0.012003480000000621,1,1
158,0.0,19.865759399999998,-76.52773223438854,17.322764665394754,0.06001740000000311,1,5
158,0.0,21.45021876,-88.23360697086488,9.583518551535347,0.024006960000001243,1,2
158,0.0,22.338476279999995,-69.99927648756068,14.262494224728293,0.08402436000000435,2,9
158,0.0,23.51481732,-64.21333694652573,25.32914896508845,0.048013920000002486,1,4
158,0.0,24.187012199999998,-79.76142757209152,9.522676947084923,0.012003480000000621,1,1
158,0.0,24.835200119999996,-73.97595596227957,20.286269946528705,0.036010440000001864,1,3
158,0.0,24.859207079999997,-83.59916414727279,10.435903081206892,0.012003480000000621,1,1
158,0.0,26.743753439999995,-76.11139793233713,16.334313562678425,0.036010440000001864,1,3
159,0.0,10.82713896,-57.85594883814646,25.476446314944322,0.048013920000002486,1,4
159,0.0,11.607365159999999,-68.89119729672444,11.56384145362285,0.012003480000000621,1,1
159,0.0,12.399594839999999,-52.30212936779242,24.19840768590411,0.10803132000000559,1,9
159,0.0,13.083793199999999,-59.55484585352673,23.340898137704443,0.06001740000000311,1,5
159,0.0,13.33586628,-61.797292944168674,15.074784534985122,0.06001740000000311,1,5
159,0.0,13.767991559999999,-60.56569535847713,16.930323790115157,0.024006960000001243,1,2
159,0.0,14.26013424,-54.02517577106407,15.635617017266997,0.024006960000001243,1,2
159,0.0,14.572224719999998,-56.94893084783647,11.239942991227316,0.012003480000000621,1,1
159,0.0,22.038389279999997,-62.604671303148855,11.247076391871744,0.048013920000002486,2,5
159,0.0,26.5276908,-62.51458461983766,21.94255539327959,0.024006960000001243,1,2
160,0.0,10.238968439999999,-54.86597737712829,20.485423568093836,0.024006960000001243,1,2
160,0.0,11.847434759999999,-54.93939755883864,12.693065360586708,0.024006960000001243,1,2
160,0.0,11.89544868,-52.288006219933905,20.792317568605576,0.08402436000000435,1,7
160,0.0,12.85572708,-51.80979021887984,22.39624530030848,0.09602784000000497,2,9
160,0.0,12.939751439999998,-57.786028302376735,13.378134975653424,0.012003480000000621,1,1
160,0.0,13.671963719999999,-59.81269765402742,20.537634374816104,0.06001740000000311,1,5
160,0.0,14.356162079999999,-78.152011815867,12.285332028789073,0.024006960000001243,1,2
160,0.0,14.776283879999998,-78.57508591872165,9.424651593492428,0.012003480000000621,1,1
160,0.0,15.628530959999999,-57.22125109915172,22.592823777330928,0.024006960000001243,1,2
160,0.0,16.636823279999998,-65.158394872594,19.524696217408376,0.036010440000001864,1,3
160,0.0,17.405046,-58.91959062344469,18.633751771418538,0.024006960000001243,1,2
160,0.0,23.142709439999997,-62.62418145019541,24.298808209399606,0.048013920000002486,1,4
160,0.0,23.19072336,-76.63059381863862,10.846225792731465,0.012003480000000621,1,1
160,0.0,23.85091476,-78.41267630661436,10.593735077455406,0.036010440000001864,1,3
161,0.0,10.094926679999999,-61.210815660516324,13.666871973021625,0.036010440000001864,1,3
161,0.0,10.755118079999999,-64.88681567864819,16.387206338724205,0.09602784000000497,1,8
161,0.0,11.37929904,-60.814000121126824,17.048949333759133,0.036010440000001864,1,3
161,0.0,11.55935124,-60.54637636297022,16.862114472917476,0.024006960000001243,1,2
161,0.0,12.423601799999998,-57.643677752802304,19.00216778758091,0.06001740000000311,1,5
161,0.0,13.503915,-55.65118919313151,11.399157333218584,0.012003480000000621,1,1
161,0.0,13.527921959999999,-56.342402174065,10.702215800058898,0.012003480000000621,1,1
161,0.0,13.767991559999999,-53.310116857338635,15.906906823330274,0.024006960000001243,1,2
161,0.0,14.84830476,-54.58833674959719,27.225289386885457,0.048013920000002486,1,4
161,0.0,15.25642308,-71.77049398227113,11.92670582889302,0.024006960000001243,1,2
161,0.0,15.73656228,-62.31728736466458,13.267130311349206,0.012003480000000621,1,1
161,0.0,15.784576199999998,-58.82011712395236,17.348741436080502,0.024006960000001243,1,2
161,0.0,17.164976399999997,-64.93612678027449,16.07256075545495,0.024006960000001243,1,2
161,0.0,19.085533199999997,-86.60698486114342,9.409512323728006,0.012003480000000621,1,1
161,0.0,20.41791948,-71.37352575361773,17.455006589433914,0.048013920000002486,1,4
161,0.0,20.669992559999997,-60.111060712862745,26.42361342675697,0.07202088000000373,4,12
161,0.0,20.71800648,-74.71792895744657,12.35851101727336,0.024006960000001243,2,3
161,0.0,21.150131759999997,-64.08125196632821,20.902975736943,0.024006960000001243,1,2
161,0.0,23.37077556,-82.7830272639736,15.321718800063929,0.024006960000001243,1,2
161,0.0,24.979241879999996,-83.03055417055776,13.102252500036357,0.036010440000001864,1,3
161,0.0,25.57941588,-85.04749635868998,9.852293299678577,0.012003480000000621,1,1
162,0.0,10.05891624,-49.305029763490786,10.37316812360899,0.012003480000000621,1,1
162,0.0,14.116092479999997,-54.16272912204953,14.95708882571513,0.036010440000001864,2,5
162,0.0,15.19640568,-59.15967980178679,11.620401636635705,0.09602784000000497,3,9
162,0.0,16.16868756,-59.715746598075796,11.491266758688301,0.012003480000000621,1,1
162,0.0,16.72084764,-57.210396352264034,16.340268783873626,0.06001740000000311,1,5
162,0.0,16.9849242,-56.93613522289763,16.25580052966803,0.048013920000002486,1,4
162,0.0,17.03293812,-63.87189058080008,10.404432174769884,0.012003480000000621,1,1
162,0.0,18.065237399999997,-56.930713796661735,24.599036717486356,0.06001740000000311,1,5
162,0.0,18.905480999999998,-61.31828491449077,14.90908498671892,0.024006960000001243,2,3
162,0.0,21.63027096,-60.037016860492855,16.382814444858617,0.024006960000001243,1,2
162,0.0,24.7271688,-66.64493109085264,13.894435882954596,0.024006960000001243,1,2
162,0.0,24.847203599999997,-63.436075859857624,17.598218396989513,0.024006960000001243,1,2
163,0.0,10.58706936,-56.93921625158862,21.028025930800574,0.08402436000000435,1,7
163,0.0,10.647086759999999,-67.84980201101975,9.942469582356251,0.012003480000000621,1,1
163,0.0,11.883445199999999,-52.75444822176389,27.32618553467063,0.06001740000000311,1,5
163,0.0,11.931459119999998,-67.13020191006598,14.057366784420385,0.012003480000000621,1,1
163,0.0,12.2435496,-57.759897302016356,18.044864142872502,0.06001740000000311,1,5
163,0.0,12.399594839999999,-61.24487805645997,12.595881693416192,0.024006960000001243,1,2
163,0.0,12.9637584,-52.870847108705235,21.471520618381223,0.024006960000001243,1,2
163,0.0,13.251841919999999,-53.14247565544456,21.226708372992327,0.024006960000001243,2,4
163,0.0,14.776283879999998,-54.43222093026084,18.376667838341344,0.024006960000001243,2,3
163,0.0,14.932329119999999,-55.28693267437501,15.856458997895457,0.024006960000001243,1,2
163,0.0,16.00063884,-59.453751438384046,21.403394046046476,0.06001740000000311,1,5
163,0.0,18.857467079999996,-64.08175220727064,25.152271980543958,0.048013920000002486,1,4
163,0.0,19.2655854,-77.95599826725028,12.38262712727191,0.024006960000001243,1,2
163,0.0,19.589679359999998,-72.99835184578352,17.808782419669388,0.07202088000000373,2,9
163,0.0,20.09382552,-70.23653257899836,16.132237249658694,0.024006960000001243,1,2
163,0.0,20.345898599999998,-63.08198660082673,21.694618114377416,0.024006960000001243,1,2
163,0.0,20.36990556,-74.67076588393334,10.105838831270797,0.012003480000000621,1,1
163,0.0,21.090114359999998,-73.59785348014073,16.711919948218213,0.024006960000001243,1,2
163,0.0,21.486229199999997,-81.43240258468042,12.401863612822758,0.036010440000001864,1,3
163,0.0,21.52223964,-79.34386528547844,15.17273995631982,0.036010440000001864,1,3
163,0.0,23.034678119999995,-83.6320366859432,13.75945712684571,0.036010440000001864,1,3
163,0.0,24.775182719999997,-75.61288130939835,18.332110031770586,0.036010440000001864,1,3
163,0.0,27.680024879999998,-86.83412880246513,9.926682974567822,0.012003480000000621,1,1
164,0.0,10.923166799999999,-52.18514213756987,16.853405448722295,0.024006960000001243,1,2
164,0.0,12.531633119999999,-53.10318792217133,16.57435142134364,0.036010440000001864,1,3
164,0.0,12.939751439999998,-54.34386058133478,13.177901393204207,0.024006960000001243,1,2
164,0.0,13.29985584,-51.181289309625406,13.681975853791652,0.024006960000001243,1,2
164,0.0,14.20011684,-72.52647915201004,9.418743901426156,0.012003480000000621,1,1
164,0.0,15.028356959999998,-73.29094373436709,10.758668627291083,0.012003480000000621,1,1
164,0.0,15.316440479999997,-70.61032408761777,12.29808182354214,0.012003480000000621,1,1
164,0.0,15.80858316,-62.93890381453537,19.76748998757538,0.048013920000002486,1,4
164,0.0,16.288722359999998,-66.35755369265055,11.018318356409118,0.024006960000001243,2,4
164,0.0,16.4447676,-71.92695785306097,9.907942342365466,0.012003480000000621,1,1
164,0.0,16.480778039999997,-72.32962522373515,9.725155554139723,0.012003480000000621,1,1
164,0.0,17.381039039999997,-58.863843453120516,14.33197608715634,0.024006960000001243,1,2
164,0.0,17.47706688,-58.65418699101818,16.125949220165758,0.012003480000000621,1,1
164,0.0,18.17326872,-70.65928155666995,10.755564500161586,0.07202088000000373,1,6
164,0.0,18.56938356,-79.9921970472023,10.242367072536664,0.012003480000000621,1,1
164,0.0,20.5259508,-70.41361328734189,12.662653704989665,0.024006960000001243,1,2
164,0.0,21.342187439999996,-65.40605386561109,23.347570576371606,0.024006960000001243,1,2
164,0.0,22.842622439999996,-61.041829857123645,28.454671563318268,0.024006960000001243,1,2
164,0.0,22.866629399999997,-74.13500291396278,15.306350702358438,0.024006960000001243,1,2
164,0.0,22.90263984,-78.71685351260338,10.724500103717842,0.012003480000000621,1,1
164,0.0,24.25903308,-73.08618236094128,17.752591326593983,0.036010440000001864,1,3
164,0.0,24.67915488,-69.42634654168867,22.42023653875823,0.09602784000000497,2,8
164,0.0,29.20446684,-59.64010152267592,10.343131241167637,0.012003480000000621,1,1
165,0.0,10.022905799999998,-69.347347406193,11.33217150796911,0.012003480000000621,1,1
165,0.0,10.322992799999998,-48.69318375262952,27.215641064868834,0.10803132000000559,1,9
165,0.0,12.44760876,-61.35666712290957,18.803782290200825,0.09602784000000497,1,8
165,0.0,13.071789719999998,-73.19110217355004,12.92116999026745,0.036010440000001864,1,3
165,0.0,13.131807119999998,-74.75121390275704,10.625781676001004,0.024006960000001243,1,2
165,0.0,14.020064639999998,-55.97280385138416,22.048387472968578,0.08402436000000435,2,9
165,0.0,14.30814816,-64.71741957735543,12.137994922536105,0.024006960000001243,1,2
165,0.0,14.968339559999999,-64.77431706955068,9.374275280295985,0.012003480000000621,1,1
165,0.0,15.652537919999999,-56.48144433075628,21.794362888398346,0.07202088000000373,1,6
165,0.0,15.748565759999998,-68.79210695495948,10.015721087708227,0.012003480000000621,1,1
165,0.0,18.305307,-78.37893588457209,10.409048647257801,0.012003480000000621,1,1
165,0.0,18.83346012,-74.24376785421754,17.455948336010394,0.036010440000001864,1,3
165,0.0,20.453929919999997,-70.39610029399081,16.758049085790972,0.06001740000000311,1,5
165,0.0,20.826037799999998,-66.86572817667141,20.812102575601685,0.036010440000001864,1,3
165,0.0,24.19901568,-67.27444284640544,18.481806600504072,0.036010440000001864,1,3
165,0.0,29.156452919999996,-67.2580599419899,9.720199970288263,0.012003480000000621,1,1
166,0.0,10.05891624,-52.90522996822678,15.803183790220078,0.024006960000001243,1,2
166,0.0,12.2435496,-57.3723162720995,12.978902921775239,0.024006960000001243,1,2
166,0.0,12.327573959999999,-62.6019919742215,9.800646046837517,0.012003480000000621,1,1
166,0.0,13.33586628,-54.43916913092946,22.851830372320755,0.07202088000000373,1,6
166,0.0,13.683967199999998,-59.964704641606154,16.512042941023836,0.024006960000001243,2,3
166,0.0,14.54821776,-60.58223914403938,10.011459166894008,0.012003480000000621,1,1
166,0.0,14.65624908,-55.241172177881694,14.68536601221453,0.036010440000001864,2,4
166,0.0,15.100377839999998,-57.69874873029188,16.63951035591645,0.048013920000002486,2,6
166,0.0,16.58880936,-61.7743878650335,19.45665563904469,0.036010440000001864,1,3
166,0.0,16.87689288,-60.15232001222473,14.705870733191706,0.024006960000001243,1,2
166,0.0,17.89718868,-70.30880970222583,11.104900453638178,0.012003480000000621,1,1
166,0.0,18.16126524,-62.08477051304497,21.749085763803894,0.06001740000000311,1,5
166,0.0,20.261874239999997,-77.46580823032494,11.092896840094337,0.024006960000001243,1,2
166,0.0,21.79831968,-83.93241385076523,9.793706197460368,0.012003480000000621,1,1
166,0.0,23.57483472,-75.64942490447686,17.069137053939297,0.036010440000001864,2,5
167,0.0,11.175239879999998,-67.35216280429715,17.937890027425603,0.048013920000002486,1,4
167,0.0,11.24726076,-75.30896023668778,9.981092595034976,0.012003480000000621,1,1
167,0.0,11.919455639999999,-70.17978006576361,13.107198273925553,0.024006960000001243,1,2
167,0.0,12.123514799999999,-57.336177458803455,18.797752541823055,0.048013920000002486,1,4
167,0.0,12.375587879999998,-63.35569142204737,14.406390378770961,0.024006960000001243,1,2
167,0.0,12.99976884,-53.42059042129577,12.616891587087789,0.024006960000001243,1,2
167,0.0,13.10780016,-53.54096168733254,15.448804923319075,0.012003480000000621,1,1
167,0.0,14.26013424,-56.48337312981199,14.472503887886003,0.024006960000001243,1,2
167,0.0,14.50020384,-57.56515870057025,11.149330503224098,0.012003480000000621,2,2
167,0.0,14.836301279999999,-60.22301952666581,16.003136453176676,0.024006960000001243,1,2
167,0.0,15.40046484,-61.14853410103299,13.353284975641298,0.024006960000001243,1,2
167,0.0,15.424471799999997,-63.56205108913849,10.402217609249842,0.012003480000000621,1,1
167,0.0,15.73656228,-56.81981738979858,20.008496670679207,0.048013920000002486,1,4
167,0.0,16.216701479999998,-62.8763991773199,10.61144970513216,0.012003480000000621,1,1
167,0.0,16.66083024,-62.02127769598404,15.394977187896197,0.036010440000001864,2,3
167,0.0,17.03293812,-67.06173498263749,9.633453969672164,0.012003480000000621,1,1
167,0.0,17.393042519999998,-60.20166044940641,17.144364863120234,0.048013920000002486,1,4
167,0.0,17.669122559999998,-69.00371436059893,13.075084761692706,0.036010440000001864,1,3
167,0.0,18.41333832,-68.0800319237638,12.046738155476604,0.024006960000001243,1,2
167,0.0,18.61739748,-78.34819719709371,10.112468447077937,0.024006960000001243,1,2
167,0.0,19.037519279999998,-79.9523731783905,9.784452499834817,0.012003480000000621,1,1
167,0.0,19.06152624,-79.20072959357141,10.344144649924413,0.012003480000000621,1,1
167,0.0,19.637693279999997,-55.66990051672228,27.185107661289955,0.048013920000002486,1,4
167,0.0,19.6857072,-70.78861359100674,11.601246133166647,0.012003480000000621,1,1
167,0.0,20.32189164,-79.47945818986649,9.926627049215565,0.012003480000000621,1,1
167,0.0,20.345898599999998,-78.06734407561842,11.338741163463641,0.024006960000001243,1,2
167,0.0,20.393912519999997,-79.05437801797832,10.70520262983504,0.024006960000001243,1,2
167,0.0,21.00609,-71.89137188253282,11.767854213394655,0.012003480000000621,1,1
167,0.0,21.17413872,-67.29446440378196,19.170970566279482,0.048013920000002486,2,7
167,0.0,21.978371879999997,-60.09331881084945,22.159597716466646,0.048013920000002486,1,4
167,0.0,22.182431039999997,-63.283302290687516,17.968850641185195,0.024006960000001243,1,2
167,0.0,23.39478252,-62.987463048441725,25.570081953963737,0.036010440000001864,1,3
167,0.0,23.442796439999995,-78.67210226790701,10.917883744342676,0.012003480000000621,1,1
168,0.0,10.3830102,-52.98391353270216,26.540225332181645,0.10803132000000559,1,9
168,0.0,10.971180719999998,-56.135218288758665,25.452752365332397,0.06001740000000311,1,5
168,0.0,11.751406919999999,-63.50891747624957,22.262381796123005,0.06001740000000311,1,5
168,0.0,12.55564008,-56.069264648286776,16.629474888072075,0.048013920000002486,1,4
168,0.0,13.467904559999997,-60.067799249928726,13.358409139789636,0.024006960000001243,1,2
168,0.0,13.623949799999998,-53.657174720261395,20.343966974577224,0.036010440000001864,1,3
168,0.0,13.876022879999999,-59.19484578374124,12.492221746033954,0.012003480000000621,1,1
168,0.0,14.032068119999998,-59.78756789414053,9.867512825687625,0.024006960000001243,1,2
168,0.0,14.104089,-56.88488155462161,15.545985260365754,0.024006960000001243,1,2
168,0.0,16.276718879999997,-55.837849211878975,21.027984804324586,0.036010440000001864,1,3
168,0.0,16.52879196,-64.18467249547894,12.081980519790555,0.012003480000000621,1,1
168,0.0,17.71713648,-73.7267786950579,16.401163066357896,0.024006960000001243,1,2
168,0.0,17.765150399999996,-83.02154563193716,9.707070533674626,0.012003480000000621,1,1
168,0.0,18.3653244,-69.38073526404794,17.447805069943275,0.024006960000001243,1,2
168,0.0,19.973790719999997,-74.27782833465977,18.236922364087885,0.036010440000001864,1,3
168,0.0,21.23415612,-63.49047606012611,17.968022166854865,0.036010440000001864,1,3
168,0.0,22.27845888,-74.3437065442929,20.49234275459343,0.048013920000002486,1,4
168,0.0,23.79089736,-80.4774692466471,12.244753724671707,0.024006960000001243,1,2
169,0.0,10.647086759999999,-55.10524378336978,21.795842374801595,0.07202088000000373,1,6
169,0.0,11.871441719999998,-53.725455095100486,17.9045963601587,0.024006960000001243,1,2
169,0.0,12.09950784,-60.12031502491154,13.205885455072771,0.024006960000001243,1,2
169,0.0,12.44760876,-58.18099051896322,17.41685042361661,0.06001740000000311,1,5
169,0.0,13.083793199999999,-56.82502823669485,20.039588484390087,0.06001740000000311,1,5
169,0.0,13.77999504,-53.88949276194011,23.195953240673006,0.06001740000000311,1,5
169,0.0,13.85201592,-65.94116911227742,11.46210264855357,0.012003480000000621,1,1
169,0.0,14.18811336,-69.92656846244816,12.67348426492767,0.012003480000000621,1,1
169,0.0,14.596231679999999,-61.72729215071133,15.293807081289687,0.024006960000001243,1,2
169,0.0,15.268426559999998,-56.05363816878526,16.965623509118885,0.08402436000000435,2,8
169,0.0,15.376457879999998,-57.538524279960086,15.958695348645461,0.024006960000001243,1,2
169,0.0,15.41246832,-55.66181063058388,18.123973835385865,0.024006960000001243,1,2
169,0.0,16.04865276,-55.714583279823685,19.24821562360802,0.024006960000001243,1,2
169,0.0,16.79286852,-62.93996021195287,15.165285176674407,0.024006960000001243,1,2
169,0.0,17.81316432,-57.73590418690797,21.62964866633946,0.048013920000002486,1,4
169,0.0,18.16126524,-60.62691576357997,15.248861392988912,0.036010440000001864,1,3
169,0.0,18.91748448,-60.66957249889805,20.250832498909055,0.06001740000000311,1,5
169,0.0,19.301595839999997,-59.39256511243657,23.54725640661671,0.036010440000001864,1,3
169,0.0,19.349609759999996,-73.82968938355211,9.791717470130443,0.012003480000000621,1,1
169,0.0,19.81774548,-64.59458988725969,19.469078338238766,0.024006960000001243,1,2
169,0.0,20.742013439999997,-68.81379596449277,20.648606997498156,0.048013920000002486,2,7
169,0.0,27.00783,-72.3427148262287,16.916142480057445,0.024006960000001243,1,2
170,0.0,10.93517028,-56.521985671390176,18.431483416259834,0.024006960000001243,1,2
170,0.0,11.031198119999999,-54.76468074345604,13.230427380031884,0.024006960000001243,1,2
170,0.0,11.24726076,-62.14049327957241,12.637884382327748,0.024006960000001243,1,2
170,0.0,11.931459119999998,-57.05579251543845,12.297636509863635,0.048013920000002486,2,4
170,0.0,12.14752176,-59.18777637837642,13.288672001864485,0.024006960000001243,1,2
170,0.0,12.699681839999998,-53.97091779848714,15.423029595408815,0.024006960000001243,1,2
170,0.0,13.491911519999999,-63.03437033137349,12.562918042585537,0.012003480000000621,1,1
170,0.0,13.53992544,-61.8102988410145,12.059900329882172,0.012003480000000621,1,1
170,0.0,13.7439846,-55.79677703528446,20.196567653452995,0.036010440000001864,2,4
170,0.0,14.284141199999999,-68.29623157499174,11.990719148775986,0.012003480000000621,1,1
170,0.0,14.344158599999998,-61.0322551058957,16.41702656218542,0.024006960000001243,1,2
170,0.0,14.81229432,-52.59494902566895,21.87580402082691,0.048013920000002486,1,4
170,0.0,15.568513559999998,-55.37296920486244,24.504080176325346,0.048013920000002486,2,6
170,0.0,16.33673628,-75.86577815455472,9.908524592088794,0.012003480000000621,1,1
170,0.0,17.5250808,-56.2681556162704,19.082206900781745,0.06001740000000311,2,7
170,0.0,17.993216519999997,-64.43575352967225,14.487605980274711,0.036010440000001864,1,3
170,0.0,19.13354712,-83.01507188951292,10.81208795766008,0.036010440000001864,1,3
170,0.0,21.570253559999998,-63.41905924372515,25.809222757736446,0.06001740000000311,1,5
170,0.0,22.12241364,-59.95399639411983,19.236098134331993,0.08402436000000435,2,9
170,0.0,22.71058416,-64.61601333610301,22.115545400114044,0.036010440000001864,1,3
170,0.0,23.43079296,-84.23833610066251,9.964314844526566,0.012003480000000621,1,1
170,0.0,24.51110616,-74.48096413069776,19.14036426538335,0.048013920000002486,1,4
170,0.0,28.064136239999996,-68.968314700825,24.44881005252643,0.06001740000000311,1,5
170,0.0,28.760338079999997,-80.91910519030927,10.747002776134135,0.012003480000000621,1,1
171,0.0,10.034909279999999,-49.726723209549505,28.882463941611263,0.048013920000002486,1,4
171,0.0,10.094926679999999,-67.96877138967318,10.6404157614876,0.012003480000000621,1,1
171,0.0,11.11522248,-63.74586872090443,18.603024227354176,0.036010440000001864,1,3
171,0.0,11.85943824,-74.48442434971919,11.136727459232915,0.036010440000001864,1,3
171,0.0,12.375587879999998,-56.840274090132034,25.84576575493902,0.048013920000002486,1,4
171,0.0,12.65166792,-73.58082924547207,9.65327350346405,0.012003480000000621,1,1
171,0.0,12.675674879999999,-75.57522809613792,9.903672569724847,0.012003480000000621,1,1
171,0.0,12.9637584,-65.1952188916617,15.317410164143396,0.036010440000001864,1,3
171,0.0,13.275848879999998,-58.371287292914715,15.739397573208063,0.06001740000000311,1,5
171,0.0,13.635953279999999,-68.80901377447404,10.395015706245289,0.012003480000000621,1,1
171,0.0,13.96004724,-68.23476161555625,10.604810639362361,0.012003480000000621,1,1
171,0.0,14.008061159999999,-53.86116794062814,24.978404314290472,0.024006960000001243,1,2
171,0.0,14.032068119999998,-68.97011490867119,9.708754271444487,0.012003480000000621,1,1
171,0.0,15.71255532,-57.246207837755904,17.698636233080293,0.048013920000002486,1,4
171,0.0,16.30072584,-60.52388183243843,19.235919799929366,0.024006960000001243,2,3
171,0.0,17.8251678,-59.956054327325816,16.632720664335565,0.024006960000001243,1,2
171,0.0,17.8851852,-57.15157526139641,19.428721412203718,0.036010440000001864,1,3
171,0.0,18.1252548,-62.77137180001099,16.062964043207476,0.024006960000001243,1,2
171,0.0,18.58138704,-72.51131995623251,9.472275870275347,0.012003480000000621,1,1
171,0.0,18.61739748,-66.45214292092886,15.531452905578982,0.036010440000001864,1,3
171,0.0,20.165846399999996,-60.05415982338555,28.768925172537795,0.048013920000002486,1,4
171,0.0,20.21386032,-76.67289736684911,10.090395754844208,0.012003480000000621,1,1
171,0.0,21.918354479999998,-78.51854434507547,18.713120072942907,0.048013920000002486,1,4
171,0.0,25.59141936,-82.6757118278365,10.548006111676855,0.012003480000000621,1,1
172,0.0,11.295274679999999,-55.73248860193531,15.263138519871928,0.036010440000001864,1,3
172,0.0,11.48733036,-51.48190018521949,18.318833317265653,0.036010440000001864,2,4
172,0.0,11.54734776,-60.294367156964476,12.207184269231535,0.024006960000001243,1,2
172,0.0,12.33957744,-53.84316923833046,15.568354911628582,0.024006960000001243,1,2
172,0.0,12.495622679999999,-56.3652325573911,15.690844033352715,0.036010440000001864,1,3
172,0.0,13.071789719999998,-51.861015941710555,24.26542529049117,0.06001740000000311,1,5
172,0.0,13.85201592,-66.00430526024776,11.650256992758665,0.012003480000000621,1,1
172,0.0,14.356162079999999,-62.92489740421161,11.53341400510059,0.012003480000000621,1,1
172,0.0,14.668252559999997,-58.05627628429319,18.997744174830874,0.07202088000000373,2,6
172,0.0,15.124384799999998,-57.01475234934291,14.721494508946568,0.036010440000001864,1,3
172,0.0,16.79286852,-55.76391980822328,22.343407782604178,0.048013920000002486,2,7
172,0.0,17.2249938,-59.710451238962094,15.156246453135978,0.048013920000002486,1,4
172,0.0,17.96920956,-73.3302570107067,11.964051488222179,0.024006960000001243,1,2
172,0.0,18.3653244,-58.41743571093441,26.023389989264537,0.036010440000001864,1,3
172,0.0,18.40133484,-71.5851438905307,11.364797416992188,0.024006960000001243,1,2
172,0.0,19.649696759999998,-75.52201986435836,14.136217381681387,0.036010440000001864,1,3
172,0.0,20.609975159999998,-59.10862005805483,27.265712094515806,0.024006960000001243,1,2
172,0.0,20.63398212,-72.34262251419759,14.031709638373043,0.024006960000001243,1,2
172,0.0,21.19814568,-67.9169079329486,16.532471247596177,0.024006960000001243,1,2
172,0.0,24.835200119999996,-76.35961109527973,20.15611105474698,0.07202088000000373,2,7
172,0.0,26.851784759999997,-66.93962010432733,23.108968206349367,0.024006960000001243,1,2
172,0.0,26.8877952,-78.99931334333996,11.277563724587887,0.012003480000000621,1,1
172,0.0,27.547986599999998,-80.61783546784321,9.371159108531508,0.012003480000000621,1,1
173,0.0,10.094926679999999,-58.312411735077674,21.415896503383806,0.036010440000001864,1,3
173,0.0,10.683097199999999,-73.42097833553905,10.824966335537232,0.012003480000000621,1,1
173,0.0,10.79112852,-74.99789674259745,10.3043764036804,0.012003480000000621,1,1
173,0.0,11.3432886,-50.07981243542556,20.02437539245942,0.024006960000001243,1,2
173,0.0,11.367295559999999,-59.101071517095754,10.430853828477947,0.012003480000000621,1,1
173,0.0,11.59536168,-50.96467343362476,20.068558359277805,0.024006960000001243,1,2
173,0.0,12.159525239999999,-54.576091161648804,10.580671551207978,0.012003480000000621,1,1
173,0.0,12.291563519999999,-52.726221139015536,13.902266452412231,0.024006960000001243,1,2
173,0.0,12.627660959999998,-49.707844944641565,17.397232411524076,0.012003480000000621,1,1
173,0.0,13.167817559999998,-54.76595598355661,15.71970183925621,0.024006960000001243,2,3
173,0.0,13.2638454,-57.55857926180521,12.12534326284671,0.024006960000001243,1,2
173,0.0,13.599942839999999,-58.2464782315176,14.54823802260864,0.024006960000001243,1,2
173,0.0,13.70797416,-59.099903596685344,14.752019724995707,0.048013920000002486,2,5
173,0.0,14.50020384,-53.85680740025109,18.159665515121304,0.024006960000001243,1,2
173,0.0,14.716266479999998,-57.6248935134165,14.391579401955896,0.036010440000001864,2,4
173,0.0,15.70055184,-71.87794589873889,13.097237602779073,0.036010440000001864,1,3
173,0.0,16.24070844,-70.65226207991672,13.3809338199257,0.036010440000001864,1,3
173,0.0,17.05694508,-61.922714415268985,12.385240576362648,0.024006960000001243,1,2
174,0.0,12.11151132,-59.936616146997935,12.298847558343702,0.012003480000000621,1,1
174,0.0,13.395883679999999,-61.74001696357099,9.782342461002774,0.024006960000001243,1,2
174,0.0,13.479908039999998,-55.27781884600284,16.244540578570923,0.024006960000001243,1,2
174,0.0,14.152102919999999,-64.3460014218022,16.44440939342546,0.08402436000000435,1,7
174,0.0,14.560221239999999,-61.40583491156092,16.395258781294174,0.048013920000002486,1,4
174,0.0,14.98034304,-64.96941824826267,16.126709747583273,0.024006960000001243,1,2
174,0.0,16.19269452,-70.97616349182543,15.574464104788273,0.036010440000001864,1,3
174,0.0,16.60081284,-63.89875830163647,12.975584506753364,0.036010440000001864,1,3
174,0.0,17.27300772,-65.26482720016426,14.775229849301013,0.06001740000000311,1,5
174,0.0,17.789157359999997,-58.19459277485285,18.08311227747606,0.024006960000001243,1,2
174,0.0,21.774312719999998,-58.70609110090926,23.073555743251536,0.048013920000002486,1,4
174,0.0,21.906350999999997,-68.63585785108467,12.308771875063245,0.012003480000000621,1,1
174,0.0,26.839781279999997,-68.13541013259234,23.62741141688698,0.06001740000000311,2,8
175,0.0,10.1429406,-57.908303045904894,26.027923198039854,0.06001740000000311,1,5
175,0.0,10.190954519999998,-72.55141730701027,10.866156047675087,0.012003480000000621,1,1
175,0.0,10.479038039999999,-62.3548929027065,21.581333341238235,0.08402436000000435,1,7
175,0.0,11.199246839999999,-55.18955058575302,18.57688072302431,0.024006960000001243,1,2
175,0.0,12.075500879999998,-62.45026663562597,10.24893161951747,0.012003480000000621,1,1
175,0.0,12.267556559999997,-51.74307240514163,16.342486838138115,0.08402436000000435,3,9
175,0.0,12.423601799999998,-50.69360525965435,21.092050715571048,0.024006960000001243,1,2
175,0.0,13.083793199999999,-59.04492932075672,11.289722477759181,0.012003480000000621,1,1
175,0.0,13.23983844,-53.02877310877947,10.874013177328294,0.012003480000000621,1,1
175,0.0,13.287852359999999,-53.72429589450082,10.719507971031772,0.012003480000000621,1,1
175,0.0,13.88802636,-58.53465152298423,20.449581055748748,0.024006960000001243,1,2
175,0.0,14.26013424,-56.93487095116663,22.853037291905114,0.024006960000001243,1,2
175,0.0,14.452189919999999,-66.15397089206868,12.567701014945946,0.024006960000001243,1,2
175,0.0,15.040360439999999,-62.92632424663382,18.00582356575747,0.07202088000000373,1,6
175,0.0,15.376457879999998,-68.32159217092753,15.057416330135652,0.048013920000002486,2,6
175,0.0,15.73656228,-74.79021665394355,9.574353922949932,0.024006960000001243,1,2
175,0.0,15.772572719999998,-74.41600551919078,9.381743598600519,0.012003480000000621,1,1
175,0.0,16.132677119999997,-59.90539898547257,18.292364653970484,0.036010440000001864,1,3
175,0.0,16.960917239999997,-60.18321404420388,20.41004090907965,0.036010440000001864,1,3
175,0.0,17.381039039999997,-61.64995682029404,22.694202494225003,0.048013920000002486,1,4
175,0.0,17.42905296,-75.59580104201343,9.58948440941673,0.012003480000000621,1,1
175,0.0,18.3653244,-66.13079311065219,10.90248704681748,0.024006960000001243,1,2
175,0.0,18.761439239999998,-61.88949435488478,19.87002635907343,0.048013920000002486,1,4
175,0.0,19.40962716,-74.04662148845102,10.28742369469429,0.012003480000000621,1,1
175,0.0,19.445637599999998,-73.25429101638275,10.19385643747305,0.012003480000000621,1,1
175,0.0,19.73372112,-59.16186783850031,25.589666820024423,0.06001740000000311,2,5
175,0.0,20.41791948,-65.82964680612682,23.39700859406427,0.09602784000000497,1,8
175,0.0,21.066107399999996,-78.00990321344833,10.621550073283384,0.012003480000000621,1,1
175,0.0,21.090114359999998,-79.10285499344441,9.528598293287294,0.024006960000001243,1,2
175,0.0,22.0263858,-83.62343954842666,11.126237544636979,0.024006960000001243,1,2
175,0.0,23.490810359999998,-62.435743413379654,23.51698499967574,0.07202088000000373,2,6
175,0.0,24.19901568,-80.84794278471523,11.004948060500395,0.012003480000000621,1,1
175,0.0,24.235026119999997,-82.3175193526929,9.383574738495128,0.012003480000000621,1,1
175,0.0,24.88321404,-64.922449571809,23.103978370368413,0.036010440000001864,1,3
175,0.0,25.5674124,-79.38445377581985,9.50611864144657,0.012003480000000621,1,1
175,0.0,27.463962239999997,-79.26263717485143,15.178281770298003,0.036010440000001864,1,3
176,0.0,10.635083279999998,-61.66783374396813,10.704360197788198,0.024006960000001243,1,2
176,0.0,11.90745216,-61.23969200099083,16.813525219534814,0.024006960000001243,1,2
176,0.0,12.591650519999998,-49.08338625849368,17.807402887579187,0.036010440000001864,1,3
176,0.0,12.65166792,-50.61279529573837,16.277993850334497,0.09602784000000497,4,10
176,0.0,13.431894119999999,-61.48428594534829,10.820211909397537,0.012003480000000621,1,1
176,0.0,14.74027344,-59.076996533429025,17.669016272498016,0.024006960000001243,1,2
176,0.0,14.908322159999999,-60.267925107570825,13.752284814554525,0.012003480000000621,1,1
176,0.0,16.51678848,-57.08387874614423,17.97058872721923,0.024006960000001243,1,2
176,0.0,18.281300039999998,-60.88602343421282,21.27422397224357,0.036010440000001864,1,3
176,0.0,20.5859682,-73.26294395648561,19.907082311257014,0.048013920000002486,1,4
176,0.0,22.386490199999997,-81.3229999476832,14.040305724121133,0.012003480000000621,1,1
176,0.0,27.07985088,-77.23681733970669,12.206226822773473,0.024006960000001243,1,2
176,0.0,27.9681084,-68.74059378762021,17.229794637272157,0.024006960000001243,1,2
177,0.0,10.274978879999999,-68.54231377139493,9.767359822372514,0.012003480000000621,1,1
177,0.0,10.443027599999999,-58.812203458090345,15.256165179500968,0.048013920000002486,1,4
177,0.0,10.70710416,-57.364539345224664,17.67332898502485,0.036010440000001864,1,3
177,0.0,11.607365159999999,-63.558049461610764,22.66610584606287,0.06001740000000311,1,5
177,0.0,12.50762616,-49.28852161454121,21.586976358628917,0.036010440000001864,1,3
177,0.0,12.91574448,-55.34683667277336,12.185056668817605,0.012003480000000621,1,1
177,0.0,13.071789719999998,-51.34635086179969,16.06964379850134,0.024006960000001243,1,2
177,0.0,13.64795676,-64.61903871155123,9.53946388770513,0.012003480000000621,1,1
177,0.0,14.9443326,-53.860955098937005,21.70446189834941,0.048013920000002486,1,4
177,0.0,15.724558799999999,-54.560464580428906,15.789290449326776,0.024006960000001243,1,2
177,0.0,15.748565759999998,-60.751873688850104,9.7084262452031,0.012003480000000621,1,1
177,0.0,15.928617959999999,-60.541367613331126,10.13652905049739,0.012003480000000621,1,1
177,0.0,16.87689288,-57.6367466519385,13.832041027823918,0.024006960000001243,1,2
177,0.0,16.972920719999998,-58.90720121039835,12.56158646936407,0.012003480000000621,1,1
177,0.0,16.99692768,-64.73449701058716,9.573814513836314,0.012003480000000621,1,1
177,0.0,17.561091239999996,-57.45448033303572,20.633752582897475,0.024006960000001243,1,2
177,0.0,18.53337312,-68.77590845306344,13.871606338271222,0.048013920000002486,1,4
177,0.0,21.39020136,-87.86306591096826,9.351294236700793,0.012003480000000621,1,1
177,0.0,22.27845888,-62.1914583565405,25.507536616095898,0.024006960000001243,1,2
177,0.0,22.30246584,-75.71269470727196,11.986300265364438,0.024006960000001243,1,2
177,0.0,27.22389264,-70.27095509616228,21.593686765928375,0.06001740000000311,1,5
177,0.0,28.292202359999997,-81.43564632010751,13.425565675359001,0.024006960000001243,1,2
178,0.0,10.082923199999998,-66.02561368587702,17.92161872023837,0.036010440000001864,1,3
178,0.0,10.81513548,-71.89261594509574,18.35121829538145,0.036010440000001864,1,3
178,0.0,11.835431279999998,-73.16598331952942,13.961142554430525,0.036010440000001864,1,3
178,0.0,12.183532199999998,-64.87749728795852,19.869650788403355,0.09602784000000497,1,8
178,0.0,12.65166792,-60.32676640046806,10.074417659899177,0.012003480000000621,1,1
178,0.0,12.75969924,-57.83340643224086,15.782617678460888,0.012003480000000621,1,1
178,0.0,12.807713159999999,-54.999376842701075,19.223663303553494,0.024006960000001243,1,2
178,0.0,13.395883679999999,-52.20196709191405,21.47028416102362,0.06001740000000311,1,5
178,0.0,13.467904559999997,-63.97036549030783,10.644455420573776,0.012003480000000621,1,1
178,0.0,13.791998519999998,-67.61343646932283,10.049325235148014,0.012003480000000621,1,1
178,0.0,13.816005479999998,-67.75256113258637,9.563153975008703,0.012003480000000621,1,1
178,0.0,14.068078559999998,-58.198214076006245,14.038394128900444,0.036010440000001864,4,9
178,0.0,14.668252559999997,-58.9728270583105,15.945975823830747,0.06001740000000311,1,5
178,0.0,15.220412639999997,-53.85892343351486,16.86491926484824,0.09602784000000497,2,10
178,0.0,15.604524,-57.767105824143805,14.77470054315545,0.036010440000001864,1,3
178,0.0,15.976631879999998,-60.28014906530088,19.723377747770733,0.048013920000002486,2,4
178,0.0,16.684837199999997,-54.78107205970454,16.230944142273735,0.036010440000001864,1,3
178,0.0,17.89718868,-58.09972902854585,20.137974808636972,0.048013920000002486,1,4
178,0.0,18.1852722,-62.16839940008136,13.49819555832876,0.024006960000001243,1,2
178,0.0,18.32931396,-61.5699366534553,14.096658304954824,0.036010440000001864,2,3
178,0.0,20.02180464,-69.27735992144034,13.821128780955396,0.048013920000002486,2,6
178,0.0,20.105829,-72.33638442406462,14.916952750048837,0.024006960000001243,1,2
178,0.0,20.15384292,-75.43887802296683,10.327224496779511,0.024006960000001243,1,2
178,0.0,22.806611999999998,-65.23917760594549,27.21419560547051,0.06001740000000311,1,5
178,0.0,22.854625919999997,-80.32797936358149,12.313659806436338,0.012003480000000621,1,1
179,0.0,10.28698236,-57.96559092143771,22.152329303210546,0.048013920000002486,1,4
179,0.0,11.403305999999999,-50.554805422999834,18.91292616567234,0.048013920000002486,1,4
179,0.0,12.35158092,-60.17539216345916,14.375476683989277,0.024006960000001243,1,2
179,0.0,12.68767836,-71.40794285313996,9.84506046787273,0.012003480000000621,1,1
179,0.0,13.21583148,-58.873218482781475,18.24655829415027,0.024006960000001243,1,2
179,0.0,13.33586628,-67.16867010291233,9.951106674019414,0.036010440000001864,1,3
179,0.0,14.524210799999999,-59.73158892846355,22.20468303108351,0.048013920000002486,1,4
179,0.0,16.06065624,-62.56384684119454,13.797586911900016,0.024006960000001243,1,2
179,0.0,16.348739759999997,-63.96017573115358,16.901317600051428,0.024006960000001243,1,2
179,0.0,17.381039039999997,-73.87846576163926,13.247154698883051,0.036010440000001864,1,3
179,0.0,18.91748448,-62.344151043293095,23.25121500430125,0.036010440000001864,1,3
179,0.0,19.45764108,-83.67200114723352,9.965560883151765,0.012003480000000621,1,1
179,0.0,20.63398212,-60.177458343895125,31.343587080594077,0.19205568000000994,2,17
179,0.0,21.354190919999997,-81.69096505596451,9.601214002160923,0.012003480000000621,1,1
179,0.0,21.846333599999998,-81.91907012855465,15.750481860965298,0.048013920000002486,1,4
180,0.0,11.15123292,-49.667584316856654,22.050505100881537,0.024006960000001243,1,2
180,0.0,11.175239879999998,-61.381944206845766,10.336145210892436,0.012003480000000621,1,1
180,0.0,11.45131992,-60.5011502896404,13.255317121711116,0.024006960000001243,1,2
180,0.0,12.159525239999999,-61.93493158561476,9.979252347675473,0.012003480000000621,1,1
180,0.0,12.927747959999998,-57.87843693480124,16.90585708972779,0.024006960000001243,1,2
180,0.0,13.65996024,-69.97157792808835,9.576865106424338,0.012003480000000621,1,1
180,0.0,14.368165559999998,-49.7870210569978,24.75174542428061,0.06001740000000311,1,5
180,0.0,14.416179479999998,-62.9540993887749,11.584667092503516,0.012003480000000621,1,1
180,0.0,14.680256039999998,-59.32773103673349,19.13971347094162,0.036010440000001864,1,3
180,0.0,15.340447439999998,-72.32628491697386,11.262797157654315,0.012003480000000621,1,1
180,0.0,15.988635359999998,-62.69750843313333,20.928833128840033,0.036010440000001864,1,3
180,0.0,16.18069104,-62.2236121887196,18.68750171785568,0.024006960000001243,1,2
180,0.0,17.2850112,-68.57798846459471,15.369639341968327,0.024006960000001243,1,2
180,0.0,17.585098199999997,-66.37265945663285,13.803059629785608,0.048013920000002486,1,4
180,0.0,17.849174759999997,-70.97434066717214,12.033529495401096,0.024006960000001243,1,2
180,0.0,18.665411399999996,-65.85099449158297,13.120182057166975,0.024006960000001243,1,2
180,0.0,19.22957496,-59.80925558922141,17.14315269870149,0.024006960000001243,1,2
180,0.0,19.865759399999998,-65.41962940931138,18.813521797180204,0.024006960000001243,1,2
180,0.0,20.5259508,-80.50177582091118,9.637828310047617,0.012003480000000621,1,1
180,0.0,21.61826748,-58.65628672045037,27.514469676927753,0.06001740000000311,1,5
180,0.0,25.57941588,-67.80419827177747,21.825051347459823,0.06001740000000311,2,6
180,0.0,28.00411884,-72.38792551405231,19.570164674508234,0.024006960000001243,1,2
181,0.0,11.3432886,-71.59074898124783,11.470001266496253,0.024006960000001243,1,2
181,0.0,11.54734776,-58.703269201046275,22.075325671196207,0.048013920000002486,1,4
181,0.0,12.195535679999999,-67.01985459459667,9.45224531822672,0.012003480000000621,1,1
181,0.0,12.495622679999999,-58.726534442753675,12.26801682478351,0.048013920000002486,2,6
181,0.0,12.807713159999999,-52.073112087454106,20.277735800390026,0.048013920000002486,2,5
181,0.0,13.203828,-63.03210937970144,10.94971417153544,0.036010440000001864,2,3
181,0.0,13.479908039999998,-57.292487123640676,16.22633528358845,0.036010440000001864,1,3
181,0.0,14.116092479999997,-67.79334984561983,12.784920272881209,0.036010440000001864,1,3
181,0.0,14.7642804,-62.778116751599114,18.632983375463724,0.06001740000000311,2,7
181,0.0,15.580517039999998,-63.602094804525215,11.409852107733718,0.012003480000000621,1,1
181,0.0,16.264715399999996,-55.759987132612295,24.908887841316233,0.07202088000000373,1,6
181,0.0,16.72084764,-57.45291665488229,14.474642155133516,0.024006960000001243,1,2
181,0.0,18.341317439999997,-74.60946236733858,11.65222952071655,0.024006960000001243,1,2
181,0.0,18.58138704,-63.915287573072135,18.470249142504436,0.07202088000000373,2,7
181,0.0,19.40962716,-64.67688034743429,15.682120294721038,0.036010440000001864,1,3
181,0.0,21.39020136,-64.25099888028116,26.920878063921776,0.06001740000000311,1,5
181,0.0,21.438215279999998,-78.76500399628671,13.036323003674301,0.012003480000000621,1,1
181,0.0,23.862918239999996,-87.28047084269429,9.710008475008085,0.012003480000000621,1,1
181,0.0,24.4270818,-81.35509246591948,12.623309579059601,0.024006960000001243,1,2
181,0.0,24.4870992,-83.43822679554803,10.527612235023545,0.012003480000000621,1,1
181,0.0,27.596000519999997,-83.44741811971552,14.024541741058838,0.024006960000001243,1,2
182,0.0,10.04691276,-64.80543948704158,12.398924133122408,0.012003480000000621,1,1
182,0.0,10.082923199999998,-52.042373580915125,25.994392094565463,0.10803132000000559,3,14
182,0.0,11.175239879999998,-72.52977841007542,15.984155478500902,0.048013920000002486,1,4
182,0.0,12.051493919999999,-50.03730565537302,23.23933942388983,0.14404176000000746,2,12
182,0.0,12.387591359999998,-60.70801195702988,12.553729708409229,0.024006960000001243,1,2
182,0.0,14.380169039999998,-63.8702405861624,16.698283420278994,0.036010440000001864,1,3
182,0.0,15.112381319999999,-54.81524414554508,23.266243685867607,0.036010440000001864,1,3
182,0.0,15.652537919999999,-53.96366831820834,21.03468202885566,0.048013920000002486,1,4
182,0.0,17.02093464,-66.94132067417586,16.537926785562284,0.036010440000001864,1,3
182,0.0,18.19727568,-72.06973507087093,17.426094064855974,0.036010440000001864,1,3
182,0.0,18.7254288,-75.88535966373782,12.06893745869133,0.024006960000001243,1,2
182,0.0,19.589679359999998,-64.37425882151946,22.61647670803494,0.048013920000002486,1,4
182,0.0,20.33389512,-66.85381003571584,17.793471292093066,0.036010440000001864,1,3
182,0.0,20.754016919999998,-78.02533587944662,12.717084862919972,0.024006960000001243,1,2
182,0.0,21.22215264,-77.46182180327577,10.57699190501154,0.012003480000000621,1,1
182,0.0,22.470514559999998,-64.49238864449288,21.005343419214565,0.06001740000000311,1,5
182,0.0,23.934939119999996,-75.63883524345546,20.547594417736,0.036010440000001864,1,3
182,0.0,24.28304004,-70.58726394310517,20.686171902564745,0.07202088000000373,1,6
182,0.0,27.547986599999998,-81.69520788257829,14.280955237703164,0.024006960000001243,1,2
182,0.0,28.19617452,-85.8640219040553,13.012534421322382,0.024006960000001243,1,2
183,0.0,10.298985839999999,-64.85729418708826,13.702557848995694,0.048013920000002486,1,4
183,0.0,10.923166799999999,-48.907131518342226,21.45749221359756,0.024006960000001243,1,2
183,0.0,10.971180719999998,-51.562652310263445,18.93963627151922,0.048013920000002486,1,4
183,0.0,11.319281639999998,-58.51845503780829,11.000647467757723,0.036010440000001864,1,3
183,0.0,12.6636714,-62.71824701576537,13.7402558216462,0.024006960000001243,1,2
183,0.0,13.21583148,-63.510855052668624,16.035990216270886,0.036010440000001864,1,3
183,0.0,13.9840542,-68.6238537940349,13.730897003617882,0.036010440000001864,1,3
183,0.0,15.016353479999998,-56.69981564505511,21.793694029996008,0.036010440000001864,1,3
183,0.0,16.31272932,-71.54001945410904,16.0508118661142,0.036010440000001864,1,3
183,0.0,17.393042519999998,-63.289978220926315,21.343217561379287,0.048013920000002486,1,4
183,0.0,18.353320919999998,-72.20985089860366,10.303317583203333,0.012003480000000621,1,1
183,0.0,18.461352239999997,-67.25896355446652,16.877401606547828,0.048013920000002486,1,4
183,0.0,19.91377332,-75.83049766831357,13.043115633077742,0.036010440000001864,1,3
183,0.0,22.69858068,-66.26857453921077,21.684978736115962,0.07202088000000373,2,6
183,0.0,25.135287119999997,-66.44798112625085,20.141921221447067,0.024006960000001243,1,2
183,0.0,25.807482,-79.11618181015149,9.926501101515905,0.012003480000000621,1,1
183,0.0,25.843492439999995,-79.49652795902348,9.546154952643924,0.012003480000000621,1,1
183,0.0,28.136157119999996,-84.07955226668095,9.747584230524346,0.012003480000000621,1,1
