site,date,run,freq_khz,side,leg,range_m,along_m,file,label,deployment,session,used_in_paper
bathampton_canal,5_oct_2017,run1,990,port,1,15.0,2.68,990_port_cond_1-15_00x2_68m.png,unlisted,main,bathampton_canal/5_oct_2017/run1,True
bathampton_canal,5_oct_2017,run1,990,port,10,15.0,8.21,990_port_cond_10-15_00x8_21m.png,unlisted,main,bathampton_canal/5_oct_2017/run1,True
bathampton_canal,5_oct_2017,run1,990,port,11,15.0,16.59,990_port_cond_11-15_00x16_59m.png,unlisted,main,bathampton_canal/5_oct_2017/run1,True
bathampton_canal,5_oct_2017,run1,990,port,12,15.0,17.31,990_port_cond_12-15_00x17_31m.png,unlisted,main,bathampton_canal/5_oct_2017/run1,True
bathampton_canal,5_oct_2017,run1,990,port,13,15.0,17.19,990_port_cond_13-15_00x17_19m.png,unlisted,main,bathampton_canal/5_oct_2017/run1,True
bathampton_canal,5_oct_2017,run1,990,port,14,15.0,18.05,990_port_cond_14-15_00x18_05m.png,unlisted,main,bathampton_canal/5_oct_2017/run1,True
bathampton_canal,5_oct_2017,run1,990,port,15,15.0,17.25,990_port_cond_15-15_00x17_25m.png,unlisted,main,bathampton_canal/5_oct_2017/run1,True
bathampton_canal,5_oct_2017,run1,990,port,16,15.0,11.8,990_port_cond_16-15_00x11_80m.png,unlisted,main,bathampton_canal/5_oct_2017/run1,True
bathampton_canal,5_oct_2017,run1,990,port,17,15.0,2.37,990_port_cond_17-15_00x2_37m.png,unlisted,main,bathampton_canal/5_oct_2017/run1,True
bathampton_canal,5_oct_2017,run1,990,port,18,15.0,5.42,990_port_cond_18-15_00x5_42m.png,unlisted,main,bathampton_canal/5_oct_2017/run1,True
bathampton_canal,5_oct_2017,run1,990,port,19,15.0,9.82,990_port_cond_19-15_00x9_82m.png,unlisted,main,bathampton_canal/5_oct_2017/run1,True
bathampton_canal,5_oct_2017,run1,990,port,2,15.0,17.67,990_port_cond_2-15_00x17_67m.png,unlisted,main,bathampton_canal/5_oct_2017/run1,True
bathampton_canal,5_oct_2017,run1,990,port,20,15.0,12.41,990_port_cond_20-15_00x12_41m.png,unlisted,main,bathampton_canal/5_oct_2017/run1,True
bathampton_canal,5_oct_2017,run1,990,port,21,15.0,16.31,990_port_cond_21-15_00x16_31m.png,unlisted,main,bathampton_canal/5_oct_2017/run1,True
bathampton_canal,5_oct_2017,run1,990,port,22,15.0,15.22,990_port_cond_22-15_00x15_22m.png,unlisted,main,bathampton_canal/5_oct_2017/run1,True
bathampton_canal,5_oct_2017,run1,990,port,23,15.0,17.23,990_port_cond_23-15_00x17_23m.png,unlisted,main,bathampton_canal/5_oct_2017/run1,True
bathampton_canal,5_oct_2017,run1,990,port,24,15.0,14.0,990_port_cond_24-15_00x14_00m.png,unlisted,main,bathampton_canal/5_oct_2017/run1,True
bathampton_canal,5_oct_2017,run1,990,port,25,15.0,12.39,990_port_cond_25-15_00x12_39m.png,unlisted,main,bathampton_canal/5_oct_2017/run1,True
bathampton_canal,5_oct_2017,run1,990,port,26,15.0,6.51,990_port_cond_26-15_00x6_51m.png,unlisted,main,bathampton_canal/5_oct_2017/run1,True
bathampton_canal,5_oct_2017,run1,990,port,27,15.0,6.9,990_port_cond_27-15_00x6_90m.png,unlisted,main,bathampton_canal/5_oct_2017/run1,True
bathampton_canal,5_oct_2017,run1,990,port,28,15.0,8.77,990_port_cond_28-15_00x8_77m.png,unlisted,main,bathampton_canal/5_oct_2017/run1,True
bathampton_canal,5_oct_2017,run1,990,port,29,15.0,10.65,990_port_cond_29-15_00x10_65m.png,unlisted,main,bathampton_canal/5_oct_2017/run1,True
bathampton_canal,5_oct_2017,run1,990,port,3,15.0,17.52,990_port_cond_3-15_00x17_52m.png,unlisted,main,bathampton_canal/5_oct_2017/run1,True
bathampton_canal,5_oct_2017,run1,990,port,30,15.0,10.07,990_port_cond_30-15_00x10_07m.png,unlisted,main,bathampton_canal/5_oct_2017/run1,True
bathampton_canal,5_oct_2017,run1,990,port,31,15.0,10.98,990_port_cond_31-15_00x10_98m.png,unlisted,main,bathampton_canal/5_oct_2017/run1,True
bathampton_canal,5_oct_2017,run1,990,port,32,15.0,10.28,990_port_cond_32-15_00x10_28m.png,unlisted,main,bathampton_canal/5_oct_2017/run1,True
bathampton_canal,5_oct_2017,run1,990,port,33,15.0,10.13,990_port_cond_33-15_00x10_13m.png,unlisted,main,bathampton_canal/5_oct_2017/run1,True
bathampton_canal,5_oct_2017,run1,990,port,34,15.0,8.38,990_port_cond_34-15_00x8_38m.png,unlisted,main,bathampton_canal/5_oct_2017/run1,True
bathampton_canal,5_oct_2017,run1,990,port,35,15.0,7.56,990_port_cond_35-15_00x7_56m.png,unlisted,main,bathampton_canal/5_oct_2017/run1,True
bathampton_canal,5_oct_2017,run1,990,port,36,15.0,5.35,990_port_cond_36-15_00x5_35m.png,unlisted,main,bathampton_canal/5_oct_2017/run1,True
bathampton_canal,5_oct_2017,run1,990,port,37,15.0,8.38,990_port_cond_37-15_00x8_38m.png,unlisted,main,bathampton_canal/5_oct_2017/run1,True
bathampton_canal,5_oct_2017,run1,990,port,38,15.0,3.85,990_port_cond_38-15_00x3_85m.png,unlisted,main,bathampton_canal/5_oct_2017/run1,True
bathampton_canal,5_oct_2017,run1,990,port,39,15.0,4.07,990_port_cond_39-15_00x4_07m.png,unlisted,main,bathampton_canal/5_oct_2017/run1,True
bathampton_canal,5_oct_2017,run1,990,port,4,15.0,17.57,990_port_cond_4-15_00x17_57m.png,unlisted,main,bathampton_canal/5_oct_2017/run1,True
bathampton_canal,5_oct_2017,run1,990,port,40,15.0,5.65,990_port_cond_40-15_00x5_65m.png,unlisted,main,bathampton_canal/5_oct_2017/run1,True
bathampton_canal,5_oct_2017,run1,990,port,41,15.0,6.45,990_port_cond_41-15_00x6_45m.png,unlisted,main,bathampton_canal/5_oct_2017/run1,True
bathampton_canal,5_oct_2017,run1,990,port,42,15.0,7.6,990_port_cond_42-15_00x7_60m.png,unlisted,main,bathampton_canal/5_oct_2017/run1,True
bathampton_canal,5_oct_2017,run1,990,port,43,15.0,8.34,990_port_cond_43-15_00x8_34m.png,unlisted,main,bathampton_canal/5_oct_2017/run1,True
bathampton_canal,5_oct_2017,run1,990,port,44,15.0,9.63,990_port_cond_44-15_00x9_63m.png,unlisted,main,bathampton_canal/5_oct_2017/run1,True
bathampton_canal,5_oct_2017,run1,990,port,45,15.0,9.3,990_port_cond_45-15_00x9_30m.png,unlisted,main,bathampton_canal/5_oct_2017/run1,True
bathampton_canal,5_oct_2017,run1,990,port,46,15.0,10.59,990_port_cond_46-15_00x10_59m.png,unlisted,main,bathampton_canal/5_oct_2017/run1,True
bathampton_canal,5_oct_2017,run1,990,port,47,15.0,2.14,990_port_cond_47-15_00x2_14m.png,unlisted,main,bathampton_canal/5_oct_2017/run1,True
bathampton_canal,5_oct_2017,run1,990,port,48,15.0,6.03,990_port_cond_48-15_00x6_03m.png,unlisted,main,bathampton_canal/5_oct_2017/run1,True
bathampton_canal,5_oct_2017,run1,990,port,49,15.0,7.68,990_port_cond_49-15_00x7_68m.png,unlisted,main,bathampton_canal/5_oct_2017/run1,True
bathampton_canal,5_oct_2017,run1,990,port,5,15.0,17.58,990_port_cond_5-15_00x17_58m.png,unlisted,main,bathampton_canal/5_oct_2017/run1,True
bathampton_canal,5_oct_2017,run1,990,port,50,15.0,8.26,990_port_cond_50-15_00x8_26m.png,unlisted,main,bathampton_canal/5_oct_2017/run1,True
bathampton_canal,5_oct_2017,run1,990,port,51,15.0,9.49,990_port_cond_51-15_00x9_49m.png,unlisted,main,bathampton_canal/5_oct_2017/run1,True
bathampton_canal,5_oct_2017,run1,990,port,52,15.0,10.43,990_port_cond_52-15_00x10_43m.png,unlisted,main,bathampton_canal/5_oct_2017/run1,True
bathampton_canal,5_oct_2017,run1,990,port,53,15.0,11.84,990_port_cond_53-15_00x11_84m.png,unlisted,main,bathampton_canal/5_oct_2017/run1,True
bathampton_canal,5_oct_2017,run1,990,port,54,15.0,9.89,990_port_cond_54-15_00x9_89m.png,unlisted,main,bathampton_canal/5_oct_2017/run1,True
bathampton_canal,5_oct_2017,run1,990,port,55,15.0,7.54,990_port_cond_55-15_00x7_54m.png,unlisted,main,bathampton_canal/5_oct_2017/run1,True
bathampton_canal,5_oct_2017,run1,990,port,56,15.0,7.49,990_port_cond_56-15_00x7_49m.png,unlisted,main,bathampton_canal/5_oct_2017/run1,True
bathampton_canal,5_oct_2017,run1,990,port,57,15.0,2.64,990_port_cond_57-15_00x2_64m.png,unlisted,main,bathampton_canal/5_oct_2017/run1,True
bathampton_canal,5_oct_2017,run1,990,port,58,15.0,6.43,990_port_cond_58-15_00x6_43m.png,unlisted,main,bathampton_canal/5_oct_2017/run1,True
bathampton_canal,5_oct_2017,run1,990,port,59,15.0,9.46,990_port_cond_59-15_00x9_46m.png,unlisted,main,bathampton_canal/5_oct_2017/run1,True
bathampton_canal,5_oct_2017,run1,990,port,6,15.0,18.38,990_port_cond_6-15_00x18_38m.png,unlisted,main,bathampton_canal/5_oct_2017/run1,True
bathampton_canal,5_oct_2017,run1,990,port,60,15.0,11.71,990_port_cond_60-15_00x11_71m.png,unlisted,main,bathampton_canal/5_oct_2017/run1,True
bathampton_canal,5_oct_2017,run1,990,port,61,15.0,14.61,990_port_cond_61-15_00x14_61m.png,unlisted,main,bathampton_canal/5_oct_2017/run1,True
bathampton_canal,5_oct_2017,run1,990,port,62,15.0,13.45,990_port_cond_62-15_00x13_45m.png,unlisted,main,bathampton_canal/5_oct_2017/run1,True
bathampton_canal,5_oct_2017,run1,990,port,63,15.0,11.41,990_port_cond_63-15_00x11_41m.png,unlisted,main,bathampton_canal/5_oct_2017/run1,True
bathampton_canal,5_oct_2017,run1,990,port,64,15.0,9.31,990_port_cond_64-15_00x9_31m.png,unlisted,main,bathampton_canal/5_oct_2017/run1,True
bathampton_canal,5_oct_2017,run1,990,port,65,15.0,7.51,990_port_cond_65-15_00x7_51m.png,unlisted,main,bathampton_canal/5_oct_2017/run1,True
bathampton_canal,5_oct_2017,run1,990,port,7,15.0,17.71,990_port_cond_7-15_00x17_71m.png,unlisted,main,bathampton_canal/5_oct_2017/run1,True
bathampton_canal,5_oct_2017,run1,990,port,8,15.0,16.19,990_port_cond_8-15_00x16_19m.png,unlisted,main,bathampton_canal/5_oct_2017/run1,True
bathampton_canal,5_oct_2017,run1,990,port,9,15.0,7.18,990_port_cond_9-15_00x7_18m.png,unlisted,main,bathampton_canal/5_oct_2017/run1,True
bathampton_canal,5_oct_2017,run1,990,stbd,1,15.0,2.68,990_stbd_cond_1-15_00x2_68m.png,unlisted,main,bathampton_canal/5_oct_2017/run1,True
bathampton_canal,5_oct_2017,run1,990,stbd,10,15.0,8.21,990_stbd_cond_10-15_00x8_21m.png,unlisted,main,bathampton_canal/5_oct_2017/run1,True
bathampton_canal,5_oct_2017,run1,990,stbd,11,15.0,16.59,990_stbd_cond_11-15_00x16_59m.png,unlisted,main,bathampton_canal/5_oct_2017/run1,True
bathampton_canal,5_oct_2017,run1,990,stbd,12,15.0,17.31,990_stbd_cond_12-15_00x17_31m.png,unlisted,main,bathampton_canal/5_oct_2017/run1,True
bathampton_canal,5_oct_2017,run1,990,stbd,13,15.0,17.19,990_stbd_cond_13-15_00x17_19m.png,unlisted,main,bathampton_canal/5_oct_2017/run1,True
bathampton_canal,5_oct_2017,run1,990,stbd,14,15.0,18.05,990_stbd_cond_14-15_00x18_05m.png,unlisted,main,bathampton_canal/5_oct_2017/run1,True
bathampton_canal,5_oct_2017,run1,990,stbd,15,15.0,17.25,990_stbd_cond_15-15_00x17_25m.png,unlisted,main,bathampton_canal/5_oct_2017/run1,True
bathampton_canal,5_oct_2017,run1,990,stbd,16,15.0,11.8,990_stbd_cond_16-15_00x11_80m.png,unlisted,main,bathampton_canal/5_oct_2017/run1,True
bathampton_canal,5_oct_2017,run1,990,stbd,17,15.0,2.37,990_stbd_cond_17-15_00x2_37m.png,unlisted,main,bathampton_canal/5_oct_2017/run1,True
bathampton_canal,5_oct_2017,run1,990,stbd,18,15.0,5.42,990_stbd_cond_18-15_00x5_42m.png,unlisted,main,bathampton_canal/5_oct_2017/run1,True
bathampton_canal,5_oct_2017,run1,990,stbd,19,15.0,9.82,990_stbd_cond_19-15_00x9_82m.png,unlisted,main,bathampton_canal/5_oct_2017/run1,True
bathampton_canal,5_oct_2017,run1,990,stbd,2,15.0,17.67,990_stbd_cond_2-15_00x17_67m.png,unlisted,main,bathampton_canal/5_oct_2017/run1,True
bathampton_canal,5_oct_2017,run1,990,stbd,20,15.0,12.41,990_stbd_cond_20-15_00x12_41m.png,unlisted,main,bathampton_canal/5_oct_2017/run1,True
bathampton_canal,5_oct_2017,run1,990,stbd,21,15.0,16.31,990_stbd_cond_21-15_00x16_31m.png,unlisted,main,bathampton_canal/5_oct_2017/run1,True
bathampton_canal,5_oct_2017,run1,990,stbd,22,15.0,15.22,990_stbd_cond_22-15_00x15_22m.png,unlisted,main,bathampton_canal/5_oct_2017/run1,True
bathampton_canal,5_oct_2017,run1,990,stbd,23,15.0,17.23,990_stbd_cond_23-15_00x17_23m.png,unlisted,main,bathampton_canal/5_oct_2017/run1,True
bathampton_canal,5_oct_2017,run1,990,stbd,24,15.0,14.0,990_stbd_cond_24-15_00x14_00m.png,unlisted,main,bathampton_canal/5_oct_2017/run1,True
bathampton_canal,5_oct_2017,run1,990,stbd,25,15.0,12.39,990_stbd_cond_25-15_00x12_39m.png,unlisted,main,bathampton_canal/5_oct_2017/run1,True
bathampton_canal,5_oct_2017,run1,990,stbd,26,15.0,6.51,990_stbd_cond_26-15_00x6_51m.png,unlisted,main,bathampton_canal/5_oct_2017/run1,True
bathampton_canal,5_oct_2017,run1,990,stbd,27,15.0,6.9,990_stbd_cond_27-15_00x6_90m.png,unlisted,main,bathampton_canal/5_oct_2017/run1,True
bathampton_canal,5_oct_2017,run1,990,stbd,28,15.0,8.77,990_stbd_cond_28-15_00x8_77m.png,unlisted,main,bathampton_canal/5_oct_2017/run1,True
bathampton_canal,5_oct_2017,run1,990,stbd,29,15.0,10.65,990_stbd_cond_29-15_00x10_65m.png,unlisted,main,bathampton_canal/5_oct_2017/run1,True
bathampton_canal,5_oct_2017,run1,990,stbd,3,15.0,17.52,990_stbd_cond_3-15_00x17_52m.png,unlisted,main,bathampton_canal/5_oct_2017/run1,True
bathampton_canal,5_oct_2017,run1,990,stbd,30,15.0,10.07,990_stbd_cond_30-15_00x10_07m.png,unlisted,main,bathampton_canal/5_oct_2017/run1,True
bathampton_canal,5_oct_2017,run1,990,stbd,31,15.0,10.98,990_stbd_cond_31-15_00x10_98m.png,unlisted,main,bathampton_canal/5_oct_2017/run1,True
bathampton_canal,5_oct_2017,run1,990,stbd,32,15.0,10.28,990_stbd_cond_32-15_00x10_28m.png,unlisted,main,bathampton_canal/5_oct_2017/run1,True
bathampton_canal,5_oct_2017,run1,990,stbd,33,15.0,10.13,990_stbd_cond_33-15_00x10_13m.png,unlisted,main,bathampton_canal/5_oct_2017/run1,True
bathampton_canal,5_oct_2017,run1,990,stbd,34,15.0,8.38,990_stbd_cond_34-15_00x8_38m.png,unlisted,main,bathampton_canal/5_oct_2017/run1,True
bathampton_canal,5_oct_2017,run1,990,stbd,35,15.0,7.56,990_stbd_cond_35-15_00x7_56m.png,unlisted,main,bathampton_canal/5_oct_2017/run1,True
bathampton_canal,5_oct_2017,run1,990,stbd,36,15.0,5.35,990_stbd_cond_36-15_00x5_35m.png,unlisted,main,bathampton_canal/5_oct_2017/run1,True
bathampton_canal,5_oct_2017,run1,990,stbd,37,15.0,8.38,990_stbd_cond_37-15_00x8_38m.png,unlisted,main,bathampton_canal/5_oct_2017/run1,True
bathampton_canal,5_oct_2017,run1,990,stbd,38,15.0,3.85,990_stbd_cond_38-15_00x3_85m.png,unlisted,main,bathampton_canal/5_oct_2017/run1,True
bathampton_canal,5_oct_2017,run1,990,stbd,39,15.0,4.07,990_stbd_cond_39-15_00x4_07m.png,unlisted,main,bathampton_canal/5_oct_2017/run1,True
bathampton_canal,5_oct_2017,run1,990,stbd,4,15.0,17.57,990_stbd_cond_4-15_00x17_57m.png,unlisted,main,bathampton_canal/5_oct_2017/run1,True
bathampton_canal,5_oct_2017,run1,990,stbd,40,15.0,5.65,990_stbd_cond_40-15_00x5_65m.png,unlisted,main,bathampton_canal/5_oct_2017/run1,True
bathampton_canal,5_oct_2017,run1,990,stbd,41,15.0,6.45,990_stbd_cond_41-15_00x6_45m.png,unlisted,main,bathampton_canal/5_oct_2017/run1,True
bathampton_canal,5_oct_2017,run1,990,stbd,42,15.0,7.6,990_stbd_cond_42-15_00x7_60m.png,unlisted,main,bathampton_canal/5_oct_2017/run1,True
bathampton_canal,5_oct_2017,run1,990,stbd,43,15.0,8.34,990_stbd_cond_43-15_00x8_34m.png,unlisted,main,bathampton_canal/5_oct_2017/run1,True
bathampton_canal,5_oct_2017,run1,990,stbd,44,15.0,9.63,990_stbd_cond_44-15_00x9_63m.png,unlisted,main,bathampton_canal/5_oct_2017/run1,True
bathampton_canal,5_oct_2017,run1,990,stbd,45,15.0,9.3,990_stbd_cond_45-15_00x9_30m.png,unlisted,main,bathampton_canal/5_oct_2017/run1,True
bathampton_canal,5_oct_2017,run1,990,stbd,46,15.0,10.59,990_stbd_cond_46-15_00x10_59m.png,unlisted,main,bathampton_canal/5_oct_2017/run1,True
bathampton_canal,5_oct_2017,run1,990,stbd,47,15.0,2.14,990_stbd_cond_47-15_00x2_14m.png,unlisted,main,bathampton_canal/5_oct_2017/run1,True
bathampton_canal,5_oct_2017,run1,990,stbd,48,15.0,6.03,990_stbd_cond_48-15_00x6_03m.png,unlisted,main,bathampton_canal/5_oct_2017/run1,True
bathampton_canal,5_oct_2017,run1,990,stbd,49,15.0,7.68,990_stbd_cond_49-15_00x7_68m.png,unlisted,main,bathampton_canal/5_oct_2017/run1,True
bathampton_canal,5_oct_2017,run1,990,stbd,5,15.0,17.58,990_stbd_cond_5-15_00x17_58m.png,unlisted,main,bathampton_canal/5_oct_2017/run1,True
bathampton_canal,5_oct_2017,run1,990,stbd,50,15.0,8.26,990_stbd_cond_50-15_00x8_26m.png,unlisted,main,bathampton_canal/5_oct_2017/run1,True
bathampton_canal,5_oct_2017,run1,990,stbd,51,15.0,9.49,990_stbd_cond_51-15_00x9_49m.png,unlisted,main,bathampton_canal/5_oct_2017/run1,True
bathampton_canal,5_oct_2017,run1,990,stbd,52,15.0,10.43,990_stbd_cond_52-15_00x10_43m.png,unlisted,main,bathampton_canal/5_oct_2017/run1,True
bathampton_canal,5_oct_2017,run1,990,stbd,53,15.0,11.84,990_stbd_cond_53-15_00x11_84m.png,unlisted,main,bathampton_canal/5_oct_2017/run1,True
bathampton_canal,5_oct_2017,run1,990,stbd,54,15.0,9.89,990_stbd_cond_54-15_00x9_89m.png,unlisted,main,bathampton_canal/5_oct_2017/run1,True
bathampton_canal,5_oct_2017,run1,990,stbd,55,15.0,7.54,990_stbd_cond_55-15_00x7_54m.png,unlisted,main,bathampton_canal/5_oct_2017/run1,True
bathampton_canal,5_oct_2017,run1,990,stbd,56,15.0,7.49,990_stbd_cond_56-15_00x7_49m.png,unlisted,main,bathampton_canal/5_oct_2017/run1,True
bathampton_canal,5_oct_2017,run1,990,stbd,57,15.0,2.64,990_stbd_cond_57-15_00x2_64m.png,unlisted,main,bathampton_canal/5_oct_2017/run1,True
bathampton_canal,5_oct_2017,run1,990,stbd,58,15.0,6.43,990_stbd_cond_58-15_00x6_43m.png,unlisted,main,bathampton_canal/5_oct_2017/run1,True
bathampton_canal,5_oct_2017,run1,990,stbd,59,15.0,9.46,990_stbd_cond_59-15_00x9_46m.png,unlisted,main,bathampton_canal/5_oct_2017/run1,True
bathampton_canal,5_oct_2017,run1,990,stbd,6,15.0,18.38,990_stbd_cond_6-15_00x18_38m.png,unlisted,main,bathampton_canal/5_oct_2017/run1,True
bathampton_canal,5_oct_2017,run1,990,stbd,60,15.0,11.71,990_stbd_cond_60-15_00x11_71m.png,unlisted,main,bathampton_canal/5_oct_2017/run1,True
bathampton_canal,5_oct_2017,run1,990,stbd,61,15.0,14.61,990_stbd_cond_61-15_00x14_61m.png,unlisted,main,bathampton_canal/5_oct_2017/run1,True
bathampton_canal,5_oct_2017,run1,990,stbd,62,15.0,13.45,990_stbd_cond_62-15_00x13_45m.png,unlisted,main,bathampton_canal/5_oct_2017/run1,True
bathampton_canal,5_oct_2017,run1,990,stbd,63,15.0,11.41,990_stbd_cond_63-15_00x11_41m.png,unlisted,main,bathampton_canal/5_oct_2017/run1,True
bathampton_canal,5_oct_2017,run1,990,stbd,64,15.0,9.31,990_stbd_cond_64-15_00x9_31m.png,unlisted,main,bathampton_canal/5_oct_2017/run1,True
bathampton_canal,5_oct_2017,run1,990,stbd,65,15.0,7.51,990_stbd_cond_65-15_00x7_51m.png,unlisted,main,bathampton_canal/5_oct_2017/run1,True
bathampton_canal,5_oct_2017,run1,990,stbd,7,15.0,17.71,990_stbd_cond_7-15_00x17_71m.png,unlisted,main,bathampton_canal/5_oct_2017/run1,True
bathampton_canal,5_oct_2017,run1,990,stbd,8,15.0,16.19,990_stbd_cond_8-15_00x16_19m.png,unlisted,main,bathampton_canal/5_oct_2017/run1,True
bathampton_canal,5_oct_2017,run1,990,stbd,9,15.0,7.18,990_stbd_cond_9-15_00x7_18m.png,unlisted,main,bathampton_canal/5_oct_2017/run1,True
bathampton_canal,5_oct_2017,run1,450,port,1,15.0,2.68,450_port_cond_1-15_00x2_68m.png,unlisted,main,bathampton_canal/5_oct_2017/run1,False
bathampton_canal,5_oct_2017,run1,450,port,10,15.0,8.21,450_port_cond_10-15_00x8_21m.png,unlisted,main,bathampton_canal/5_oct_2017/run1,False
bathampton_canal,5_oct_2017,run1,450,port,11,15.0,16.59,450_port_cond_11-15_00x16_59m.png,unlisted,main,bathampton_canal/5_oct_2017/run1,False
bathampton_canal,5_oct_2017,run1,450,port,12,15.0,17.31,450_port_cond_12-15_00x17_31m.png,unlisted,main,bathampton_canal/5_oct_2017/run1,False
bathampton_canal,5_oct_2017,run1,450,port,13,15.0,17.19,450_port_cond_13-15_00x17_19m.png,unlisted,main,bathampton_canal/5_oct_2017/run1,False
bathampton_canal,5_oct_2017,run1,450,port,14,15.0,18.05,450_port_cond_14-15_00x18_05m.png,unlisted,main,bathampton_canal/5_oct_2017/run1,False
bathampton_canal,5_oct_2017,run1,450,port,15,15.0,17.25,450_port_cond_15-15_00x17_25m.png,unlisted,main,bathampton_canal/5_oct_2017/run1,False
bathampton_canal,5_oct_2017,run1,450,port,16,15.0,11.8,450_port_cond_16-15_00x11_80m.png,unlisted,main,bathampton_canal/5_oct_2017/run1,False
bathampton_canal,5_oct_2017,run1,450,port,17,15.0,2.37,450_port_cond_17-15_00x2_37m.png,unlisted,main,bathampton_canal/5_oct_2017/run1,False
bathampton_canal,5_oct_2017,run1,450,port,18,15.0,5.42,450_port_cond_18-15_00x5_42m.png,unlisted,main,bathampton_canal/5_oct_2017/run1,False
bathampton_canal,5_oct_2017,run1,450,port,19,15.0,9.82,450_port_cond_19-15_00x9_82m.png,unlisted,main,bathampton_canal/5_oct_2017/run1,False
bathampton_canal,5_oct_2017,run1,450,port,2,15.0,17.67,450_port_cond_2-15_00x17_67m.png,unlisted,main,bathampton_canal/5_oct_2017/run1,False
bathampton_canal,5_oct_2017,run1,450,port,20,15.0,12.41,450_port_cond_20-15_00x12_41m.png,unlisted,main,bathampton_canal/5_oct_2017/run1,False
bathampton_canal,5_oct_2017,run1,450,port,21,15.0,16.31,450_port_cond_21-15_00x16_31m.png,unlisted,main,bathampton_canal/5_oct_2017/run1,False
bathampton_canal,5_oct_2017,run1,450,port,22,15.0,15.22,450_port_cond_22-15_00x15_22m.png,unlisted,main,bathampton_canal/5_oct_2017/run1,False
bathampton_canal,5_oct_2017,run1,450,port,23,15.0,17.23,450_port_cond_23-15_00x17_23m.png,unlisted,main,bathampton_canal/5_oct_2017/run1,False
bathampton_canal,5_oct_2017,run1,450,port,24,15.0,14.0,450_port_cond_24-15_00x14_00m.png,unlisted,main,bathampton_canal/5_oct_2017/run1,False
bathampton_canal,5_oct_2017,run1,450,port,25,15.0,12.39,450_port_cond_25-15_00x12_39m.png,unlisted,main,bathampton_canal/5_oct_2017/run1,False
bathampton_canal,5_oct_2017,run1,450,port,26,15.0,6.51,450_port_cond_26-15_00x6_51m.png,unlisted,main,bathampton_canal/5_oct_2017/run1,False
bathampton_canal,5_oct_2017,run1,450,port,27,15.0,6.9,450_port_cond_27-15_00x6_90m.png,unlisted,main,bathampton_canal/5_oct_2017/run1,False
bathampton_canal,5_oct_2017,run1,450,port,28,15.0,8.77,450_port_cond_28-15_00x8_77m.png,unlisted,main,bathampton_canal/5_oct_2017/run1,False
bathampton_canal,5_oct_2017,run1,450,port,29,15.0,10.65,450_port_cond_29-15_00x10_65m.png,unlisted,main,bathampton_canal/5_oct_2017/run1,False
bathampton_canal,5_oct_2017,run1,450,port,3,15.0,17.52,450_port_cond_3-15_00x17_52m.png,unlisted,main,bathampton_canal/5_oct_2017/run1,False
bathampton_canal,5_oct_2017,run1,450,port,30,15.0,10.07,450_port_cond_30-15_00x10_07m.png,unlisted,main,bathampton_canal/5_oct_2017/run1,False
bathampton_canal,5_oct_2017,run1,450,port,31,15.0,10.98,450_port_cond_31-15_00x10_98m.png,unlisted,main,bathampton_canal/5_oct_2017/run1,False
bathampton_canal,5_oct_2017,run1,450,port,32,15.0,10.28,450_port_cond_32-15_00x10_28m.png,unlisted,main,bathampton_canal/5_oct_2017/run1,False
bathampton_canal,5_oct_2017,run1,450,port,33,15.0,10.13,450_port_cond_33-15_00x10_13m.png,unlisted,main,bathampton_canal/5_oct_2017/run1,False
bathampton_canal,5_oct_2017,run1,450,port,34,15.0,8.38,450_port_cond_34-15_00x8_38m.png,unlisted,main,bathampton_canal/5_oct_2017/run1,False
bathampton_canal,5_oct_2017,run1,450,port,35,15.0,7.56,450_port_cond_35-15_00x7_56m.png,unlisted,main,bathampton_canal/5_oct_2017/run1,False
bathampton_canal,5_oct_2017,run1,450,port,36,15.0,5.35,450_port_cond_36-15_00x5_35m.png,unlisted,main,bathampton_canal/5_oct_2017/run1,False
bathampton_canal,5_oct_2017,run1,450,port,37,15.0,8.38,450_port_cond_37-15_00x8_38m.png,unlisted,main,bathampton_canal/5_oct_2017/run1,False
bathampton_canal,5_oct_2017,run1,450,port,38,15.0,3.85,450_port_cond_38-15_00x3_85m.png,unlisted,main,bathampton_canal/5_oct_2017/run1,False
bathampton_canal,5_oct_2017,run1,450,port,39,15.0,4.07,450_port_cond_39-15_00x4_07m.png,unlisted,main,bathampton_canal/5_oct_2017/run1,False
bathampton_canal,5_oct_2017,run1,450,port,4,15.0,17.57,450_port_cond_4-15_00x17_57m.png,unlisted,main,bathampton_canal/5_oct_2017/run1,False
bathampton_canal,5_oct_2017,run1,450,port,40,15.0,5.65,450_port_cond_40-15_00x5_65m.png,unlisted,main,bathampton_canal/5_oct_2017/run1,False
bathampton_canal,5_oct_2017,run1,450,port,41,15.0,6.45,450_port_cond_41-15_00x6_45m.png,unlisted,main,bathampton_canal/5_oct_2017/run1,False
bathampton_canal,5_oct_2017,run1,450,port,42,15.0,7.6,450_port_cond_42-15_00x7_60m.png,unlisted,main,bathampton_canal/5_oct_2017/run1,False
bathampton_canal,5_oct_2017,run1,450,port,43,15.0,8.34,450_port_cond_43-15_00x8_34m.png,unlisted,main,bathampton_canal/5_oct_2017/run1,False
bathampton_canal,5_oct_2017,run1,450,port,44,15.0,9.63,450_port_cond_44-15_00x9_63m.png,unlisted,main,bathampton_canal/5_oct_2017/run1,False
bathampton_canal,5_oct_2017,run1,450,port,45,15.0,9.3,450_port_cond_45-15_00x9_30m.png,unlisted,main,bathampton_canal/5_oct_2017/run1,False
bathampton_canal,5_oct_2017,run1,450,port,46,15.0,10.59,450_port_cond_46-15_00x10_59m.png,unlisted,main,bathampton_canal/5_oct_2017/run1,False
bathampton_canal,5_oct_2017,run1,450,port,47,15.0,2.14,450_port_cond_47-15_00x2_14m.png,unlisted,main,bathampton_canal/5_oct_2017/run1,False
bathampton_canal,5_oct_2017,run1,450,port,48,15.0,6.03,450_port_cond_48-15_00x6_03m.png,unlisted,main,bathampton_canal/5_oct_2017/run1,False
bathampton_canal,5_oct_2017,run1,450,port,49,15.0,7.68,450_port_cond_49-15_00x7_68m.png,unlisted,main,bathampton_canal/5_oct_2017/run1,False
bathampton_canal,5_oct_2017,run1,450,port,5,15.0,17.58,450_port_cond_5-15_00x17_58m.png,unlisted,main,bathampton_canal/5_oct_2017/run1,False
bathampton_canal,5_oct_2017,run1,450,port,50,15.0,8.26,450_port_cond_50-15_00x8_26m.png,unlisted,main,bathampton_canal/5_oct_2017/run1,False
bathampton_canal,5_oct_2017,run1,450,port,51,15.0,9.49,450_port_cond_51-15_00x9_49m.png,unlisted,main,bathampton_canal/5_oct_2017/run1,False
bathampton_canal,5_oct_2017,run1,450,port,52,15.0,10.43,450_port_cond_52-15_00x10_43m.png,unlisted,main,bathampton_canal/5_oct_2017/run1,False
bathampton_canal,5_oct_2017,run1,450,port,53,15.0,11.84,450_port_cond_53-15_00x11_84m.png,unlisted,main,bathampton_canal/5_oct_2017/run1,False
bathampton_canal,5_oct_2017,run1,450,port,54,15.0,9.89,450_port_cond_54-15_00x9_89m.png,unlisted,main,bathampton_canal/5_oct_2017/run1,False
bathampton_canal,5_oct_2017,run1,450,port,55,15.0,7.54,450_port_cond_55-15_00x7_54m.png,unlisted,main,bathampton_canal/5_oct_2017/run1,False
bathampton_canal,5_oct_2017,run1,450,port,56,15.0,7.49,450_port_cond_56-15_00x7_49m.png,unlisted,main,bathampton_canal/5_oct_2017/run1,False
bathampton_canal,5_oct_2017,run1,450,port,57,15.0,2.64,450_port_cond_57-15_00x2_64m.png,unlisted,main,bathampton_canal/5_oct_2017/run1,False
bathampton_canal,5_oct_2017,run1,450,port,58,15.0,6.43,450_port_cond_58-15_00x6_43m.png,unlisted,main,bathampton_canal/5_oct_2017/run1,False
bathampton_canal,5_oct_2017,run1,450,port,59,15.0,9.46,450_port_cond_59-15_00x9_46m.png,unlisted,main,bathampton_canal/5_oct_2017/run1,False
bathampton_canal,5_oct_2017,run1,450,port,6,15.0,18.38,450_port_cond_6-15_00x18_38m.png,unlisted,main,bathampton_canal/5_oct_2017/run1,False
bathampton_canal,5_oct_2017,run1,450,port,60,15.0,11.71,450_port_cond_60-15_00x11_71m.png,unlisted,main,bathampton_canal/5_oct_2017/run1,False
bathampton_canal,5_oct_2017,run1,450,port,61,15.0,14.61,450_port_cond_61-15_00x14_61m.png,unlisted,main,bathampton_canal/5_oct_2017/run1,False
bathampton_canal,5_oct_2017,run1,450,port,62,15.0,13.45,450_port_cond_62-15_00x13_45m.png,unlisted,main,bathampton_canal/5_oct_2017/run1,False
bathampton_canal,5_oct_2017,run1,450,port,63,15.0,11.41,450_port_cond_63-15_00x11_41m.png,unlisted,main,bathampton_canal/5_oct_2017/run1,False
bathampton_canal,5_oct_2017,run1,450,port,64,15.0,9.31,450_port_cond_64-15_00x9_31m.png,unlisted,main,bathampton_canal/5_oct_2017/run1,False
bathampton_canal,5_oct_2017,run1,450,port,65,15.0,7.51,450_port_cond_65-15_00x7_51m.png,unlisted,main,bathampton_canal/5_oct_2017/run1,False
bathampton_canal,5_oct_2017,run1,450,port,7,15.0,17.71,450_port_cond_7-15_00x17_71m.png,unlisted,main,bathampton_canal/5_oct_2017/run1,False
bathampton_canal,5_oct_2017,run1,450,port,8,15.0,16.19,450_port_cond_8-15_00x16_19m.png,unlisted,main,bathampton_canal/5_oct_2017/run1,False
bathampton_canal,5_oct_2017,run1,450,port,9,15.0,7.18,450_port_cond_9-15_00x7_18m.png,unlisted,main,bathampton_canal/5_oct_2017/run1,False
bathampton_canal,5_oct_2017,run1,450,stbd,1,15.0,2.68,450_stbd_cond_1-15_00x2_68m.png,unlisted,main,bathampton_canal/5_oct_2017/run1,False
bathampton_canal,5_oct_2017,run1,450,stbd,10,15.0,8.21,450_stbd_cond_10-15_00x8_21m.png,unlisted,main,bathampton_canal/5_oct_2017/run1,False
bathampton_canal,5_oct_2017,run1,450,stbd,11,15.0,16.59,450_stbd_cond_11-15_00x16_59m.png,unlisted,main,bathampton_canal/5_oct_2017/run1,False
bathampton_canal,5_oct_2017,run1,450,stbd,12,15.0,17.31,450_stbd_cond_12-15_00x17_31m.png,unlisted,main,bathampton_canal/5_oct_2017/run1,False
bathampton_canal,5_oct_2017,run1,450,stbd,13,15.0,17.19,450_stbd_cond_13-15_00x17_19m.png,unlisted,main,bathampton_canal/5_oct_2017/run1,False
bathampton_canal,5_oct_2017,run1,450,stbd,14,15.0,18.05,450_stbd_cond_14-15_00x18_05m.png,unlisted,main,bathampton_canal/5_oct_2017/run1,False
bathampton_canal,5_oct_2017,run1,450,stbd,15,15.0,17.25,450_stbd_cond_15-15_00x17_25m.png,unlisted,main,bathampton_canal/5_oct_2017/run1,False
bathampton_canal,5_oct_2017,run1,450,stbd,16,15.0,11.8,450_stbd_cond_16-15_00x11_80m.png,unlisted,main,bathampton_canal/5_oct_2017/run1,False
bathampton_canal,5_oct_2017,run1,450,stbd,17,15.0,2.37,450_stbd_cond_17-15_00x2_37m.png,unlisted,main,bathampton_canal/5_oct_2017/run1,False
bathampton_canal,5_oct_2017,run1,450,stbd,18,15.0,5.42,450_stbd_cond_18-15_00x5_42m.png,unlisted,main,bathampton_canal/5_oct_2017/run1,False
bathampton_canal,5_oct_2017,run1,450,stbd,19,15.0,9.82,450_stbd_cond_19-15_00x9_82m.png,unlisted,main,bathampton_canal/5_oct_2017/run1,False
bathampton_canal,5_oct_2017,run1,450,stbd,2,15.0,17.67,450_stbd_cond_2-15_00x17_67m.png,unlisted,main,bathampton_canal/5_oct_2017/run1,False
bathampton_canal,5_oct_2017,run1,450,stbd,20,15.0,12.41,450_stbd_cond_20-15_00x12_41m.png,unlisted,main,bathampton_canal/5_oct_2017/run1,False
bathampton_canal,5_oct_2017,run1,450,stbd,21,15.0,16.31,450_stbd_cond_21-15_00x16_31m.png,unlisted,main,bathampton_canal/5_oct_2017/run1,False
bathampton_canal,5_oct_2017,run1,450,stbd,22,15.0,15.22,450_stbd_cond_22-15_00x15_22m.png,unlisted,main,bathampton_canal/5_oct_2017/run1,False
bathampton_canal,5_oct_2017,run1,450,stbd,23,15.0,17.23,450_stbd_cond_23-15_00x17_23m.png,unlisted,main,bathampton_canal/5_oct_2017/run1,False
bathampton_canal,5_oct_2017,run1,450,stbd,24,15.0,14.0,450_stbd_cond_24-15_00x14_00m.png,unlisted,main,bathampton_canal/5_oct_2017/run1,False
bathampton_canal,5_oct_2017,run1,450,stbd,25,15.0,12.39,450_stbd_cond_25-15_00x12_39m.png,unlisted,main,bathampton_canal/5_oct_2017/run1,False
bathampton_canal,5_oct_2017,run1,450,stbd,26,15.0,6.51,450_stbd_cond_26-15_00x6_51m.png,unlisted,main,bathampton_canal/5_oct_2017/run1,False
bathampton_canal,5_oct_2017,run1,450,stbd,27,15.0,6.9,450_stbd_cond_27-15_00x6_90m.png,unlisted,main,bathampton_canal/5_oct_2017/run1,False
bathampton_canal,5_oct_2017,run1,450,stbd,28,15.0,8.77,450_stbd_cond_28-15_00x8_77m.png,unlisted,main,bathampton_canal/5_oct_2017/run1,False
bathampton_canal,5_oct_2017,run1,450,stbd,29,15.0,10.65,450_stbd_cond_29-15_00x10_65m.png,unlisted,main,bathampton_canal/5_oct_2017/run1,False
bathampton_canal,5_oct_2017,run1,450,stbd,3,15.0,17.52,450_stbd_cond_3-15_00x17_52m.png,unlisted,main,bathampton_canal/5_oct_2017/run1,False
bathampton_canal,5_oct_2017,run1,450,stbd,30,15.0,10.07,450_stbd_cond_30-15_00x10_07m.png,unlisted,main,bathampton_canal/5_oct_2017/run1,False
bathampton_canal,5_oct_2017,run1,450,stbd,31,15.0,10.98,450_stbd_cond_31-15_00x10_98m.png,unlisted,main,bathampton_canal/5_oct_2017/run1,False
bathampton_canal,5_oct_2017,run1,450,stbd,32,15.0,10.28,450_stbd_cond_32-15_00x10_28m.png,unlisted,main,bathampton_canal/5_oct_2017/run1,False
bathampton_canal,5_oct_2017,run1,450,stbd,33,15.0,10.13,450_stbd_cond_33-15_00x10_13m.png,unlisted,main,bathampton_canal/5_oct_2017/run1,False
bathampton_canal,5_oct_2017,run1,450,stbd,34,15.0,8.38,450_stbd_cond_34-15_00x8_38m.png,unlisted,main,bathampton_canal/5_oct_2017/run1,False
bathampton_canal,5_oct_2017,run1,450,stbd,35,15.0,7.56,450_stbd_cond_35-15_00x7_56m.png,unlisted,main,bathampton_canal/5_oct_2017/run1,False
bathampton_canal,5_oct_2017,run1,450,stbd,36,15.0,5.35,450_stbd_cond_36-15_00x5_35m.png,unlisted,main,bathampton_canal/5_oct_2017/run1,False
bathampton_canal,5_oct_2017,run1,450,stbd,37,15.0,8.38,450_stbd_cond_37-15_00x8_38m.png,unlisted,main,bathampton_canal/5_oct_2017/run1,False
bathampton_canal,5_oct_2017,run1,450,stbd,38,15.0,3.85,450_stbd_cond_38-15_00x3_85m.png,unlisted,main,bathampton_canal/5_oct_2017/run1,False
bathampton_canal,5_oct_2017,run1,450,stbd,39,15.0,4.07,450_stbd_cond_39-15_00x4_07m.png,unlisted,main,bathampton_canal/5_oct_2017/run1,False
bathampton_canal,5_oct_2017,run1,450,stbd,4,15.0,17.57,450_stbd_cond_4-15_00x17_57m.png,unlisted,main,bathampton_canal/5_oct_2017/run1,False
bathampton_canal,5_oct_2017,run1,450,stbd,40,15.0,5.65,450_stbd_cond_40-15_00x5_65m.png,unlisted,main,bathampton_canal/5_oct_2017/run1,False
bathampton_canal,5_oct_2017,run1,450,stbd,41,15.0,6.45,450_stbd_cond_41-15_00x6_45m.png,unlisted,main,bathampton_canal/5_oct_2017/run1,False
bathampton_canal,5_oct_2017,run1,450,stbd,42,15.0,7.6,450_stbd_cond_42-15_00x7_60m.png,unlisted,main,bathampton_canal/5_oct_2017/run1,False
bathampton_canal,5_oct_2017,run1,450,stbd,43,15.0,8.34,450_stbd_cond_43-15_00x8_34m.png,unlisted,main,bathampton_canal/5_oct_2017/run1,False
bathampton_canal,5_oct_2017,run1,450,stbd,44,15.0,9.63,450_stbd_cond_44-15_00x9_63m.png,unlisted,main,bathampton_canal/5_oct_2017/run1,False
bathampton_canal,5_oct_2017,run1,450,stbd,45,15.0,9.3,450_stbd_cond_45-15_00x9_30m.png,unlisted,main,bathampton_canal/5_oct_2017/run1,False
bathampton_canal,5_oct_2017,run1,450,stbd,46,15.0,10.59,450_stbd_cond_46-15_00x10_59m.png,unlisted,main,bathampton_canal/5_oct_2017/run1,False
bathampton_canal,5_oct_2017,run1,450,stbd,47,15.0,2.14,450_stbd_cond_47-15_00x2_14m.png,unlisted,main,bathampton_canal/5_oct_2017/run1,False
bathampton_canal,5_oct_2017,run1,450,stbd,48,15.0,6.03,450_stbd_cond_48-15_00x6_03m.png,unlisted,main,bathampton_canal/5_oct_2017/run1,False
bathampton_canal,5_oct_2017,run1,450,stbd,49,15.0,7.68,450_stbd_cond_49-15_00x7_68m.png,unlisted,main,bathampton_canal/5_oct_2017/run1,False
bathampton_canal,5_oct_2017,run1,450,stbd,5,15.0,17.58,450_stbd_cond_5-15_00x17_58m.png,unlisted,main,bathampton_canal/5_oct_2017/run1,False
bathampton_canal,5_oct_2017,run1,450,stbd,50,15.0,8.26,450_stbd_cond_50-15_00x8_26m.png,unlisted,main,bathampton_canal/5_oct_2017/run1,False
bathampton_canal,5_oct_2017,run1,450,stbd,51,15.0,9.49,450_stbd_cond_51-15_00x9_49m.png,unlisted,main,bathampton_canal/5_oct_2017/run1,False
bathampton_canal,5_oct_2017,run1,450,stbd,52,15.0,10.43,450_stbd_cond_52-15_00x10_43m.png,unlisted,main,bathampton_canal/5_oct_2017/run1,False
bathampton_canal,5_oct_2017,run1,450,stbd,53,15.0,11.84,450_stbd_cond_53-15_00x11_84m.png,unlisted,main,bathampton_canal/5_oct_2017/run1,False
bathampton_canal,5_oct_2017,run1,450,stbd,54,15.0,9.89,450_stbd_cond_54-15_00x9_89m.png,unlisted,main,bathampton_canal/5_oct_2017/run1,False
bathampton_canal,5_oct_2017,run1,450,stbd,55,15.0,7.54,450_stbd_cond_55-15_00x7_54m.png,unlisted,main,bathampton_canal/5_oct_2017/run1,False
bathampton_canal,5_oct_2017,run1,450,stbd,56,15.0,7.49,450_stbd_cond_56-15_00x7_49m.png,unlisted,main,bathampton_canal/5_oct_2017/run1,False
bathampton_canal,5_oct_2017,run1,450,stbd,57,15.0,2.64,450_stbd_cond_57-15_00x2_64m.png,unlisted,main,bathampton_canal/5_oct_2017/run1,False
bathampton_canal,5_oct_2017,run1,450,stbd,58,15.0,6.43,450_stbd_cond_58-15_00x6_43m.png,unlisted,main,bathampton_canal/5_oct_2017/run1,False
bathampton_canal,5_oct_2017,run1,450,stbd,59,15.0,9.46,450_stbd_cond_59-15_00x9_46m.png,unlisted,main,bathampton_canal/5_oct_2017/run1,False
bathampton_canal,5_oct_2017,run1,450,stbd,6,15.0,18.38,450_stbd_cond_6-15_00x18_38m.png,unlisted,main,bathampton_canal/5_oct_2017/run1,False
bathampton_canal,5_oct_2017,run1,450,stbd,60,15.0,11.71,450_stbd_cond_60-15_00x11_71m.png,unlisted,main,bathampton_canal/5_oct_2017/run1,False
bathampton_canal,5_oct_2017,run1,450,stbd,61,15.0,14.61,450_stbd_cond_61-15_00x14_61m.png,unlisted,main,bathampton_canal/5_oct_2017/run1,False
bathampton_canal,5_oct_2017,run1,450,stbd,62,15.0,13.45,450_stbd_cond_62-15_00x13_45m.png,unlisted,main,bathampton_canal/5_oct_2017/run1,False
bathampton_canal,5_oct_2017,run1,450,stbd,63,15.0,11.41,450_stbd_cond_63-15_00x11_41m.png,unlisted,main,bathampton_canal/5_oct_2017/run1,False
bathampton_canal,5_oct_2017,run1,450,stbd,64,15.0,9.31,450_stbd_cond_64-15_00x9_31m.png,unlisted,main,bathampton_canal/5_oct_2017/run1,False
bathampton_canal,5_oct_2017,run1,450,stbd,65,15.0,7.51,450_stbd_cond_65-15_00x7_51m.png,unlisted,main,bathampton_canal/5_oct_2017/run1,False
bathampton_canal,5_oct_2017,run1,450,stbd,7,15.0,17.71,450_stbd_cond_7-15_00x17_71m.png,unlisted,main,bathampton_canal/5_oct_2017/run1,False
bathampton_canal,5_oct_2017,run1,450,stbd,8,15.0,16.19,450_stbd_cond_8-15_00x16_19m.png,unlisted,main,bathampton_canal/5_oct_2017/run1,False
bathampton_canal,5_oct_2017,run1,450,stbd,9,15.0,7.18,450_stbd_cond_9-15_00x7_18m.png,unlisted,main,bathampton_canal/5_oct_2017/run1,False
bathampton_canal,5_oct_2017,run1,990,port,12,15.0,18.8,990_port_cond_12-15_00x18_80m.png,target,main,bathampton_canal/5_oct_2017/run1,True
bathampton_canal,5_oct_2017,run1,990,port,18,15.0,14.08,990_port_cond_18-15_00x14_08m.png,target,main,bathampton_canal/5_oct_2017/run1,True
bathampton_canal,5_oct_2017,run1,990,port,19,15.0,36.5,990_port_cond_19-15_00x36_50m.png,target,main,bathampton_canal/5_oct_2017/run1,True
bathampton_canal,5_oct_2017,run1,990,port,20,15.0,18.25,990_port_cond_20-15_00x18_25m.png,target,main,bathampton_canal/5_oct_2017/run1,True
bathampton_canal,5_oct_2017,run1,990,port,22,15.0,13.41,990_port_cond_22-15_00x13_41m.png,target,main,bathampton_canal/5_oct_2017/run1,True
bathampton_canal,5_oct_2017,run1,990,port,3,15.0,18.93,990_port_cond_3-15_00x18_93m.png,target,main,bathampton_canal/5_oct_2017/run1,True
bathampton_canal,5_oct_2017,run1,990,port,39,15.0,9.85,990_port_cond_39-15_00x9_85m.png,target,main,bathampton_canal/5_oct_2017/run1,True
bathampton_canal,5_oct_2017,run1,990,port,4,15.0,19.36,990_port_cond_4-15_00x19_36m.png,target,main,bathampton_canal/5_oct_2017/run1,True
bathampton_canal,5_oct_2017,run1,990,port,41,15.0,12.22,990_port_cond_41-15_00x12_22m.png,target,main,bathampton_canal/5_oct_2017/run1,True
bathampton_canal,5_oct_2017,run1,990,port,43,15.0,11.04,990_port_cond_43-15_00x11_04m.png,target,main,bathampton_canal/5_oct_2017/run1,True
bathampton_canal,5_oct_2017,run1,990,port,46,15.0,11.61,990_port_cond_46-15_00x11_61m.png,target,main,bathampton_canal/5_oct_2017/run1,True
bathampton_canal,5_oct_2017,run1,990,port,6,15.0,17.47,990_port_cond_6-15_00x17_47m.png,target,main,bathampton_canal/5_oct_2017/run1,True
bathampton_canal,5_oct_2017,run1,990,port,9,15.0,18.02,990_port_cond_9-15_00x18_02m.png,target,main,bathampton_canal/5_oct_2017/run1,True
bathampton_canal,5_oct_2017,run1,990,stbd,13,15.0,19.01,990_stbd_cond_13-15_00x19_01m.png,target,main,bathampton_canal/5_oct_2017/run1,True
bathampton_canal,5_oct_2017,run1,990,stbd,14,15.0,13.37,990_stbd_cond_14-15_00x13_37m.png,target,main,bathampton_canal/5_oct_2017/run1,True
bathampton_canal,5_oct_2017,run1,990,stbd,2,15.0,19.47,990_stbd_cond_2-15_00x19_47m.png,target,main,bathampton_canal/5_oct_2017/run1,True
bathampton_canal,5_oct_2017,run1,990,stbd,26,15.0,11.76,990_stbd_cond_26-15_00x11_76m.png,target,main,bathampton_canal/5_oct_2017/run1,True
bathampton_canal,5_oct_2017,run1,990,stbd,40,15.0,11.38,990_stbd_cond_40-15_00x11_38m.png,target,main,bathampton_canal/5_oct_2017/run1,True
bathampton_canal,5_oct_2017,run1,990,stbd,47,15.0,9.13,990_stbd_cond_47-15_00x9_13m.png,target,main,bathampton_canal/5_oct_2017/run1,True
bathampton_canal,5_oct_2017,run1,990,stbd,5,15.0,20.48,990_stbd_cond_5-15_00x20_48m.png,target,main,bathampton_canal/5_oct_2017/run1,True
bathampton_canal,5_oct_2017,run1,990,stbd,50,15.0,10.11,990_stbd_cond_50-15_00x10_11m.png,target,main,bathampton_canal/5_oct_2017/run1,True
bathampton_canal,5_oct_2017,run1,990,stbd,55,15.0,9.12,990_stbd_cond_55-15_00x9_12m.png,target,main,bathampton_canal/5_oct_2017/run1,True
bathampton_canal,5_oct_2017,run1,990,port,12,15.0,18.71,990_port_cond_12-15_00x18_71m.png,target,alt,bathampton_canal/5_oct_2017/run1,True
bathampton_canal,5_oct_2017,run1,990,port,14,15.0,18.96,990_port_cond_14-15_00x18_96m.png,target,alt,bathampton_canal/5_oct_2017/run1,True
bathampton_canal,5_oct_2017,run1,990,port,19,15.0,11.14,990_port_cond_19-15_00x11_14m.png,target,alt,bathampton_canal/5_oct_2017/run1,True
bathampton_canal,5_oct_2017,run1,990,port,23,15.0,18.21,990_port_cond_23-15_00x18_21m.png,target,alt,bathampton_canal/5_oct_2017/run1,True
bathampton_canal,5_oct_2017,run1,990,port,5,15.0,19.51,990_port_cond_5-15_00x19_51m.png,target,alt,bathampton_canal/5_oct_2017/run1,True
bathampton_canal,5_oct_2017,run1,990,port,9,15.0,8.95,990_port_cond_9-15_00x8_95m.png,target,alt,bathampton_canal/5_oct_2017/run1,True
bathampton_canal,5_oct_2017,run1,990,stbd,1,15.0,18.92,990_stbd_cond_1-15_00x18_92m.png,target,alt,bathampton_canal/5_oct_2017/run1,True
bathampton_canal,5_oct_2017,run1,990,stbd,10,15.0,9.57,990_stbd_cond_10-15_00x9_57m.png,target,alt,bathampton_canal/5_oct_2017/run1,True
bathampton_canal,5_oct_2017,run1,990,stbd,11,15.0,18.35,990_stbd_cond_11-15_00x18_35m.png,target,alt,bathampton_canal/5_oct_2017/run1,True
bathampton_canal,5_oct_2017,run1,990,stbd,13,15.0,19.02,990_stbd_cond_13-15_00x19_02m.png,target,alt,bathampton_canal/5_oct_2017/run1,True
bathampton_canal,5_oct_2017,run1,990,stbd,20,15.0,14.08,990_stbd_cond_20-15_00x14_08m.png,target,alt,bathampton_canal/5_oct_2017/run1,True
bathampton_canal,5_oct_2017,run1,990,stbd,22,15.0,16.8,990_stbd_cond_22-15_00x16_80m.png,target,alt,bathampton_canal/5_oct_2017/run1,True
bathampton_canal,5_oct_2017,run1,990,stbd,4,15.0,19.58,990_stbd_cond_4-15_00x19_58m.png,target,alt,bathampton_canal/5_oct_2017/run1,True
bathampton_canal,5_oct_2017,run1,990,stbd,6,15.0,19.25,990_stbd_cond_6-15_00x19_25m.png,target,alt,bathampton_canal/5_oct_2017/run1,True
dundas_aqueduct,17_jun_2021,run1,990,port,1,15.0,28.69,990_port_cond_1-15_00x28_69m.png,unlabelled,main,dundas_aqueduct/17_jun_2021/run1,True
dundas_aqueduct,17_jun_2021,run1,990,port,10,15.0,3.07,990_port_cond_10-15_00x3_07m.png,unlabelled,main,dundas_aqueduct/17_jun_2021/run1,True
dundas_aqueduct,17_jun_2021,run1,990,port,11,15.0,14.22,990_port_cond_11-15_00x14_22m.png,unlabelled,main,dundas_aqueduct/17_jun_2021/run1,True
dundas_aqueduct,17_jun_2021,run1,990,port,12,15.0,19.03,990_port_cond_12-15_00x19_03m.png,unlabelled,main,dundas_aqueduct/17_jun_2021/run1,True
dundas_aqueduct,17_jun_2021,run1,990,port,13,15.0,22.08,990_port_cond_13-15_00x22_08m.png,unlabelled,main,dundas_aqueduct/17_jun_2021/run1,True
dundas_aqueduct,17_jun_2021,run1,990,port,14,15.0,25.07,990_port_cond_14-15_00x25_07m.png,unlabelled,main,dundas_aqueduct/17_jun_2021/run1,True
dundas_aqueduct,17_jun_2021,run1,990,port,15,15.0,28.21,990_port_cond_15-15_00x28_21m.png,unlabelled,main,dundas_aqueduct/17_jun_2021/run1,True
dundas_aqueduct,17_jun_2021,run1,990,port,16,15.0,30.18,990_port_cond_16-15_00x30_18m.png,unlabelled,main,dundas_aqueduct/17_jun_2021/run1,True
dundas_aqueduct,17_jun_2021,run1,990,port,17,15.0,23.65,990_port_cond_17-15_00x23_65m.png,unlabelled,main,dundas_aqueduct/17_jun_2021/run1,True
dundas_aqueduct,17_jun_2021,run1,990,port,18,15.0,3.41,990_port_cond_18-15_00x3_41m.png,unlabelled,main,dundas_aqueduct/17_jun_2021/run1,True
dundas_aqueduct,17_jun_2021,run1,990,port,19,15.0,11.74,990_port_cond_19-15_00x11_74m.png,unlabelled,main,dundas_aqueduct/17_jun_2021/run1,True
dundas_aqueduct,17_jun_2021,run1,990,port,2,15.0,28.48,990_port_cond_2-15_00x28_48m.png,unlabelled,main,dundas_aqueduct/17_jun_2021/run1,True
dundas_aqueduct,17_jun_2021,run1,990,port,20,15.0,7.91,990_port_cond_20-15_00x7_91m.png,unlabelled,main,dundas_aqueduct/17_jun_2021/run1,True
dundas_aqueduct,17_jun_2021,run1,990,port,21,15.0,7.79,990_port_cond_21-15_00x7_79m.png,unlabelled,main,dundas_aqueduct/17_jun_2021/run1,True
dundas_aqueduct,17_jun_2021,run1,990,port,22,15.0,12.2,990_port_cond_22-15_00x12_20m.png,unlabelled,main,dundas_aqueduct/17_jun_2021/run1,True
dundas_aqueduct,17_jun_2021,run1,990,port,23,15.0,18.29,990_port_cond_23-15_00x18_29m.png,unlabelled,main,dundas_aqueduct/17_jun_2021/run1,True
dundas_aqueduct,17_jun_2021,run1,990,port,24,15.0,11.88,990_port_cond_24-15_00x11_88m.png,unlabelled,main,dundas_aqueduct/17_jun_2021/run1,True
dundas_aqueduct,17_jun_2021,run1,990,port,25,15.0,25.23,990_port_cond_25-15_00x25_23m.png,unlabelled,main,dundas_aqueduct/17_jun_2021/run1,True
dundas_aqueduct,17_jun_2021,run1,990,port,26,15.0,33.23,990_port_cond_26-15_00x33_23m.png,unlabelled,main,dundas_aqueduct/17_jun_2021/run1,True
dundas_aqueduct,17_jun_2021,run1,990,port,27,15.0,40.18,990_port_cond_27-15_00x40_18m.png,unlabelled,main,dundas_aqueduct/17_jun_2021/run1,True
dundas_aqueduct,17_jun_2021,run1,990,port,28,15.0,43.05,990_port_cond_28-15_00x43_05m.png,unlabelled,main,dundas_aqueduct/17_jun_2021/run1,True
dundas_aqueduct,17_jun_2021,run1,990,port,29,15.0,40.82,990_port_cond_29-15_00x40_82m.png,unlabelled,main,dundas_aqueduct/17_jun_2021/run1,True
dundas_aqueduct,17_jun_2021,run1,990,port,3,15.0,25.7,990_port_cond_3-15_00x25_70m.png,unlabelled,main,dundas_aqueduct/17_jun_2021/run1,True
dundas_aqueduct,17_jun_2021,run1,990,port,30,15.0,4.69,990_port_cond_30-15_00x4_69m.png,unlabelled,main,dundas_aqueduct/17_jun_2021/run1,True
dundas_aqueduct,17_jun_2021,run1,990,port,31,15.0,8.3,990_port_cond_31-15_00x8_30m.png,unlabelled,main,dundas_aqueduct/17_jun_2021/run1,True
dundas_aqueduct,17_jun_2021,run1,990,port,32,15.0,12.14,990_port_cond_32-15_00x12_14m.png,unlabelled,main,dundas_aqueduct/17_jun_2021/run1,True
dundas_aqueduct,17_jun_2021,run1,990,port,33,15.0,16.08,990_port_cond_33-15_00x16_08m.png,unlabelled,main,dundas_aqueduct/17_jun_2021/run1,True
dundas_aqueduct,17_jun_2021,run1,990,port,34,15.0,20.0,990_port_cond_34-15_00x20_00m.png,unlabelled,main,dundas_aqueduct/17_jun_2021/run1,True
dundas_aqueduct,17_jun_2021,run1,990,port,35,15.0,25.57,990_port_cond_35-15_00x25_57m.png,unlabelled,main,dundas_aqueduct/17_jun_2021/run1,True
dundas_aqueduct,17_jun_2021,run1,990,port,36,15.0,28.63,990_port_cond_36-15_00x28_63m.png,unlabelled,main,dundas_aqueduct/17_jun_2021/run1,True
dundas_aqueduct,17_jun_2021,run1,990,port,37,15.0,26.44,990_port_cond_37-15_00x26_44m.png,unlabelled,main,dundas_aqueduct/17_jun_2021/run1,True
dundas_aqueduct,17_jun_2021,run1,990,port,38,15.0,18.89,990_port_cond_38-15_00x18_89m.png,unlabelled,main,dundas_aqueduct/17_jun_2021/run1,True
dundas_aqueduct,17_jun_2021,run1,990,port,39,15.0,4.65,990_port_cond_39-15_00x4_65m.png,unlabelled,main,dundas_aqueduct/17_jun_2021/run1,True
dundas_aqueduct,17_jun_2021,run1,990,port,4,15.0,22.37,990_port_cond_4-15_00x22_37m.png,unlabelled,main,dundas_aqueduct/17_jun_2021/run1,True
dundas_aqueduct,17_jun_2021,run1,990,port,40,15.0,7.19,990_port_cond_40-15_00x7_19m.png,unlabelled,main,dundas_aqueduct/17_jun_2021/run1,True
dundas_aqueduct,17_jun_2021,run1,990,port,41,15.0,7.94,990_port_cond_41-15_00x7_94m.png,unlabelled,main,dundas_aqueduct/17_jun_2021/run1,True
dundas_aqueduct,17_jun_2021,run1,990,port,42,15.0,13.04,990_port_cond_42-15_00x13_04m.png,unlabelled,main,dundas_aqueduct/17_jun_2021/run1,True
dundas_aqueduct,17_jun_2021,run1,990,port,43,15.0,19.25,990_port_cond_43-15_00x19_25m.png,unlabelled,main,dundas_aqueduct/17_jun_2021/run1,True
dundas_aqueduct,17_jun_2021,run1,990,port,44,15.0,35.47,990_port_cond_44-15_00x35_47m.png,unlabelled,main,dundas_aqueduct/17_jun_2021/run1,True
dundas_aqueduct,17_jun_2021,run1,990,port,45,15.0,40.62,990_port_cond_45-15_00x40_62m.png,unlabelled,main,dundas_aqueduct/17_jun_2021/run1,True
dundas_aqueduct,17_jun_2021,run1,990,port,46,15.0,40.74,990_port_cond_46-15_00x40_74m.png,unlabelled,main,dundas_aqueduct/17_jun_2021/run1,True
dundas_aqueduct,17_jun_2021,run1,990,port,47,15.0,2.33,990_port_cond_47-15_00x2_33m.png,unlabelled,main,dundas_aqueduct/17_jun_2021/run1,True
dundas_aqueduct,17_jun_2021,run1,990,port,48,15.0,37.04,990_port_cond_48-15_00x37_04m.png,unlabelled,main,dundas_aqueduct/17_jun_2021/run1,True
dundas_aqueduct,17_jun_2021,run1,990,port,49,15.0,25.94,990_port_cond_49-15_00x25_94m.png,unlabelled,main,dundas_aqueduct/17_jun_2021/run1,True
dundas_aqueduct,17_jun_2021,run1,990,port,5,15.0,18.59,990_port_cond_5-15_00x18_59m.png,unlabelled,main,dundas_aqueduct/17_jun_2021/run1,True
dundas_aqueduct,17_jun_2021,run1,990,port,50,15.0,15.68,990_port_cond_50-15_00x15_68m.png,unlabelled,main,dundas_aqueduct/17_jun_2021/run1,True
dundas_aqueduct,17_jun_2021,run1,990,port,6,15.0,15.31,990_port_cond_6-15_00x15_31m.png,unlabelled,main,dundas_aqueduct/17_jun_2021/run1,True
dundas_aqueduct,17_jun_2021,run1,990,port,7,15.0,10.81,990_port_cond_7-15_00x10_81m.png,unlabelled,main,dundas_aqueduct/17_jun_2021/run1,True
dundas_aqueduct,17_jun_2021,run1,990,port,8,15.0,7.23,990_port_cond_8-15_00x7_23m.png,unlabelled,main,dundas_aqueduct/17_jun_2021/run1,True
dundas_aqueduct,17_jun_2021,run1,990,port,9,15.0,3.16,990_port_cond_9-15_00x3_16m.png,unlabelled,main,dundas_aqueduct/17_jun_2021/run1,True
dundas_aqueduct,17_jun_2021,run1,990,stbd,1,15.0,28.69,990_stbd_cond_1-15_00x28_69m.png,unlabelled,main,dundas_aqueduct/17_jun_2021/run1,True
dundas_aqueduct,17_jun_2021,run1,990,stbd,10,15.0,3.07,990_stbd_cond_10-15_00x3_07m.png,unlabelled,main,dundas_aqueduct/17_jun_2021/run1,True
dundas_aqueduct,17_jun_2021,run1,990,stbd,11,15.0,14.22,990_stbd_cond_11-15_00x14_22m.png,unlabelled,main,dundas_aqueduct/17_jun_2021/run1,True
dundas_aqueduct,17_jun_2021,run1,990,stbd,12,15.0,19.03,990_stbd_cond_12-15_00x19_03m.png,unlabelled,main,dundas_aqueduct/17_jun_2021/run1,True
dundas_aqueduct,17_jun_2021,run1,990,stbd,13,15.0,22.08,990_stbd_cond_13-15_00x22_08m.png,unlabelled,main,dundas_aqueduct/17_jun_2021/run1,True
dundas_aqueduct,17_jun_2021,run1,990,stbd,14,15.0,25.07,990_stbd_cond_14-15_00x25_07m.png,unlabelled,main,dundas_aqueduct/17_jun_2021/run1,True
dundas_aqueduct,17_jun_2021,run1,990,stbd,15,15.0,28.21,990_stbd_cond_15-15_00x28_21m.png,unlabelled,main,dundas_aqueduct/17_jun_2021/run1,True
dundas_aqueduct,17_jun_2021,run1,990,stbd,16,15.0,30.18,990_stbd_cond_16-15_00x30_18m.png,unlabelled,main,dundas_aqueduct/17_jun_2021/run1,True
dundas_aqueduct,17_jun_2021,run1,990,stbd,17,15.0,23.65,990_stbd_cond_17-15_00x23_65m.png,unlabelled,main,dundas_aqueduct/17_jun_2021/run1,True
dundas_aqueduct,17_jun_2021,run1,990,stbd,18,15.0,3.41,990_stbd_cond_18-15_00x3_41m.png,unlabelled,main,dundas_aqueduct/17_jun_2021/run1,True
dundas_aqueduct,17_jun_2021,run1,990,stbd,19,15.0,11.74,990_stbd_cond_19-15_00x11_74m.png,unlabelled,main,dundas_aqueduct/17_jun_2021/run1,True
dundas_aqueduct,17_jun_2021,run1,990,stbd,2,15.0,28.48,990_stbd_cond_2-15_00x28_48m.png,unlabelled,main,dundas_aqueduct/17_jun_2021/run1,True
dundas_aqueduct,17_jun_2021,run1,990,stbd,20,15.0,7.91,990_stbd_cond_20-15_00x7_91m.png,unlabelled,main,dundas_aqueduct/17_jun_2021/run1,True
dundas_aqueduct,17_jun_2021,run1,990,stbd,21,15.0,7.79,990_stbd_cond_21-15_00x7_79m.png,unlabelled,main,dundas_aqueduct/17_jun_2021/run1,True
dundas_aqueduct,17_jun_2021,run1,990,stbd,22,15.0,12.2,990_stbd_cond_22-15_00x12_20m.png,unlabelled,main,dundas_aqueduct/17_jun_2021/run1,True
dundas_aqueduct,17_jun_2021,run1,990,stbd,23,15.0,18.29,990_stbd_cond_23-15_00x18_29m.png,unlabelled,main,dundas_aqueduct/17_jun_2021/run1,True
dundas_aqueduct,17_jun_2021,run1,990,stbd,24,15.0,11.88,990_stbd_cond_24-15_00x11_88m.png,unlabelled,main,dundas_aqueduct/17_jun_2021/run1,True
dundas_aqueduct,17_jun_2021,run1,990,stbd,25,15.0,25.23,990_stbd_cond_25-15_00x25_23m.png,unlabelled,main,dundas_aqueduct/17_jun_2021/run1,True
dundas_aqueduct,17_jun_2021,run1,990,stbd,26,15.0,33.23,990_stbd_cond_26-15_00x33_23m.png,unlabelled,main,dundas_aqueduct/17_jun_2021/run1,True
dundas_aqueduct,17_jun_2021,run1,990,stbd,27,15.0,40.18,990_stbd_cond_27-15_00x40_18m.png,unlabelled,main,dundas_aqueduct/17_jun_2021/run1,True
dundas_aqueduct,17_jun_2021,run1,990,stbd,28,15.0,43.05,990_stbd_cond_28-15_00x43_05m.png,unlabelled,main,dundas_aqueduct/17_jun_2021/run1,True
dundas_aqueduct,17_jun_2021,run1,990,stbd,29,15.0,40.82,990_stbd_cond_29-15_00x40_82m.png,unlabelled,main,dundas_aqueduct/17_jun_2021/run1,True
dundas_aqueduct,17_jun_2021,run1,990,stbd,3,15.0,25.7,990_stbd_cond_3-15_00x25_70m.png,unlabelled,main,dundas_aqueduct/17_jun_2021/run1,True
dundas_aqueduct,17_jun_2021,run1,990,stbd,30,15.0,4.69,990_stbd_cond_30-15_00x4_69m.png,unlabelled,main,dundas_aqueduct/17_jun_2021/run1,True
dundas_aqueduct,17_jun_2021,run1,990,stbd,31,15.0,8.3,990_stbd_cond_31-15_00x8_30m.png,unlabelled,main,dundas_aqueduct/17_jun_2021/run1,True
dundas_aqueduct,17_jun_2021,run1,990,stbd,32,15.0,12.14,990_stbd_cond_32-15_00x12_14m.png,unlabelled,main,dundas_aqueduct/17_jun_2021/run1,True
dundas_aqueduct,17_jun_2021,run1,990,stbd,33,15.0,16.08,990_stbd_cond_33-15_00x16_08m.png,unlabelled,main,dundas_aqueduct/17_jun_2021/run1,True
dundas_aqueduct,17_jun_2021,run1,990,stbd,34,15.0,20.0,990_stbd_cond_34-15_00x20_00m.png,unlabelled,main,dundas_aqueduct/17_jun_2021/run1,True
dundas_aqueduct,17_jun_2021,run1,990,stbd,35,15.0,25.57,990_stbd_cond_35-15_00x25_57m.png,unlabelled,main,dundas_aqueduct/17_jun_2021/run1,True
dundas_aqueduct,17_jun_2021,run1,990,stbd,36,15.0,28.63,990_stbd_cond_36-15_00x28_63m.png,unlabelled,main,dundas_aqueduct/17_jun_2021/run1,True
dundas_aqueduct,17_jun_2021,run1,990,stbd,37,15.0,26.44,990_stbd_cond_37-15_00x26_44m.png,unlabelled,main,dundas_aqueduct/17_jun_2021/run1,True
dundas_aqueduct,17_jun_2021,run1,990,stbd,38,15.0,18.89,990_stbd_cond_38-15_00x18_89m.png,unlabelled,main,dundas_aqueduct/17_jun_2021/run1,True
dundas_aqueduct,17_jun_2021,run1,990,stbd,39,15.0,4.65,990_stbd_cond_39-15_00x4_65m.png,unlabelled,main,dundas_aqueduct/17_jun_2021/run1,True
dundas_aqueduct,17_jun_2021,run1,990,stbd,4,15.0,22.37,990_stbd_cond_4-15_00x22_37m.png,unlabelled,main,dundas_aqueduct/17_jun_2021/run1,True
dundas_aqueduct,17_jun_2021,run1,990,stbd,40,15.0,7.19,990_stbd_cond_40-15_00x7_19m.png,unlabelled,main,dundas_aqueduct/17_jun_2021/run1,True
dundas_aqueduct,17_jun_2021,run1,990,stbd,41,15.0,7.94,990_stbd_cond_41-15_00x7_94m.png,unlabelled,main,dundas_aqueduct/17_jun_2021/run1,True
dundas_aqueduct,17_jun_2021,run1,990,stbd,42,15.0,13.04,990_stbd_cond_42-15_00x13_04m.png,unlabelled,main,dundas_aqueduct/17_jun_2021/run1,True
dundas_aqueduct,17_jun_2021,run1,990,stbd,43,15.0,19.25,990_stbd_cond_43-15_00x19_25m.png,unlabelled,main,dundas_aqueduct/17_jun_2021/run1,True
dundas_aqueduct,17_jun_2021,run1,990,stbd,44,15.0,35.47,990_stbd_cond_44-15_00x35_47m.png,unlabelled,main,dundas_aqueduct/17_jun_2021/run1,True
dundas_aqueduct,17_jun_2021,run1,990,stbd,45,15.0,40.62,990_stbd_cond_45-15_00x40_62m.png,unlabelled,main,dundas_aqueduct/17_jun_2021/run1,True
dundas_aqueduct,17_jun_2021,run1,990,stbd,46,15.0,40.74,990_stbd_cond_46-15_00x40_74m.png,unlabelled,main,dundas_aqueduct/17_jun_2021/run1,True
dundas_aqueduct,17_jun_2021,run1,990,stbd,47,15.0,2.33,990_stbd_cond_47-15_00x2_33m.png,unlabelled,main,dundas_aqueduct/17_jun_2021/run1,True
dundas_aqueduct,17_jun_2021,run1,990,stbd,48,15.0,37.04,990_stbd_cond_48-15_00x37_04m.png,unlabelled,main,dundas_aqueduct/17_jun_2021/run1,True
dundas_aqueduct,17_jun_2021,run1,990,stbd,49,15.0,25.94,990_stbd_cond_49-15_00x25_94m.png,unlabelled,main,dundas_aqueduct/17_jun_2021/run1,True
dundas_aqueduct,17_jun_2021,run1,990,stbd,5,15.0,18.59,990_stbd_cond_5-15_00x18_59m.png,unlabelled,main,dundas_aqueduct/17_jun_2021/run1,True
dundas_aqueduct,17_jun_2021,run1,990,stbd,50,15.0,15.68,990_stbd_cond_50-15_00x15_68m.png,unlabelled,main,dundas_aqueduct/17_jun_2021/run1,True
dundas_aqueduct,17_jun_2021,run1,990,stbd,6,15.0,15.31,990_stbd_cond_6-15_00x15_31m.png,unlabelled,main,dundas_aqueduct/17_jun_2021/run1,True
dundas_aqueduct,17_jun_2021,run1,990,stbd,7,15.0,10.81,990_stbd_cond_7-15_00x10_81m.png,unlabelled,main,dundas_aqueduct/17_jun_2021/run1,True
dundas_aqueduct,17_jun_2021,run1,990,stbd,8,15.0,7.23,990_stbd_cond_8-15_00x7_23m.png,unlabelled,main,dundas_aqueduct/17_jun_2021/run1,True
dundas_aqueduct,17_jun_2021,run1,990,stbd,9,15.0,3.16,990_stbd_cond_9-15_00x3_16m.png,unlabelled,main,dundas_aqueduct/17_jun_2021/run1,True
dundas_aqueduct,17_jun_2021,run1,450,port,1,15.0,28.69,450_port_cond_1-15_00x28_69m.png,unlabelled,main,dundas_aqueduct/17_jun_2021/run1,False
dundas_aqueduct,17_jun_2021,run1,450,port,10,15.0,3.07,450_port_cond_10-15_00x3_07m.png,unlabelled,main,dundas_aqueduct/17_jun_2021/run1,False
dundas_aqueduct,17_jun_2021,run1,450,port,11,15.0,14.22,450_port_cond_11-15_00x14_22m.png,unlabelled,main,dundas_aqueduct/17_jun_2021/run1,False
dundas_aqueduct,17_jun_2021,run1,450,port,12,15.0,19.03,450_port_cond_12-15_00x19_03m.png,unlabelled,main,dundas_aqueduct/17_jun_2021/run1,False
dundas_aqueduct,17_jun_2021,run1,450,port,13,15.0,22.08,450_port_cond_13-15_00x22_08m.png,unlabelled,main,dundas_aqueduct/17_jun_2021/run1,False
dundas_aqueduct,17_jun_2021,run1,450,port,14,15.0,25.07,450_port_cond_14-15_00x25_07m.png,unlabelled,main,dundas_aqueduct/17_jun_2021/run1,False
dundas_aqueduct,17_jun_2021,run1,450,port,15,15.0,28.21,450_port_cond_15-15_00x28_21m.png,unlabelled,main,dundas_aqueduct/17_jun_2021/run1,False
dundas_aqueduct,17_jun_2021,run1,450,port,16,15.0,30.18,450_port_cond_16-15_00x30_18m.png,unlabelled,main,dundas_aqueduct/17_jun_2021/run1,False
dundas_aqueduct,17_jun_2021,run1,450,port,17,15.0,23.78,450_port_cond_17-15_00x23_78m.png,unlabelled,main,dundas_aqueduct/17_jun_2021/run1,False
dundas_aqueduct,17_jun_2021,run1,450,port,18,15.0,3.41,450_port_cond_18-15_00x3_41m.png,unlabelled,main,dundas_aqueduct/17_jun_2021/run1,False
dundas_aqueduct,17_jun_2021,run1,450,port,19,15.0,11.74,450_port_cond_19-15_00x11_74m.png,unlabelled,main,dundas_aqueduct/17_jun_2021/run1,False
dundas_aqueduct,17_jun_2021,run1,450,port,2,15.0,28.48,450_port_cond_2-15_00x28_48m.png,unlabelled,main,dundas_aqueduct/17_jun_2021/run1,False
dundas_aqueduct,17_jun_2021,run1,450,port,20,15.0,7.91,450_port_cond_20-15_00x7_91m.png,unlabelled,main,dundas_aqueduct/17_jun_2021/run1,False
dundas_aqueduct,17_jun_2021,run1,450,port,21,15.0,7.79,450_port_cond_21-15_00x7_79m.png,unlabelled,main,dundas_aqueduct/17_jun_2021/run1,False
dundas_aqueduct,17_jun_2021,run1,450,port,22,15.0,12.07,450_port_cond_22-15_00x12_07m.png,unlabelled,main,dundas_aqueduct/17_jun_2021/run1,False
dundas_aqueduct,17_jun_2021,run1,450,port,23,15.0,18.29,450_port_cond_23-15_00x18_29m.png,unlabelled,main,dundas_aqueduct/17_jun_2021/run1,False
dundas_aqueduct,17_jun_2021,run1,450,port,24,15.0,11.88,450_port_cond_24-15_00x11_88m.png,unlabelled,main,dundas_aqueduct/17_jun_2021/run1,False
dundas_aqueduct,17_jun_2021,run1,450,port,25,15.0,25.23,450_port_cond_25-15_00x25_23m.png,unlabelled,main,dundas_aqueduct/17_jun_2021/run1,False
dundas_aqueduct,17_jun_2021,run1,450,port,26,15.0,33.23,450_port_cond_26-15_00x33_23m.png,unlabelled,main,dundas_aqueduct/17_jun_2021/run1,False
dundas_aqueduct,17_jun_2021,run1,450,port,27,15.0,40.18,450_port_cond_27-15_00x40_18m.png,unlabelled,main,dundas_aqueduct/17_jun_2021/run1,False
dundas_aqueduct,17_jun_2021,run1,450,port,28,15.0,43.05,450_port_cond_28-15_00x43_05m.png,unlabelled,main,dundas_aqueduct/17_jun_2021/run1,False
dundas_aqueduct,17_jun_2021,run1,450,port,29,15.0,40.82,450_port_cond_29-15_00x40_82m.png,unlabelled,main,dundas_aqueduct/17_jun_2021/run1,False
dundas_aqueduct,17_jun_2021,run1,450,port,3,15.0,25.7,450_port_cond_3-15_00x25_70m.png,unlabelled,main,dundas_aqueduct/17_jun_2021/run1,False
dundas_aqueduct,17_jun_2021,run1,450,port,30,15.0,4.69,450_port_cond_30-15_00x4_69m.png,unlabelled,main,dundas_aqueduct/17_jun_2021/run1,False
dundas_aqueduct,17_jun_2021,run1,450,port,31,15.0,8.3,450_port_cond_31-15_00x8_30m.png,unlabelled,main,dundas_aqueduct/17_jun_2021/run1,False
dundas_aqueduct,17_jun_2021,run1,450,port,32,15.0,12.14,450_port_cond_32-15_00x12_14m.png,unlabelled,main,dundas_aqueduct/17_jun_2021/run1,False
dundas_aqueduct,17_jun_2021,run1,450,port,33,15.0,16.08,450_port_cond_33-15_00x16_08m.png,unlabelled,main,dundas_aqueduct/17_jun_2021/run1,False
dundas_aqueduct,17_jun_2021,run1,450,port,34,15.0,20.0,450_port_cond_34-15_00x20_00m.png,unlabelled,main,dundas_aqueduct/17_jun_2021/run1,False
dundas_aqueduct,17_jun_2021,run1,450,port,35,15.0,25.57,450_port_cond_35-15_00x25_57m.png,unlabelled,main,dundas_aqueduct/17_jun_2021/run1,False
dundas_aqueduct,17_jun_2021,run1,450,port,36,15.0,28.63,450_port_cond_36-15_00x28_63m.png,unlabelled,main,dundas_aqueduct/17_jun_2021/run1,False
dundas_aqueduct,17_jun_2021,run1,450,port,37,15.0,26.44,450_port_cond_37-15_00x26_44m.png,unlabelled,main,dundas_aqueduct/17_jun_2021/run1,False
dundas_aqueduct,17_jun_2021,run1,450,port,38,15.0,18.89,450_port_cond_38-15_00x18_89m.png,unlabelled,main,dundas_aqueduct/17_jun_2021/run1,False
dundas_aqueduct,17_jun_2021,run1,450,port,39,15.0,4.65,450_port_cond_39-15_00x4_65m.png,unlabelled,main,dundas_aqueduct/17_jun_2021/run1,False
dundas_aqueduct,17_jun_2021,run1,450,port,4,15.0,22.37,450_port_cond_4-15_00x22_37m.png,unlabelled,main,dundas_aqueduct/17_jun_2021/run1,False
dundas_aqueduct,17_jun_2021,run1,450,port,40,15.0,7.19,450_port_cond_40-15_00x7_19m.png,unlabelled,main,dundas_aqueduct/17_jun_2021/run1,False
dundas_aqueduct,17_jun_2021,run1,450,port,41,15.0,7.94,450_port_cond_41-15_00x7_94m.png,unlabelled,main,dundas_aqueduct/17_jun_2021/run1,False
dundas_aqueduct,17_jun_2021,run1,450,port,42,15.0,13.04,450_port_cond_42-15_00x13_04m.png,unlabelled,main,dundas_aqueduct/17_jun_2021/run1,False
dundas_aqueduct,17_jun_2021,run1,450,port,43,15.0,19.25,450_port_cond_43-15_00x19_25m.png,unlabelled,main,dundas_aqueduct/17_jun_2021/run1,False
dundas_aqueduct,17_jun_2021,run1,450,port,44,15.0,35.47,450_port_cond_44-15_00x35_47m.png,unlabelled,main,dundas_aqueduct/17_jun_2021/run1,False
dundas_aqueduct,17_jun_2021,run1,450,port,45,15.0,40.62,450_port_cond_45-15_00x40_62m.png,unlabelled,main,dundas_aqueduct/17_jun_2021/run1,False
dundas_aqueduct,17_jun_2021,run1,450,port,46,15.0,40.74,450_port_cond_46-15_00x40_74m.png,unlabelled,main,dundas_aqueduct/17_jun_2021/run1,False
dundas_aqueduct,17_jun_2021,run1,450,port,47,15.0,2.33,450_port_cond_47-15_00x2_33m.png,unlabelled,main,dundas_aqueduct/17_jun_2021/run1,False
dundas_aqueduct,17_jun_2021,run1,450,port,48,15.0,37.04,450_port_cond_48-15_00x37_04m.png,unlabelled,main,dundas_aqueduct/17_jun_2021/run1,False
dundas_aqueduct,17_jun_2021,run1,450,port,49,15.0,25.94,450_port_cond_49-15_00x25_94m.png,unlabelled,main,dundas_aqueduct/17_jun_2021/run1,False
dundas_aqueduct,17_jun_2021,run1,450,port,5,15.0,18.59,450_port_cond_5-15_00x18_59m.png,unlabelled,main,dundas_aqueduct/17_jun_2021/run1,False
dundas_aqueduct,17_jun_2021,run1,450,port,50,15.0,15.68,450_port_cond_50-15_00x15_68m.png,unlabelled,main,dundas_aqueduct/17_jun_2021/run1,False
dundas_aqueduct,17_jun_2021,run1,450,port,6,15.0,15.31,450_port_cond_6-15_00x15_31m.png,unlabelled,main,dundas_aqueduct/17_jun_2021/run1,False
dundas_aqueduct,17_jun_2021,run1,450,port,7,15.0,10.81,450_port_cond_7-15_00x10_81m.png,unlabelled,main,dundas_aqueduct/17_jun_2021/run1,False
dundas_aqueduct,17_jun_2021,run1,450,port,8,15.0,7.23,450_port_cond_8-15_00x7_23m.png,unlabelled,main,dundas_aqueduct/17_jun_2021/run1,False
dundas_aqueduct,17_jun_2021,run1,450,port,9,15.0,3.16,450_port_cond_9-15_00x3_16m.png,unlabelled,main,dundas_aqueduct/17_jun_2021/run1,False
dundas_aqueduct,17_jun_2021,run1,450,stbd,1,15.0,28.69,450_stbd_cond_1-15_00x28_69m.png,unlabelled,main,dundas_aqueduct/17_jun_2021/run1,False
dundas_aqueduct,17_jun_2021,run1,450,stbd,10,15.0,3.07,450_stbd_cond_10-15_00x3_07m.png,unlabelled,main,dundas_aqueduct/17_jun_2021/run1,False
dundas_aqueduct,17_jun_2021,run1,450,stbd,11,15.0,14.22,450_stbd_cond_11-15_00x14_22m.png,unlabelled,main,dundas_aqueduct/17_jun_2021/run1,False
dundas_aqueduct,17_jun_2021,run1,450,stbd,12,15.0,19.03,450_stbd_cond_12-15_00x19_03m.png,unlabelled,main,dundas_aqueduct/17_jun_2021/run1,False
dundas_aqueduct,17_jun_2021,run1,450,stbd,13,15.0,22.08,450_stbd_cond_13-15_00x22_08m.png,unlabelled,main,dundas_aqueduct/17_jun_2021/run1,False
dundas_aqueduct,17_jun_2021,run1,450,stbd,14,15.0,25.07,450_stbd_cond_14-15_00x25_07m.png,unlabelled,main,dundas_aqueduct/17_jun_2021/run1,False
dundas_aqueduct,17_jun_2021,run1,450,stbd,15,15.0,28.21,450_stbd_cond_15-15_00x28_21m.png,unlabelled,main,dundas_aqueduct/17_jun_2021/run1,False
dundas_aqueduct,17_jun_2021,run1,450,stbd,16,15.0,30.18,450_stbd_cond_16-15_00x30_18m.png,unlabelled,main,dundas_aqueduct/17_jun_2021/run1,False
dundas_aqueduct,17_jun_2021,run1,450,stbd,17,15.0,23.78,450_stbd_cond_17-15_00x23_78m.png,unlabelled,main,dundas_aqueduct/17_jun_2021/run1,False
dundas_aqueduct,17_jun_2021,run1,450,stbd,18,15.0,3.41,450_stbd_cond_18-15_00x3_41m.png,unlabelled,main,dundas_aqueduct/17_jun_2021/run1,False
dundas_aqueduct,17_jun_2021,run1,450,stbd,19,15.0,11.74,450_stbd_cond_19-15_00x11_74m.png,unlabelled,main,dundas_aqueduct/17_jun_2021/run1,False
dundas_aqueduct,17_jun_2021,run1,450,stbd,2,15.0,28.48,450_stbd_cond_2-15_00x28_48m.png,unlabelled,main,dundas_aqueduct/17_jun_2021/run1,False
dundas_aqueduct,17_jun_2021,run1,450,stbd,20,15.0,7.91,450_stbd_cond_20-15_00x7_91m.png,unlabelled,main,dundas_aqueduct/17_jun_2021/run1,False
dundas_aqueduct,17_jun_2021,run1,450,stbd,21,15.0,7.79,450_stbd_cond_21-15_00x7_79m.png,unlabelled,main,dundas_aqueduct/17_jun_2021/run1,False
dundas_aqueduct,17_jun_2021,run1,450,stbd,22,15.0,12.07,450_stbd_cond_22-15_00x12_07m.png,unlabelled,main,dundas_aqueduct/17_jun_2021/run1,False
dundas_aqueduct,17_jun_2021,run1,450,stbd,23,15.0,18.29,450_stbd_cond_23-15_00x18_29m.png,unlabelled,main,dundas_aqueduct/17_jun_2021/run1,False
dundas_aqueduct,17_jun_2021,run1,450,stbd,24,15.0,11.88,450_stbd_cond_24-15_00x11_88m.png,unlabelled,main,dundas_aqueduct/17_jun_2021/run1,False
dundas_aqueduct,17_jun_2021,run1,450,stbd,25,15.0,25.23,450_stbd_cond_25-15_00x25_23m.png,unlabelled,main,dundas_aqueduct/17_jun_2021/run1,False
dundas_aqueduct,17_jun_2021,run1,450,stbd,26,15.0,33.23,450_stbd_cond_26-15_00x33_23m.png,unlabelled,main,dundas_aqueduct/17_jun_2021/run1,False
dundas_aqueduct,17_jun_2021,run1,450,stbd,27,15.0,40.18,450_stbd_cond_27-15_00x40_18m.png,unlabelled,main,dundas_aqueduct/17_jun_2021/run1,False
dundas_aqueduct,17_jun_2021,run1,450,stbd,28,15.0,43.05,450_stbd_cond_28-15_00x43_05m.png,unlabelled,main,dundas_aqueduct/17_jun_2021/run1,False
dundas_aqueduct,17_jun_2021,run1,450,stbd,29,15.0,40.82,450_stbd_cond_29-15_00x40_82m.png,unlabelled,main,dundas_aqueduct/17_jun_2021/run1,False
dundas_aqueduct,17_jun_2021,run1,450,stbd,3,15.0,25.7,450_stbd_cond_3-15_00x25_70m.png,unlabelled,main,dundas_aqueduct/17_jun_2021/run1,False
dundas_aqueduct,17_jun_2021,run1,450,stbd,30,15.0,4.69,450_stbd_cond_30-15_00x4_69m.png,unlabelled,main,dundas_aqueduct/17_jun_2021/run1,False
dundas_aqueduct,17_jun_2021,run1,450,stbd,31,15.0,8.3,450_stbd_cond_31-15_00x8_30m.png,unlabelled,main,dundas_aqueduct/17_jun_2021/run1,False
dundas_aqueduct,17_jun_2021,run1,450,stbd,32,15.0,12.14,450_stbd_cond_32-15_00x12_14m.png,unlabelled,main,dundas_aqueduct/17_jun_2021/run1,False
dundas_aqueduct,17_jun_2021,run1,450,stbd,33,15.0,16.08,450_stbd_cond_33-15_00x16_08m.png,unlabelled,main,dundas_aqueduct/17_jun_2021/run1,False
dundas_aqueduct,17_jun_2021,run1,450,stbd,34,15.0,20.0,450_stbd_cond_34-15_00x20_00m.png,unlabelled,main,dundas_aqueduct/17_jun_2021/run1,False
dundas_aqueduct,17_jun_2021,run1,450,stbd,35,15.0,25.57,450_stbd_cond_35-15_00x25_57m.png,unlabelled,main,dundas_aqueduct/17_jun_2021/run1,False
dundas_aqueduct,17_jun_2021,run1,450,stbd,36,15.0,28.63,450_stbd_cond_36-15_00x28_63m.png,unlabelled,main,dundas_aqueduct/17_jun_2021/run1,False
dundas_aqueduct,17_jun_2021,run1,450,stbd,37,15.0,26.44,450_stbd_cond_37-15_00x26_44m.png,unlabelled,main,dundas_aqueduct/17_jun_2021/run1,False
dundas_aqueduct,17_jun_2021,run1,450,stbd,38,15.0,18.89,450_stbd_cond_38-15_00x18_89m.png,unlabelled,main,dundas_aqueduct/17_jun_2021/run1,False
dundas_aqueduct,17_jun_2021,run1,450,stbd,39,15.0,4.65,450_stbd_cond_39-15_00x4_65m.png,unlabelled,main,dundas_aqueduct/17_jun_2021/run1,False
dundas_aqueduct,17_jun_2021,run1,450,stbd,4,15.0,22.37,450_stbd_cond_4-15_00x22_37m.png,unlabelled,main,dundas_aqueduct/17_jun_2021/run1,False
dundas_aqueduct,17_jun_2021,run1,450,stbd,40,15.0,7.19,450_stbd_cond_40-15_00x7_19m.png,unlabelled,main,dundas_aqueduct/17_jun_2021/run1,False
dundas_aqueduct,17_jun_2021,run1,450,stbd,41,15.0,7.94,450_stbd_cond_41-15_00x7_94m.png,unlabelled,main,dundas_aqueduct/17_jun_2021/run1,False
dundas_aqueduct,17_jun_2021,run1,450,stbd,42,15.0,13.04,450_stbd_cond_42-15_00x13_04m.png,unlabelled,main,dundas_aqueduct/17_jun_2021/run1,False
dundas_aqueduct,17_jun_2021,run1,450,stbd,43,15.0,19.25,450_stbd_cond_43-15_00x19_25m.png,unlabelled,main,dundas_aqueduct/17_jun_2021/run1,False
dundas_aqueduct,17_jun_2021,run1,450,stbd,44,15.0,35.47,450_stbd_cond_44-15_00x35_47m.png,unlabelled,main,dundas_aqueduct/17_jun_2021/run1,False
dundas_aqueduct,17_jun_2021,run1,450,stbd,45,15.0,40.62,450_stbd_cond_45-15_00x40_62m.png,unlabelled,main,dundas_aqueduct/17_jun_2021/run1,False
dundas_aqueduct,17_jun_2021,run1,450,stbd,46,15.0,40.74,450_stbd_cond_46-15_00x40_74m.png,unlabelled,main,dundas_aqueduct/17_jun_2021/run1,False
dundas_aqueduct,17_jun_2021,run1,450,stbd,47,15.0,2.33,450_stbd_cond_47-15_00x2_33m.png,unlabelled,main,dundas_aqueduct/17_jun_2021/run1,False
dundas_aqueduct,17_jun_2021,run1,450,stbd,48,15.0,37.04,450_stbd_cond_48-15_00x37_04m.png,unlabelled,main,dundas_aqueduct/17_jun_2021/run1,False
dundas_aqueduct,17_jun_2021,run1,450,stbd,49,15.0,25.94,450_stbd_cond_49-15_00x25_94m.png,unlabelled,main,dundas_aqueduct/17_jun_2021/run1,False
dundas_aqueduct,17_jun_2021,run1,450,stbd,5,15.0,18.59,450_stbd_cond_5-15_00x18_59m.png,unlabelled,main,dundas_aqueduct/17_jun_2021/run1,False
dundas_aqueduct,17_jun_2021,run1,450,stbd,50,15.0,15.68,450_stbd_cond_50-15_00x15_68m.png,unlabelled,main,dundas_aqueduct/17_jun_2021/run1,False
dundas_aqueduct,17_jun_2021,run1,450,stbd,6,15.0,15.31,450_stbd_cond_6-15_00x15_31m.png,unlabelled,main,dundas_aqueduct/17_jun_2021/run1,False
dundas_aqueduct,17_jun_2021,run1,450,stbd,7,15.0,10.81,450_stbd_cond_7-15_00x10_81m.png,unlabelled,main,dundas_aqueduct/17_jun_2021/run1,False
dundas_aqueduct,17_jun_2021,run1,450,stbd,8,15.0,7.23,450_stbd_cond_8-15_00x7_23m.png,unlabelled,main,dundas_aqueduct/17_jun_2021/run1,False
dundas_aqueduct,17_jun_2021,run1,450,stbd,9,15.0,3.16,450_stbd_cond_9-15_00x3_16m.png,unlabelled,main,dundas_aqueduct/17_jun_2021/run1,False
minerva_bath_rowing_club,9_july_2021,run1,990,port,1,15.0,32.77,990_port_cond_1-15_00x32_77m.png,unlabelled,main,minerva_bath_rowing_club/9_july_2021/run1,True
minerva_bath_rowing_club,9_july_2021,run1,990,port,10,15.0,20.71,990_port_cond_10-15_00x20_71m.png,unlabelled,main,minerva_bath_rowing_club/9_july_2021/run1,True
minerva_bath_rowing_club,9_july_2021,run1,990,port,11,15.0,20.69,990_port_cond_11-15_00x20_69m.png,unlabelled,main,minerva_bath_rowing_club/9_july_2021/run1,True
minerva_bath_rowing_club,9_july_2021,run1,990,port,12,15.0,18.86,990_port_cond_12-15_00x18_86m.png,unlabelled,main,minerva_bath_rowing_club/9_july_2021/run1,True
minerva_bath_rowing_club,9_july_2021,run1,990,port,13,15.0,19.99,990_port_cond_13-15_00x19_99m.png,unlabelled,main,minerva_bath_rowing_club/9_july_2021/run1,True
minerva_bath_rowing_club,9_july_2021,run1,990,port,14,15.0,20.22,990_port_cond_14-15_00x20_22m.png,unlabelled,main,minerva_bath_rowing_club/9_july_2021/run1,True
minerva_bath_rowing_club,9_july_2021,run1,990,port,15,15.0,19.67,990_port_cond_15-15_00x19_67m.png,unlabelled,main,minerva_bath_rowing_club/9_july_2021/run1,True
minerva_bath_rowing_club,9_july_2021,run1,990,port,16,15.0,19.21,990_port_cond_16-15_00x19_21m.png,unlabelled,main,minerva_bath_rowing_club/9_july_2021/run1,True
minerva_bath_rowing_club,9_july_2021,run1,990,port,17,15.0,6.79,990_port_cond_17-15_00x6_79m.png,unlabelled,main,minerva_bath_rowing_club/9_july_2021/run1,True
minerva_bath_rowing_club,9_july_2021,run1,990,port,18,15.0,18.87,990_port_cond_18-15_00x18_87m.png,unlabelled,main,minerva_bath_rowing_club/9_july_2021/run1,True
minerva_bath_rowing_club,9_july_2021,run1,990,port,19,15.0,18.26,990_port_cond_19-15_00x18_26m.png,unlabelled,main,minerva_bath_rowing_club/9_july_2021/run1,True
minerva_bath_rowing_club,9_july_2021,run1,990,port,2,15.0,15.13,990_port_cond_2-15_00x15_13m.png,unlabelled,main,minerva_bath_rowing_club/9_july_2021/run1,True
minerva_bath_rowing_club,9_july_2021,run1,990,port,20,15.0,16.78,990_port_cond_20-15_00x16_78m.png,unlabelled,main,minerva_bath_rowing_club/9_july_2021/run1,True
minerva_bath_rowing_club,9_july_2021,run1,990,port,21,15.0,15.62,990_port_cond_21-15_00x15_62m.png,unlabelled,main,minerva_bath_rowing_club/9_july_2021/run1,True
minerva_bath_rowing_club,9_july_2021,run1,990,port,22,15.0,15.67,990_port_cond_22-15_00x15_67m.png,unlabelled,main,minerva_bath_rowing_club/9_july_2021/run1,True
minerva_bath_rowing_club,9_july_2021,run1,990,port,23,15.0,18.2,990_port_cond_23-15_00x18_20m.png,unlabelled,main,minerva_bath_rowing_club/9_july_2021/run1,True
minerva_bath_rowing_club,9_july_2021,run1,990,port,24,15.0,20.94,990_port_cond_24-15_00x20_94m.png,unlabelled,main,minerva_bath_rowing_club/9_july_2021/run1,True
minerva_bath_rowing_club,9_july_2021,run1,990,port,25,15.0,20.39,990_port_cond_25-15_00x20_39m.png,unlabelled,main,minerva_bath_rowing_club/9_july_2021/run1,True
minerva_bath_rowing_club,9_july_2021,run1,990,port,26,15.0,24.99,990_port_cond_26-15_00x24_99m.png,unlabelled,main,minerva_bath_rowing_club/9_july_2021/run1,True
minerva_bath_rowing_club,9_july_2021,run1,990,port,27,15.0,26.07,990_port_cond_27-15_00x26_07m.png,unlabelled,main,minerva_bath_rowing_club/9_july_2021/run1,True
minerva_bath_rowing_club,9_july_2021,run1,990,port,28,15.0,25.7,990_port_cond_28-15_00x25_70m.png,unlabelled,main,minerva_bath_rowing_club/9_july_2021/run1,True
minerva_bath_rowing_club,9_july_2021,run1,990,port,29,15.0,26.38,990_port_cond_29-15_00x26_38m.png,unlabelled,main,minerva_bath_rowing_club/9_july_2021/run1,True
minerva_bath_rowing_club,9_july_2021,run1,990,port,3,15.0,16.72,990_port_cond_3-15_00x16_72m.png,unlabelled,main,minerva_bath_rowing_club/9_july_2021/run1,True
minerva_bath_rowing_club,9_july_2021,run1,990,port,30,15.0,25.87,990_port_cond_30-15_00x25_87m.png,unlabelled,main,minerva_bath_rowing_club/9_july_2021/run1,True
minerva_bath_rowing_club,9_july_2021,run1,990,port,31,15.0,16.99,990_port_cond_31-15_00x16_99m.png,unlabelled,main,minerva_bath_rowing_club/9_july_2021/run1,True
minerva_bath_rowing_club,9_july_2021,run1,990,port,32,15.0,8.53,990_port_cond_32-15_00x8_53m.png,unlabelled,main,minerva_bath_rowing_club/9_july_2021/run1,True
minerva_bath_rowing_club,9_july_2021,run1,990,port,33,15.0,17.53,990_port_cond_33-15_00x17_53m.png,unlabelled,main,minerva_bath_rowing_club/9_july_2021/run1,True
minerva_bath_rowing_club,9_july_2021,run1,990,port,34,15.0,24.23,990_port_cond_34-15_00x24_23m.png,unlabelled,main,minerva_bath_rowing_club/9_july_2021/run1,True
minerva_bath_rowing_club,9_july_2021,run1,990,port,35,15.0,29.33,990_port_cond_35-15_00x29_33m.png,unlabelled,main,minerva_bath_rowing_club/9_july_2021/run1,True
minerva_bath_rowing_club,9_july_2021,run1,990,port,36,15.0,36.19,990_port_cond_36-15_00x36_19m.png,unlabelled,main,minerva_bath_rowing_club/9_july_2021/run1,True
minerva_bath_rowing_club,9_july_2021,run1,990,port,37,15.0,42.27,990_port_cond_37-15_00x42_27m.png,unlabelled,main,minerva_bath_rowing_club/9_july_2021/run1,True
minerva_bath_rowing_club,9_july_2021,run1,990,port,38,15.0,43.55,990_port_cond_38-15_00x43_55m.png,unlabelled,main,minerva_bath_rowing_club/9_july_2021/run1,True
minerva_bath_rowing_club,9_july_2021,run1,990,port,39,15.0,36.68,990_port_cond_39-15_00x36_68m.png,unlabelled,main,minerva_bath_rowing_club/9_july_2021/run1,True
minerva_bath_rowing_club,9_july_2021,run1,990,port,4,15.0,17.31,990_port_cond_4-15_00x17_31m.png,unlabelled,main,minerva_bath_rowing_club/9_july_2021/run1,True
minerva_bath_rowing_club,9_july_2021,run1,990,port,40,15.0,28.53,990_port_cond_40-15_00x28_53m.png,unlabelled,main,minerva_bath_rowing_club/9_july_2021/run1,True
minerva_bath_rowing_club,9_july_2021,run1,990,port,41,15.0,20.57,990_port_cond_41-15_00x20_57m.png,unlabelled,main,minerva_bath_rowing_club/9_july_2021/run1,True
minerva_bath_rowing_club,9_july_2021,run1,990,port,42,15.0,39.19,990_port_cond_42-15_00x39_19m.png,unlabelled,main,minerva_bath_rowing_club/9_july_2021/run1,True
minerva_bath_rowing_club,9_july_2021,run1,990,port,43,15.0,39.94,990_port_cond_43-15_00x39_94m.png,unlabelled,main,minerva_bath_rowing_club/9_july_2021/run1,True
minerva_bath_rowing_club,9_july_2021,run1,990,port,44,15.0,40.66,990_port_cond_44-15_00x40_66m.png,unlabelled,main,minerva_bath_rowing_club/9_july_2021/run1,True
minerva_bath_rowing_club,9_july_2021,run1,990,port,45,15.0,41.74,990_port_cond_45-15_00x41_74m.png,unlabelled,main,minerva_bath_rowing_club/9_july_2021/run1,True
minerva_bath_rowing_club,9_july_2021,run1,990,port,46,15.0,42.62,990_port_cond_46-15_00x42_62m.png,unlabelled,main,minerva_bath_rowing_club/9_july_2021/run1,True
minerva_bath_rowing_club,9_july_2021,run1,990,port,47,15.0,42.43,990_port_cond_47-15_00x42_43m.png,unlabelled,main,minerva_bath_rowing_club/9_july_2021/run1,True
minerva_bath_rowing_club,9_july_2021,run1,990,port,48,15.0,2.5,990_port_cond_48-15_00x2_50m.png,unlabelled,main,minerva_bath_rowing_club/9_july_2021/run1,True
minerva_bath_rowing_club,9_july_2021,run1,990,port,49,15.0,35.68,990_port_cond_49-15_00x35_68m.png,unlabelled,main,minerva_bath_rowing_club/9_july_2021/run1,True
minerva_bath_rowing_club,9_july_2021,run1,990,port,5,15.0,18.3,990_port_cond_5-15_00x18_30m.png,unlabelled,main,minerva_bath_rowing_club/9_july_2021/run1,True
minerva_bath_rowing_club,9_july_2021,run1,990,port,50,15.0,16.26,990_port_cond_50-15_00x16_26m.png,unlabelled,main,minerva_bath_rowing_club/9_july_2021/run1,True
minerva_bath_rowing_club,9_july_2021,run1,990,port,6,15.0,19.03,990_port_cond_6-15_00x19_03m.png,unlabelled,main,minerva_bath_rowing_club/9_july_2021/run1,True
minerva_bath_rowing_club,9_july_2021,run1,990,port,7,15.0,20.03,990_port_cond_7-15_00x20_03m.png,unlabelled,main,minerva_bath_rowing_club/9_july_2021/run1,True
minerva_bath_rowing_club,9_july_2021,run1,990,port,8,15.0,20.59,990_port_cond_8-15_00x20_59m.png,unlabelled,main,minerva_bath_rowing_club/9_july_2021/run1,True
minerva_bath_rowing_club,9_july_2021,run1,990,port,9,15.0,21.43,990_port_cond_9-15_00x21_43m.png,unlabelled,main,minerva_bath_rowing_club/9_july_2021/run1,True
minerva_bath_rowing_club,9_july_2021,run1,990,stbd,1,15.0,32.77,990_stbd_cond_1-15_00x32_77m.png,unlabelled,main,minerva_bath_rowing_club/9_july_2021/run1,True
minerva_bath_rowing_club,9_july_2021,run1,990,stbd,10,15.0,20.71,990_stbd_cond_10-15_00x20_71m.png,unlabelled,main,minerva_bath_rowing_club/9_july_2021/run1,True
minerva_bath_rowing_club,9_july_2021,run1,990,stbd,11,15.0,20.69,990_stbd_cond_11-15_00x20_69m.png,unlabelled,main,minerva_bath_rowing_club/9_july_2021/run1,True
minerva_bath_rowing_club,9_july_2021,run1,990,stbd,12,15.0,18.86,990_stbd_cond_12-15_00x18_86m.png,unlabelled,main,minerva_bath_rowing_club/9_july_2021/run1,True
minerva_bath_rowing_club,9_july_2021,run1,990,stbd,13,15.0,19.99,990_stbd_cond_13-15_00x19_99m.png,unlabelled,main,minerva_bath_rowing_club/9_july_2021/run1,True
minerva_bath_rowing_club,9_july_2021,run1,990,stbd,14,15.0,20.22,990_stbd_cond_14-15_00x20_22m.png,unlabelled,main,minerva_bath_rowing_club/9_july_2021/run1,True
minerva_bath_rowing_club,9_july_2021,run1,990,stbd,15,15.0,19.67,990_stbd_cond_15-15_00x19_67m.png,unlabelled,main,minerva_bath_rowing_club/9_july_2021/run1,True
minerva_bath_rowing_club,9_july_2021,run1,990,stbd,16,15.0,19.21,990_stbd_cond_16-15_00x19_21m.png,unlabelled,main,minerva_bath_rowing_club/9_july_2021/run1,True
minerva_bath_rowing_club,9_july_2021,run1,990,stbd,17,15.0,6.79,990_stbd_cond_17-15_00x6_79m.png,unlabelled,main,minerva_bath_rowing_club/9_july_2021/run1,True
minerva_bath_rowing_club,9_july_2021,run1,990,stbd,18,15.0,18.87,990_stbd_cond_18-15_00x18_87m.png,unlabelled,main,minerva_bath_rowing_club/9_july_2021/run1,True
minerva_bath_rowing_club,9_july_2021,run1,990,stbd,19,15.0,18.26,990_stbd_cond_19-15_00x18_26m.png,unlabelled,main,minerva_bath_rowing_club/9_july_2021/run1,True
minerva_bath_rowing_club,9_july_2021,run1,990,stbd,2,15.0,15.13,990_stbd_cond_2-15_00x15_13m.png,unlabelled,main,minerva_bath_rowing_club/9_july_2021/run1,True
minerva_bath_rowing_club,9_july_2021,run1,990,stbd,20,15.0,16.78,990_stbd_cond_20-15_00x16_78m.png,unlabelled,main,minerva_bath_rowing_club/9_july_2021/run1,True
minerva_bath_rowing_club,9_july_2021,run1,990,stbd,21,15.0,15.62,990_stbd_cond_21-15_00x15_62m.png,unlabelled,main,minerva_bath_rowing_club/9_july_2021/run1,True
minerva_bath_rowing_club,9_july_2021,run1,990,stbd,22,15.0,15.67,990_stbd_cond_22-15_00x15_67m.png,unlabelled,main,minerva_bath_rowing_club/9_july_2021/run1,True
minerva_bath_rowing_club,9_july_2021,run1,990,stbd,23,15.0,18.2,990_stbd_cond_23-15_00x18_20m.png,unlabelled,main,minerva_bath_rowing_club/9_july_2021/run1,True
minerva_bath_rowing_club,9_july_2021,run1,990,stbd,24,15.0,20.94,990_stbd_cond_24-15_00x20_94m.png,unlabelled,main,minerva_bath_rowing_club/9_july_2021/run1,True
minerva_bath_rowing_club,9_july_2021,run1,990,stbd,25,15.0,20.39,990_stbd_cond_25-15_00x20_39m.png,unlabelled,main,minerva_bath_rowing_club/9_july_2021/run1,True
minerva_bath_rowing_club,9_july_2021,run1,990,stbd,26,15.0,24.99,990_stbd_cond_26-15_00x24_99m.png,unlabelled,main,minerva_bath_rowing_club/9_july_2021/run1,True
minerva_bath_rowing_club,9_july_2021,run1,990,stbd,27,15.0,26.07,990_stbd_cond_27-15_00x26_07m.png,unlabelled,main,minerva_bath_rowing_club/9_july_2021/run1,True
minerva_bath_rowing_club,9_july_2021,run1,990,stbd,28,15.0,25.7,990_stbd_cond_28-15_00x25_70m.png,unlabelled,main,minerva_bath_rowing_club/9_july_2021/run1,True
minerva_bath_rowing_club,9_july_2021,run1,990,stbd,29,15.0,26.38,990_stbd_cond_29-15_00x26_38m.png,unlabelled,main,minerva_bath_rowing_club/9_july_2021/run1,True
minerva_bath_rowing_club,9_july_2021,run1,990,stbd,3,15.0,16.72,990_stbd_cond_3-15_00x16_72m.png,unlabelled,main,minerva_bath_rowing_club/9_july_2021/run1,True
minerva_bath_rowing_club,9_july_2021,run1,990,stbd,30,15.0,25.87,990_stbd_cond_30-15_00x25_87m.png,unlabelled,main,minerva_bath_rowing_club/9_july_2021/run1,True
minerva_bath_rowing_club,9_july_2021,run1,990,stbd,31,15.0,16.99,990_stbd_cond_31-15_00x16_99m.png,unlabelled,main,minerva_bath_rowing_club/9_july_2021/run1,True
minerva_bath_rowing_club,9_july_2021,run1,990,stbd,32,15.0,8.53,990_stbd_cond_32-15_00x8_53m.png,unlabelled,main,minerva_bath_rowing_club/9_july_2021/run1,True
minerva_bath_rowing_club,9_july_2021,run1,990,stbd,33,15.0,17.53,990_stbd_cond_33-15_00x17_53m.png,unlabelled,main,minerva_bath_rowing_club/9_july_2021/run1,True
minerva_bath_rowing_club,9_july_2021,run1,990,stbd,34,15.0,24.23,990_stbd_cond_34-15_00x24_23m.png,unlabelled,main,minerva_bath_rowing_club/9_july_2021/run1,True
minerva_bath_rowing_club,9_july_2021,run1,990,stbd,35,15.0,29.33,990_stbd_cond_35-15_00x29_33m.png,unlabelled,main,minerva_bath_rowing_club/9_july_2021/run1,True
minerva_bath_rowing_club,9_july_2021,run1,990,stbd,36,15.0,36.19,990_stbd_cond_36-15_00x36_19m.png,unlabelled,main,minerva_bath_rowing_club/9_july_2021/run1,True
minerva_bath_rowing_club,9_july_2021,run1,990,stbd,37,15.0,42.27,990_stbd_cond_37-15_00x42_27m.png,unlabelled,main,minerva_bath_rowing_club/9_july_2021/run1,True
minerva_bath_rowing_club,9_july_2021,run1,990,stbd,38,15.0,43.55,990_stbd_cond_38-15_00x43_55m.png,unlabelled,main,minerva_bath_rowing_club/9_july_2021/run1,True
minerva_bath_rowing_club,9_july_2021,run1,990,stbd,39,15.0,36.68,990_stbd_cond_39-15_00x36_68m.png,unlabelled,main,minerva_bath_rowing_club/9_july_2021/run1,True
minerva_bath_rowing_club,9_july_2021,run1,990,stbd,4,15.0,17.31,990_stbd_cond_4-15_00x17_31m.png,unlabelled,main,minerva_bath_rowing_club/9_july_2021/run1,True
minerva_bath_rowing_club,9_july_2021,run1,990,stbd,40,15.0,28.53,990_stbd_cond_40-15_00x28_53m.png,unlabelled,main,minerva_bath_rowing_club/9_july_2021/run1,True
minerva_bath_rowing_club,9_july_2021,run1,990,stbd,41,15.0,20.57,990_stbd_cond_41-15_00x20_57m.png,unlabelled,main,minerva_bath_rowing_club/9_july_2021/run1,True
minerva_bath_rowing_club,9_july_2021,run1,990,stbd,42,15.0,39.19,990_stbd_cond_42-15_00x39_19m.png,unlabelled,main,minerva_bath_rowing_club/9_july_2021/run1,True
minerva_bath_rowing_club,9_july_2021,run1,990,stbd,43,15.0,39.94,990_stbd_cond_43-15_00x39_94m.png,unlabelled,main,minerva_bath_rowing_club/9_july_2021/run1,True
minerva_bath_rowing_club,9_july_2021,run1,990,stbd,44,15.0,40.66,990_stbd_cond_44-15_00x40_66m.png,unlabelled,main,minerva_bath_rowing_club/9_july_2021/run1,True
minerva_bath_rowing_club,9_july_2021,run1,990,stbd,45,15.0,41.74,990_stbd_cond_45-15_00x41_74m.png,unlabelled,main,minerva_bath_rowing_club/9_july_2021/run1,True
minerva_bath_rowing_club,9_july_2021,run1,990,stbd,46,15.0,42.62,990_stbd_cond_46-15_00x42_62m.png,unlabelled,main,minerva_bath_rowing_club/9_july_2021/run1,True
minerva_bath_rowing_club,9_july_2021,run1,990,stbd,47,15.0,42.43,990_stbd_cond_47-15_00x42_43m.png,unlabelled,main,minerva_bath_rowing_club/9_july_2021/run1,True
minerva_bath_rowing_club,9_july_2021,run1,990,stbd,48,15.0,2.5,990_stbd_cond_48-15_00x2_50m.png,unlabelled,main,minerva_bath_rowing_club/9_july_2021/run1,True
minerva_bath_rowing_club,9_july_2021,run1,990,stbd,49,15.0,35.68,990_stbd_cond_49-15_00x35_68m.png,unlabelled,main,minerva_bath_rowing_club/9_july_2021/run1,True
minerva_bath_rowing_club,9_july_2021,run1,990,stbd,5,15.0,18.3,990_stbd_cond_5-15_00x18_30m.png,unlabelled,main,minerva_bath_rowing_club/9_july_2021/run1,True
minerva_bath_rowing_club,9_july_2021,run1,990,stbd,50,15.0,16.26,990_stbd_cond_50-15_00x16_26m.png,unlabelled,main,minerva_bath_rowing_club/9_july_2021/run1,True
minerva_bath_rowing_club,9_july_2021,run1,990,stbd,6,15.0,19.03,990_stbd_cond_6-15_00x19_03m.png,unlabelled,main,minerva_bath_rowing_club/9_july_2021/run1,True
minerva_bath_rowing_club,9_july_2021,run1,990,stbd,7,15.0,20.03,990_stbd_cond_7-15_00x20_03m.png,unlabelled,main,minerva_bath_rowing_club/9_july_2021/run1,True
minerva_bath_rowing_club,9_july_2021,run1,990,stbd,8,15.0,20.59,990_stbd_cond_8-15_00x20_59m.png,unlabelled,main,minerva_bath_rowing_club/9_july_2021/run1,True
minerva_bath_rowing_club,9_july_2021,run1,990,stbd,9,15.0,21.43,990_stbd_cond_9-15_00x21_43m.png,unlabelled,main,minerva_bath_rowing_club/9_july_2021/run1,True
minerva_bath_rowing_club,9_july_2021,run1,450,port,1,15.0,32.77,450_port_cond_1-15_00x32_77m.png,unlabelled,main,minerva_bath_rowing_club/9_july_2021/run1,False
minerva_bath_rowing_club,9_july_2021,run1,450,port,10,15.0,20.71,450_port_cond_10-15_00x20_71m.png,unlabelled,main,minerva_bath_rowing_club/9_july_2021/run1,False
minerva_bath_rowing_club,9_july_2021,run1,450,port,11,15.0,20.69,450_port_cond_11-15_00x20_69m.png,unlabelled,main,minerva_bath_rowing_club/9_july_2021/run1,False
minerva_bath_rowing_club,9_july_2021,run1,450,port,12,15.0,18.86,450_port_cond_12-15_00x18_86m.png,unlabelled,main,minerva_bath_rowing_club/9_july_2021/run1,False
minerva_bath_rowing_club,9_july_2021,run1,450,port,13,15.0,19.99,450_port_cond_13-15_00x19_99m.png,unlabelled,main,minerva_bath_rowing_club/9_july_2021/run1,False
minerva_bath_rowing_club,9_july_2021,run1,450,port,14,15.0,20.22,450_port_cond_14-15_00x20_22m.png,unlabelled,main,minerva_bath_rowing_club/9_july_2021/run1,False
minerva_bath_rowing_club,9_july_2021,run1,450,port,15,15.0,19.67,450_port_cond_15-15_00x19_67m.png,unlabelled,main,minerva_bath_rowing_club/9_july_2021/run1,False
minerva_bath_rowing_club,9_july_2021,run1,450,port,16,15.0,19.21,450_port_cond_16-15_00x19_21m.png,unlabelled,main,minerva_bath_rowing_club/9_july_2021/run1,False
minerva_bath_rowing_club,9_july_2021,run1,450,port,17,15.0,6.77,450_port_cond_17-15_00x6_77m.png,unlabelled,main,minerva_bath_rowing_club/9_july_2021/run1,False
minerva_bath_rowing_club,9_july_2021,run1,450,port,18,15.0,18.87,450_port_cond_18-15_00x18_87m.png,unlabelled,main,minerva_bath_rowing_club/9_july_2021/run1,False
minerva_bath_rowing_club,9_july_2021,run1,450,port,19,15.0,18.26,450_port_cond_19-15_00x18_26m.png,unlabelled,main,minerva_bath_rowing_club/9_july_2021/run1,False
minerva_bath_rowing_club,9_july_2021,run1,450,port,2,15.0,15.13,450_port_cond_2-15_00x15_13m.png,unlabelled,main,minerva_bath_rowing_club/9_july_2021/run1,False
minerva_bath_rowing_club,9_july_2021,run1,450,port,20,15.0,16.78,450_port_cond_20-15_00x16_78m.png,unlabelled,main,minerva_bath_rowing_club/9_july_2021/run1,False
minerva_bath_rowing_club,9_july_2021,run1,450,port,21,15.0,15.62,450_port_cond_21-15_00x15_62m.png,unlabelled,main,minerva_bath_rowing_club/9_july_2021/run1,False
minerva_bath_rowing_club,9_july_2021,run1,450,port,22,15.0,15.67,450_port_cond_22-15_00x15_67m.png,unlabelled,main,minerva_bath_rowing_club/9_july_2021/run1,False
minerva_bath_rowing_club,9_july_2021,run1,450,port,23,15.0,18.2,450_port_cond_23-15_00x18_20m.png,unlabelled,main,minerva_bath_rowing_club/9_july_2021/run1,False
minerva_bath_rowing_club,9_july_2021,run1,450,port,24,15.0,20.94,450_port_cond_24-15_00x20_94m.png,unlabelled,main,minerva_bath_rowing_club/9_july_2021/run1,False
minerva_bath_rowing_club,9_july_2021,run1,450,port,25,15.0,20.39,450_port_cond_25-15_00x20_39m.png,unlabelled,main,minerva_bath_rowing_club/9_july_2021/run1,False
minerva_bath_rowing_club,9_july_2021,run1,450,port,26,15.0,24.99,450_port_cond_26-15_00x24_99m.png,unlabelled,main,minerva_bath_rowing_club/9_july_2021/run1,False
minerva_bath_rowing_club,9_july_2021,run1,450,port,27,15.0,26.07,450_port_cond_27-15_00x26_07m.png,unlabelled,main,minerva_bath_rowing_club/9_july_2021/run1,False
minerva_bath_rowing_club,9_july_2021,run1,450,port,28,15.0,25.7,450_port_cond_28-15_00x25_70m.png,unlabelled,main,minerva_bath_rowing_club/9_july_2021/run1,False
minerva_bath_rowing_club,9_july_2021,run1,450,port,29,15.0,26.38,450_port_cond_29-15_00x26_38m.png,unlabelled,main,minerva_bath_rowing_club/9_july_2021/run1,False
minerva_bath_rowing_club,9_july_2021,run1,450,port,3,15.0,16.72,450_port_cond_3-15_00x16_72m.png,unlabelled,main,minerva_bath_rowing_club/9_july_2021/run1,False
minerva_bath_rowing_club,9_july_2021,run1,450,port,30,15.0,25.87,450_port_cond_30-15_00x25_87m.png,unlabelled,main,minerva_bath_rowing_club/9_july_2021/run1,False
minerva_bath_rowing_club,9_july_2021,run1,450,port,31,15.0,16.99,450_port_cond_31-15_00x16_99m.png,unlabelled,main,minerva_bath_rowing_club/9_july_2021/run1,False
minerva_bath_rowing_club,9_july_2021,run1,450,port,32,15.0,8.53,450_port_cond_32-15_00x8_53m.png,unlabelled,main,minerva_bath_rowing_club/9_july_2021/run1,False
minerva_bath_rowing_club,9_july_2021,run1,450,port,33,15.0,17.53,450_port_cond_33-15_00x17_53m.png,unlabelled,main,minerva_bath_rowing_club/9_july_2021/run1,False
minerva_bath_rowing_club,9_july_2021,run1,450,port,34,15.0,24.23,450_port_cond_34-15_00x24_23m.png,unlabelled,main,minerva_bath_rowing_club/9_july_2021/run1,False
minerva_bath_rowing_club,9_july_2021,run1,450,port,35,15.0,29.33,450_port_cond_35-15_00x29_33m.png,unlabelled,main,minerva_bath_rowing_club/9_july_2021/run1,False
minerva_bath_rowing_club,9_july_2021,run1,450,port,36,15.0,36.19,450_port_cond_36-15_00x36_19m.png,unlabelled,main,minerva_bath_rowing_club/9_july_2021/run1,False
minerva_bath_rowing_club,9_july_2021,run1,450,port,37,15.0,42.27,450_port_cond_37-15_00x42_27m.png,unlabelled,main,minerva_bath_rowing_club/9_july_2021/run1,False
minerva_bath_rowing_club,9_july_2021,run1,450,port,38,15.0,43.55,450_port_cond_38-15_00x43_55m.png,unlabelled,main,minerva_bath_rowing_club/9_july_2021/run1,False
minerva_bath_rowing_club,9_july_2021,run1,450,port,39,15.0,36.68,450_port_cond_39-15_00x36_68m.png,unlabelled,main,minerva_bath_rowing_club/9_july_2021/run1,False
minerva_bath_rowing_club,9_july_2021,run1,450,port,4,15.0,17.31,450_port_cond_4-15_00x17_31m.png,unlabelled,main,minerva_bath_rowing_club/9_july_2021/run1,False
minerva_bath_rowing_club,9_july_2021,run1,450,port,40,15.0,28.53,450_port_cond_40-15_00x28_53m.png,unlabelled,main,minerva_bath_rowing_club/9_july_2021/run1,False
minerva_bath_rowing_club,9_july_2021,run1,450,port,41,15.0,20.57,450_port_cond_41-15_00x20_57m.png,unlabelled,main,minerva_bath_rowing_club/9_july_2021/run1,False
minerva_bath_rowing_club,9_july_2021,run1,450,port,42,15.0,39.19,450_port_cond_42-15_00x39_19m.png,unlabelled,main,minerva_bath_rowing_club/9_july_2021/run1,False
minerva_bath_rowing_club,9_july_2021,run1,450,port,43,15.0,39.94,450_port_cond_43-15_00x39_94m.png,unlabelled,main,minerva_bath_rowing_club/9_july_2021/run1,False
minerva_bath_rowing_club,9_july_2021,run1,450,port,44,15.0,40.66,450_port_cond_44-15_00x40_66m.png,unlabelled,main,minerva_bath_rowing_club/9_july_2021/run1,False
minerva_bath_rowing_club,9_july_2021,run1,450,port,45,15.0,41.74,450_port_cond_45-15_00x41_74m.png,unlabelled,main,minerva_bath_rowing_club/9_july_2021/run1,False
minerva_bath_rowing_club,9_july_2021,run1,450,port,46,15.0,42.62,450_port_cond_46-15_00x42_62m.png,unlabelled,main,minerva_bath_rowing_club/9_july_2021/run1,False
minerva_bath_rowing_club,9_july_2021,run1,450,port,47,15.0,42.43,450_port_cond_47-15_00x42_43m.png,unlabelled,main,minerva_bath_rowing_club/9_july_2021/run1,False
minerva_bath_rowing_club,9_july_2021,run1,450,port,48,15.0,2.5,450_port_cond_48-15_00x2_50m.png,unlabelled,main,minerva_bath_rowing_club/9_july_2021/run1,False
minerva_bath_rowing_club,9_july_2021,run1,450,port,49,15.0,35.68,450_port_cond_49-15_00x35_68m.png,unlabelled,main,minerva_bath_rowing_club/9_july_2021/run1,False
minerva_bath_rowing_club,9_july_2021,run1,450,port,5,15.0,18.3,450_port_cond_5-15_00x18_30m.png,unlabelled,main,minerva_bath_rowing_club/9_july_2021/run1,False
minerva_bath_rowing_club,9_july_2021,run1,450,port,50,15.0,16.26,450_port_cond_50-15_00x16_26m.png,unlabelled,main,minerva_bath_rowing_club/9_july_2021/run1,False
minerva_bath_rowing_club,9_july_2021,run1,450,port,6,15.0,19.03,450_port_cond_6-15_00x19_03m.png,unlabelled,main,minerva_bath_rowing_club/9_july_2021/run1,False
minerva_bath_rowing_club,9_july_2021,run1,450,port,7,15.0,20.03,450_port_cond_7-15_00x20_03m.png,unlabelled,main,minerva_bath_rowing_club/9_july_2021/run1,False
minerva_bath_rowing_club,9_july_2021,run1,450,port,8,15.0,20.59,450_port_cond_8-15_00x20_59m.png,unlabelled,main,minerva_bath_rowing_club/9_july_2021/run1,False
minerva_bath_rowing_club,9_july_2021,run1,450,port,9,15.0,21.43,450_port_cond_9-15_00x21_43m.png,unlabelled,main,minerva_bath_rowing_club/9_july_2021/run1,False
minerva_bath_rowing_club,9_july_2021,run1,450,stbd,1,15.0,32.77,450_stbd_cond_1-15_00x32_77m.png,unlabelled,main,minerva_bath_rowing_club/9_july_2021/run1,False
minerva_bath_rowing_club,9_july_2021,run1,450,stbd,10,15.0,20.71,450_stbd_cond_10-15_00x20_71m.png,unlabelled,main,minerva_bath_rowing_club/9_july_2021/run1,False
minerva_bath_rowing_club,9_july_2021,run1,450,stbd,11,15.0,20.69,450_stbd_cond_11-15_00x20_69m.png,unlabelled,main,minerva_bath_rowing_club/9_july_2021/run1,False
minerva_bath_rowing_club,9_july_2021,run1,450,stbd,12,15.0,18.86,450_stbd_cond_12-15_00x18_86m.png,unlabelled,main,minerva_bath_rowing_club/9_july_2021/run1,False
minerva_bath_rowing_club,9_july_2021,run1,450,stbd,13,15.0,19.99,450_stbd_cond_13-15_00x19_99m.png,unlabelled,main,minerva_bath_rowing_club/9_july_2021/run1,False
minerva_bath_rowing_club,9_july_2021,run1,450,stbd,14,15.0,20.22,450_stbd_cond_14-15_00x20_22m.png,unlabelled,main,minerva_bath_rowing_club/9_july_2021/run1,False
minerva_bath_rowing_club,9_july_2021,run1,450,stbd,15,15.0,19.67,450_stbd_cond_15-15_00x19_67m.png,unlabelled,main,minerva_bath_rowing_club/9_july_2021/run1,False
minerva_bath_rowing_club,9_july_2021,run1,450,stbd,16,15.0,19.21,450_stbd_cond_16-15_00x19_21m.png,unlabelled,main,minerva_bath_rowing_club/9_july_2021/run1,False
minerva_bath_rowing_club,9_july_2021,run1,450,stbd,17,15.0,6.77,450_stbd_cond_17-15_00x6_77m.png,unlabelled,main,minerva_bath_rowing_club/9_july_2021/run1,False
minerva_bath_rowing_club,9_july_2021,run1,450,stbd,18,15.0,18.87,450_stbd_cond_18-15_00x18_87m.png,unlabelled,main,minerva_bath_rowing_club/9_july_2021/run1,False
minerva_bath_rowing_club,9_july_2021,run1,450,stbd,19,15.0,18.26,450_stbd_cond_19-15_00x18_26m.png,unlabelled,main,minerva_bath_rowing_club/9_july_2021/run1,False
minerva_bath_rowing_club,9_july_2021,run1,450,stbd,2,15.0,15.13,450_stbd_cond_2-15_00x15_13m.png,unlabelled,main,minerva_bath_rowing_club/9_july_2021/run1,False
minerva_bath_rowing_club,9_july_2021,run1,450,stbd,20,15.0,16.78,450_stbd_cond_20-15_00x16_78m.png,unlabelled,main,minerva_bath_rowing_club/9_july_2021/run1,False
minerva_bath_rowing_club,9_july_2021,run1,450,stbd,21,15.0,15.62,450_stbd_cond_21-15_00x15_62m.png,unlabelled,main,minerva_bath_rowing_club/9_july_2021/run1,False
minerva_bath_rowing_club,9_july_2021,run1,450,stbd,22,15.0,15.67,450_stbd_cond_22-15_00x15_67m.png,unlabelled,main,minerva_bath_rowing_club/9_july_2021/run1,False
minerva_bath_rowing_club,9_july_2021,run1,450,stbd,23,15.0,18.2,450_stbd_cond_23-15_00x18_20m.png,unlabelled,main,minerva_bath_rowing_club/9_july_2021/run1,False
minerva_bath_rowing_club,9_july_2021,run1,450,stbd,24,15.0,20.94,450_stbd_cond_24-15_00x20_94m.png,unlabelled,main,minerva_bath_rowing_club/9_july_2021/run1,False
minerva_bath_rowing_club,9_july_2021,run1,450,stbd,25,15.0,20.39,450_stbd_cond_25-15_00x20_39m.png,unlabelled,main,minerva_bath_rowing_club/9_july_2021/run1,False
minerva_bath_rowing_club,9_july_2021,run1,450,stbd,26,15.0,24.99,450_stbd_cond_26-15_00x24_99m.png,unlabelled,main,minerva_bath_rowing_club/9_july_2021/run1,False
minerva_bath_rowing_club,9_july_2021,run1,450,stbd,27,15.0,26.07,450_stbd_cond_27-15_00x26_07m.png,unlabelled,main,minerva_bath_rowing_club/9_july_2021/run1,False
minerva_bath_rowing_club,9_july_2021,run1,450,stbd,28,15.0,25.7,450_stbd_cond_28-15_00x25_70m.png,unlabelled,main,minerva_bath_rowing_club/9_july_2021/run1,False
minerva_bath_rowing_club,9_july_2021,run1,450,stbd,29,15.0,26.38,450_stbd_cond_29-15_00x26_38m.png,unlabelled,main,minerva_bath_rowing_club/9_july_2021/run1,False
minerva_bath_rowing_club,9_july_2021,run1,450,stbd,3,15.0,16.72,450_stbd_cond_3-15_00x16_72m.png,unlabelled,main,minerva_bath_rowing_club/9_july_2021/run1,False
minerva_bath_rowing_club,9_july_2021,run1,450,stbd,30,15.0,25.87,450_stbd_cond_30-15_00x25_87m.png,unlabelled,main,minerva_bath_rowing_club/9_july_2021/run1,False
minerva_bath_rowing_club,9_july_2021,run1,450,stbd,31,15.0,16.99,450_stbd_cond_31-15_00x16_99m.png,unlabelled,main,minerva_bath_rowing_club/9_july_2021/run1,False
minerva_bath_rowing_club,9_july_2021,run1,450,stbd,32,15.0,8.53,450_stbd_cond_32-15_00x8_53m.png,unlabelled,main,minerva_bath_rowing_club/9_july_2021/run1,False
minerva_bath_rowing_club,9_july_2021,run1,450,stbd,33,15.0,17.53,450_stbd_cond_33-15_00x17_53m.png,unlabelled,main,minerva_bath_rowing_club/9_july_2021/run1,False
minerva_bath_rowing_club,9_july_2021,run1,450,stbd,34,15.0,24.23,450_stbd_cond_34-15_00x24_23m.png,unlabelled,main,minerva_bath_rowing_club/9_july_2021/run1,False
minerva_bath_rowing_club,9_july_2021,run1,450,stbd,35,15.0,29.33,450_stbd_cond_35-15_00x29_33m.png,unlabelled,main,minerva_bath_rowing_club/9_july_2021/run1,False
minerva_bath_rowing_club,9_july_2021,run1,450,stbd,36,15.0,36.19,450_stbd_cond_36-15_00x36_19m.png,unlabelled,main,minerva_bath_rowing_club/9_july_2021/run1,False
minerva_bath_rowing_club,9_july_2021,run1,450,stbd,37,15.0,42.27,450_stbd_cond_37-15_00x42_27m.png,unlabelled,main,minerva_bath_rowing_club/9_july_2021/run1,False
minerva_bath_rowing_club,9_july_2021,run1,450,stbd,38,15.0,43.55,450_stbd_cond_38-15_00x43_55m.png,unlabelled,main,minerva_bath_rowing_club/9_july_2021/run1,False
minerva_bath_rowing_club,9_july_2021,run1,450,stbd,39,15.0,36.68,450_stbd_cond_39-15_00x36_68m.png,unlabelled,main,minerva_bath_rowing_club/9_july_2021/run1,False
minerva_bath_rowing_club,9_july_2021,run1,450,stbd,4,15.0,17.31,450_stbd_cond_4-15_00x17_31m.png,unlabelled,main,minerva_bath_rowing_club/9_july_2021/run1,False
minerva_bath_rowing_club,9_july_2021,run1,450,stbd,40,15.0,28.53,450_stbd_cond_40-15_00x28_53m.png,unlabelled,main,minerva_bath_rowing_club/9_july_2021/run1,False
minerva_bath_rowing_club,9_july_2021,run1,450,stbd,41,15.0,20.57,450_stbd_cond_41-15_00x20_57m.png,unlabelled,main,minerva_bath_rowing_club/9_july_2021/run1,False
minerva_bath_rowing_club,9_july_2021,run1,450,stbd,42,15.0,39.19,450_stbd_cond_42-15_00x39_19m.png,unlabelled,main,minerva_bath_rowing_club/9_july_2021/run1,False
minerva_bath_rowing_club,9_july_2021,run1,450,stbd,43,15.0,39.94,450_stbd_cond_43-15_00x39_94m.png,unlabelled,main,minerva_bath_rowing_club/9_july_2021/run1,False
minerva_bath_rowing_club,9_july_2021,run1,450,stbd,44,15.0,40.66,450_stbd_cond_44-15_00x40_66m.png,unlabelled,main,minerva_bath_rowing_club/9_july_2021/run1,False
minerva_bath_rowing_club,9_july_2021,run1,450,stbd,45,15.0,41.74,450_stbd_cond_45-15_00x41_74m.png,unlabelled,main,minerva_bath_rowing_club/9_july_2021/run1,False
minerva_bath_rowing_club,9_july_2021,run1,450,stbd,46,15.0,42.62,450_stbd_cond_46-15_00x42_62m.png,unlabelled,main,minerva_bath_rowing_club/9_july_2021/run1,False
minerva_bath_rowing_club,9_july_2021,run1,450,stbd,47,15.0,42.43,450_stbd_cond_47-15_00x42_43m.png,unlabelled,main,minerva_bath_rowing_club/9_july_2021/run1,False
minerva_bath_rowing_club,9_july_2021,run1,450,stbd,48,15.0,2.5,450_stbd_cond_48-15_00x2_50m.png,unlabelled,main,minerva_bath_rowing_club/9_july_2021/run1,False
minerva_bath_rowing_club,9_july_2021,run1,450,stbd,49,15.0,35.68,450_stbd_cond_49-15_00x35_68m.png,unlabelled,main,minerva_bath_rowing_club/9_july_2021/run1,False
minerva_bath_rowing_club,9_july_2021,run1,450,stbd,5,15.0,18.3,450_stbd_cond_5-15_00x18_30m.png,unlabelled,main,minerva_bath_rowing_club/9_july_2021/run1,False
minerva_bath_rowing_club,9_july_2021,run1,450,stbd,50,15.0,16.26,450_stbd_cond_50-15_00x16_26m.png,unlabelled,main,minerva_bath_rowing_club/9_july_2021/run1,False
minerva_bath_rowing_club,9_july_2021,run1,450,stbd,6,15.0,19.03,450_stbd_cond_6-15_00x19_03m.png,unlabelled,main,minerva_bath_rowing_club/9_july_2021/run1,False
minerva_bath_rowing_club,9_july_2021,run1,450,stbd,7,15.0,20.03,450_stbd_cond_7-15_00x20_03m.png,unlabelled,main,minerva_bath_rowing_club/9_july_2021/run1,False
minerva_bath_rowing_club,9_july_2021,run1,450,stbd,8,15.0,20.59,450_stbd_cond_8-15_00x20_59m.png,unlabelled,main,minerva_bath_rowing_club/9_july_2021/run1,False
minerva_bath_rowing_club,9_july_2021,run1,450,stbd,9,15.0,21.43,450_stbd_cond_9-15_00x21_43m.png,unlabelled,main,minerva_bath_rowing_club/9_july_2021/run1,False
minerva_bath_rowing_club,9_july_2021,run2,990,port,1,15.0,19.15,990_port_cond_1-15_00x19_15m.png,unlabelled,main,minerva_bath_rowing_club/9_july_2021/run2,True
minerva_bath_rowing_club,9_july_2021,run2,990,port,10,15.0,24.93,990_port_cond_10-15_00x24_93m.png,unlabelled,main,minerva_bath_rowing_club/9_july_2021/run2,True
minerva_bath_rowing_club,9_july_2021,run2,990,port,11,15.0,26.04,990_port_cond_11-15_00x26_04m.png,unlabelled,main,minerva_bath_rowing_club/9_july_2021/run2,True
minerva_bath_rowing_club,9_july_2021,run2,990,port,12,15.0,25.75,990_port_cond_12-15_00x25_75m.png,unlabelled,main,minerva_bath_rowing_club/9_july_2021/run2,True
minerva_bath_rowing_club,9_july_2021,run2,990,port,13,15.0,23.03,990_port_cond_13-15_00x23_03m.png,unlabelled,main,minerva_bath_rowing_club/9_july_2021/run2,True
minerva_bath_rowing_club,9_july_2021,run2,990,port,14,15.0,26.05,990_port_cond_14-15_00x26_05m.png,unlabelled,main,minerva_bath_rowing_club/9_july_2021/run2,True
minerva_bath_rowing_club,9_july_2021,run2,990,port,15,15.0,17.2,990_port_cond_15-15_00x17_20m.png,unlabelled,main,minerva_bath_rowing_club/9_july_2021/run2,True
minerva_bath_rowing_club,9_july_2021,run2,990,port,16,15.0,8.5,990_port_cond_16-15_00x8_50m.png,unlabelled,main,minerva_bath_rowing_club/9_july_2021/run2,True
minerva_bath_rowing_club,9_july_2021,run2,990,port,17,15.0,17.87,990_port_cond_17-15_00x17_87m.png,unlabelled,main,minerva_bath_rowing_club/9_july_2021/run2,True
minerva_bath_rowing_club,9_july_2021,run2,990,port,18,15.0,24.25,990_port_cond_18-15_00x24_25m.png,unlabelled,main,minerva_bath_rowing_club/9_july_2021/run2,True
minerva_bath_rowing_club,9_july_2021,run2,990,port,19,15.0,29.38,990_port_cond_19-15_00x29_38m.png,unlabelled,main,minerva_bath_rowing_club/9_july_2021/run2,True
minerva_bath_rowing_club,9_july_2021,run2,990,port,2,15.0,19.1,990_port_cond_2-15_00x19_10m.png,unlabelled,main,minerva_bath_rowing_club/9_july_2021/run2,True
minerva_bath_rowing_club,9_july_2021,run2,990,port,20,15.0,36.16,990_port_cond_20-15_00x36_16m.png,unlabelled,main,minerva_bath_rowing_club/9_july_2021/run2,True
minerva_bath_rowing_club,9_july_2021,run2,990,port,21,15.0,42.31,990_port_cond_21-15_00x42_31m.png,unlabelled,main,minerva_bath_rowing_club/9_july_2021/run2,True
minerva_bath_rowing_club,9_july_2021,run2,990,port,22,15.0,43.5,990_port_cond_22-15_00x43_50m.png,unlabelled,main,minerva_bath_rowing_club/9_july_2021/run2,True
minerva_bath_rowing_club,9_july_2021,run2,990,port,23,15.0,36.8,990_port_cond_23-15_00x36_80m.png,unlabelled,main,minerva_bath_rowing_club/9_july_2021/run2,True
minerva_bath_rowing_club,9_july_2021,run2,990,port,24,15.0,28.57,990_port_cond_24-15_00x28_57m.png,unlabelled,main,minerva_bath_rowing_club/9_july_2021/run2,True
minerva_bath_rowing_club,9_july_2021,run2,990,port,25,15.0,20.61,990_port_cond_25-15_00x20_61m.png,unlabelled,main,minerva_bath_rowing_club/9_july_2021/run2,True
minerva_bath_rowing_club,9_july_2021,run2,990,port,26,15.0,39.27,990_port_cond_26-15_00x39_27m.png,unlabelled,main,minerva_bath_rowing_club/9_july_2021/run2,True
minerva_bath_rowing_club,9_july_2021,run2,990,port,27,15.0,40.17,990_port_cond_27-15_00x40_17m.png,unlabelled,main,minerva_bath_rowing_club/9_july_2021/run2,True
minerva_bath_rowing_club,9_july_2021,run2,990,port,28,15.0,40.76,990_port_cond_28-15_00x40_76m.png,unlabelled,main,minerva_bath_rowing_club/9_july_2021/run2,True
minerva_bath_rowing_club,9_july_2021,run2,990,port,29,15.0,41.73,990_port_cond_29-15_00x41_73m.png,unlabelled,main,minerva_bath_rowing_club/9_july_2021/run2,True
minerva_bath_rowing_club,9_july_2021,run2,990,port,3,15.0,18.22,990_port_cond_3-15_00x18_22m.png,unlabelled,main,minerva_bath_rowing_club/9_july_2021/run2,True
minerva_bath_rowing_club,9_july_2021,run2,990,port,30,15.0,42.65,990_port_cond_30-15_00x42_65m.png,unlabelled,main,minerva_bath_rowing_club/9_july_2021/run2,True
minerva_bath_rowing_club,9_july_2021,run2,990,port,31,15.0,42.7,990_port_cond_31-15_00x42_70m.png,unlabelled,main,minerva_bath_rowing_club/9_july_2021/run2,True
minerva_bath_rowing_club,9_july_2021,run2,990,port,32,15.0,2.38,990_port_cond_32-15_00x2_38m.png,unlabelled,main,minerva_bath_rowing_club/9_july_2021/run2,True
minerva_bath_rowing_club,9_july_2021,run2,990,port,33,15.0,35.59,990_port_cond_33-15_00x35_59m.png,unlabelled,main,minerva_bath_rowing_club/9_july_2021/run2,True
minerva_bath_rowing_club,9_july_2021,run2,990,port,34,15.0,16.48,990_port_cond_34-15_00x16_48m.png,unlabelled,main,minerva_bath_rowing_club/9_july_2021/run2,True
minerva_bath_rowing_club,9_july_2021,run2,990,port,4,15.0,16.97,990_port_cond_4-15_00x16_97m.png,unlabelled,main,minerva_bath_rowing_club/9_july_2021/run2,True
minerva_bath_rowing_club,9_july_2021,run2,990,port,5,15.0,15.63,990_port_cond_5-15_00x15_63m.png,unlabelled,main,minerva_bath_rowing_club/9_july_2021/run2,True
minerva_bath_rowing_club,9_july_2021,run2,990,port,6,15.0,15.82,990_port_cond_6-15_00x15_82m.png,unlabelled,main,minerva_bath_rowing_club/9_july_2021/run2,True
minerva_bath_rowing_club,9_july_2021,run2,990,port,7,15.0,18.18,990_port_cond_7-15_00x18_18m.png,unlabelled,main,minerva_bath_rowing_club/9_july_2021/run2,True
minerva_bath_rowing_club,9_july_2021,run2,990,port,8,15.0,21.09,990_port_cond_8-15_00x21_09m.png,unlabelled,main,minerva_bath_rowing_club/9_july_2021/run2,True
minerva_bath_rowing_club,9_july_2021,run2,990,port,9,15.0,23.83,990_port_cond_9-15_00x23_83m.png,unlabelled,main,minerva_bath_rowing_club/9_july_2021/run2,True
minerva_bath_rowing_club,9_july_2021,run2,990,stbd,1,15.0,19.15,990_stbd_cond_1-15_00x19_15m.png,unlabelled,main,minerva_bath_rowing_club/9_july_2021/run2,True
minerva_bath_rowing_club,9_july_2021,run2,990,stbd,10,15.0,24.93,990_stbd_cond_10-15_00x24_93m.png,unlabelled,main,minerva_bath_rowing_club/9_july_2021/run2,True
minerva_bath_rowing_club,9_july_2021,run2,990,stbd,11,15.0,26.04,990_stbd_cond_11-15_00x26_04m.png,unlabelled,main,minerva_bath_rowing_club/9_july_2021/run2,True
minerva_bath_rowing_club,9_july_2021,run2,990,stbd,12,15.0,25.75,990_stbd_cond_12-15_00x25_75m.png,unlabelled,main,minerva_bath_rowing_club/9_july_2021/run2,True
minerva_bath_rowing_club,9_july_2021,run2,990,stbd,13,15.0,23.03,990_stbd_cond_13-15_00x23_03m.png,unlabelled,main,minerva_bath_rowing_club/9_july_2021/run2,True
minerva_bath_rowing_club,9_july_2021,run2,990,stbd,14,15.0,26.05,990_stbd_cond_14-15_00x26_05m.png,unlabelled,main,minerva_bath_rowing_club/9_july_2021/run2,True
minerva_bath_rowing_club,9_july_2021,run2,990,stbd,15,15.0,17.2,990_stbd_cond_15-15_00x17_20m.png,unlabelled,main,minerva_bath_rowing_club/9_july_2021/run2,True
minerva_bath_rowing_club,9_july_2021,run2,990,stbd,16,15.0,8.5,990_stbd_cond_16-15_00x8_50m.png,unlabelled,main,minerva_bath_rowing_club/9_july_2021/run2,True
minerva_bath_rowing_club,9_july_2021,run2,990,stbd,17,15.0,17.87,990_stbd_cond_17-15_00x17_87m.png,unlabelled,main,minerva_bath_rowing_club/9_july_2021/run2,True
minerva_bath_rowing_club,9_july_2021,run2,990,stbd,18,15.0,24.25,990_stbd_cond_18-15_00x24_25m.png,unlabelled,main,minerva_bath_rowing_club/9_july_2021/run2,True
minerva_bath_rowing_club,9_july_2021,run2,990,stbd,19,15.0,29.38,990_stbd_cond_19-15_00x29_38m.png,unlabelled,main,minerva_bath_rowing_club/9_july_2021/run2,True
minerva_bath_rowing_club,9_july_2021,run2,990,stbd,2,15.0,19.1,990_stbd_cond_2-15_00x19_10m.png,unlabelled,main,minerva_bath_rowing_club/9_july_2021/run2,True
minerva_bath_rowing_club,9_july_2021,run2,990,stbd,20,15.0,36.16,990_stbd_cond_20-15_00x36_16m.png,unlabelled,main,minerva_bath_rowing_club/9_july_2021/run2,True
minerva_bath_rowing_club,9_july_2021,run2,990,stbd,21,15.0,42.31,990_stbd_cond_21-15_00x42_31m.png,unlabelled,main,minerva_bath_rowing_club/9_july_2021/run2,True
minerva_bath_rowing_club,9_july_2021,run2,990,stbd,22,15.0,43.5,990_stbd_cond_22-15_00x43_50m.png,unlabelled,main,minerva_bath_rowing_club/9_july_2021/run2,True
minerva_bath_rowing_club,9_july_2021,run2,990,stbd,23,15.0,36.8,990_stbd_cond_23-15_00x36_80m.png,unlabelled,main,minerva_bath_rowing_club/9_july_2021/run2,True
minerva_bath_rowing_club,9_july_2021,run2,990,stbd,24,15.0,28.57,990_stbd_cond_24-15_00x28_57m.png,unlabelled,main,minerva_bath_rowing_club/9_july_2021/run2,True
minerva_bath_rowing_club,9_july_2021,run2,990,stbd,25,15.0,20.61,990_stbd_cond_25-15_00x20_61m.png,unlabelled,main,minerva_bath_rowing_club/9_july_2021/run2,True
minerva_bath_rowing_club,9_july_2021,run2,990,stbd,26,15.0,39.27,990_stbd_cond_26-15_00x39_27m.png,unlabelled,main,minerva_bath_rowing_club/9_july_2021/run2,True
minerva_bath_rowing_club,9_july_2021,run2,990,stbd,27,15.0,40.17,990_stbd_cond_27-15_00x40_17m.png,unlabelled,main,minerva_bath_rowing_club/9_july_2021/run2,True
minerva_bath_rowing_club,9_july_2021,run2,990,stbd,28,15.0,40.76,990_stbd_cond_28-15_00x40_76m.png,unlabelled,main,minerva_bath_rowing_club/9_july_2021/run2,True
minerva_bath_rowing_club,9_july_2021,run2,990,stbd,29,15.0,41.73,990_stbd_cond_29-15_00x41_73m.png,unlabelled,main,minerva_bath_rowing_club/9_july_2021/run2,True
minerva_bath_rowing_club,9_july_2021,run2,990,stbd,3,15.0,18.22,990_stbd_cond_3-15_00x18_22m.png,unlabelled,main,minerva_bath_rowing_club/9_july_2021/run2,True
minerva_bath_rowing_club,9_july_2021,run2,990,stbd,30,15.0,42.65,990_stbd_cond_30-15_00x42_65m.png,unlabelled,main,minerva_bath_rowing_club/9_july_2021/run2,True
minerva_bath_rowing_club,9_july_2021,run2,990,stbd,31,15.0,42.7,990_stbd_cond_31-15_00x42_70m.png,unlabelled,main,minerva_bath_rowing_club/9_july_2021/run2,True
minerva_bath_rowing_club,9_july_2021,run2,990,stbd,32,15.0,2.38,990_stbd_cond_32-15_00x2_38m.png,unlabelled,main,minerva_bath_rowing_club/9_july_2021/run2,True
minerva_bath_rowing_club,9_july_2021,run2,990,stbd,33,15.0,35.59,990_stbd_cond_33-15_00x35_59m.png,unlabelled,main,minerva_bath_rowing_club/9_july_2021/run2,True
minerva_bath_rowing_club,9_july_2021,run2,990,stbd,34,15.0,16.48,990_stbd_cond_34-15_00x16_48m.png,unlabelled,main,minerva_bath_rowing_club/9_july_2021/run2,True
minerva_bath_rowing_club,9_july_2021,run2,990,stbd,4,15.0,16.97,990_stbd_cond_4-15_00x16_97m.png,unlabelled,main,minerva_bath_rowing_club/9_july_2021/run2,True
minerva_bath_rowing_club,9_july_2021,run2,990,stbd,5,15.0,15.63,990_stbd_cond_5-15_00x15_63m.png,unlabelled,main,minerva_bath_rowing_club/9_july_2021/run2,True
minerva_bath_rowing_club,9_july_2021,run2,990,stbd,6,15.0,15.82,990_stbd_cond_6-15_00x15_82m.png,unlabelled,main,minerva_bath_rowing_club/9_july_2021/run2,True
minerva_bath_rowing_club,9_july_2021,run2,990,stbd,7,15.0,18.18,990_stbd_cond_7-15_00x18_18m.png,unlabelled,main,minerva_bath_rowing_club/9_july_2021/run2,True
minerva_bath_rowing_club,9_july_2021,run2,990,stbd,8,15.0,21.09,990_stbd_cond_8-15_00x21_09m.png,unlabelled,main,minerva_bath_rowing_club/9_july_2021/run2,True
minerva_bath_rowing_club,9_july_2021,run2,990,stbd,9,15.0,23.83,990_stbd_cond_9-15_00x23_83m.png,unlabelled,main,minerva_bath_rowing_club/9_july_2021/run2,True
minerva_bath_rowing_club,9_july_2021,run2,450,port,1,15.0,14.46,450_port_cond_1-15_00x14_46m.png,unlabelled,main,minerva_bath_rowing_club/9_july_2021/run2,False
minerva_bath_rowing_club,9_july_2021,run2,450,port,10,15.0,23.83,450_port_cond_10-15_00x23_83m.png,unlabelled,main,minerva_bath_rowing_club/9_july_2021/run2,False
minerva_bath_rowing_club,9_july_2021,run2,450,port,11,15.0,24.93,450_port_cond_11-15_00x24_93m.png,unlabelled,main,minerva_bath_rowing_club/9_july_2021/run2,False
minerva_bath_rowing_club,9_july_2021,run2,450,port,12,15.0,26.04,450_port_cond_12-15_00x26_04m.png,unlabelled,main,minerva_bath_rowing_club/9_july_2021/run2,False
minerva_bath_rowing_club,9_july_2021,run2,450,port,13,15.0,25.75,450_port_cond_13-15_00x25_75m.png,unlabelled,main,minerva_bath_rowing_club/9_july_2021/run2,False
minerva_bath_rowing_club,9_july_2021,run2,450,port,14,15.0,23.03,450_port_cond_14-15_00x23_03m.png,unlabelled,main,minerva_bath_rowing_club/9_july_2021/run2,False
minerva_bath_rowing_club,9_july_2021,run2,450,port,15,15.0,26.05,450_port_cond_15-15_00x26_05m.png,unlabelled,main,minerva_bath_rowing_club/9_july_2021/run2,False
minerva_bath_rowing_club,9_july_2021,run2,450,port,16,15.0,17.2,450_port_cond_16-15_00x17_20m.png,unlabelled,main,minerva_bath_rowing_club/9_july_2021/run2,False
minerva_bath_rowing_club,9_july_2021,run2,450,port,17,15.0,8.5,450_port_cond_17-15_00x8_50m.png,unlabelled,main,minerva_bath_rowing_club/9_july_2021/run2,False
minerva_bath_rowing_club,9_july_2021,run2,450,port,18,15.0,17.87,450_port_cond_18-15_00x17_87m.png,unlabelled,main,minerva_bath_rowing_club/9_july_2021/run2,False
minerva_bath_rowing_club,9_july_2021,run2,450,port,19,15.0,24.25,450_port_cond_19-15_00x24_25m.png,unlabelled,main,minerva_bath_rowing_club/9_july_2021/run2,False
minerva_bath_rowing_club,9_july_2021,run2,450,port,2,15.0,19.15,450_port_cond_2-15_00x19_15m.png,unlabelled,main,minerva_bath_rowing_club/9_july_2021/run2,False
minerva_bath_rowing_club,9_july_2021,run2,450,port,20,15.0,29.38,450_port_cond_20-15_00x29_38m.png,unlabelled,main,minerva_bath_rowing_club/9_july_2021/run2,False
minerva_bath_rowing_club,9_july_2021,run2,450,port,21,15.0,36.16,450_port_cond_21-15_00x36_16m.png,unlabelled,main,minerva_bath_rowing_club/9_july_2021/run2,False
minerva_bath_rowing_club,9_july_2021,run2,450,port,22,15.0,42.31,450_port_cond_22-15_00x42_31m.png,unlabelled,main,minerva_bath_rowing_club/9_july_2021/run2,False
minerva_bath_rowing_club,9_july_2021,run2,450,port,23,15.0,43.5,450_port_cond_23-15_00x43_50m.png,unlabelled,main,minerva_bath_rowing_club/9_july_2021/run2,False
minerva_bath_rowing_club,9_july_2021,run2,450,port,24,15.0,36.8,450_port_cond_24-15_00x36_80m.png,unlabelled,main,minerva_bath_rowing_club/9_july_2021/run2,False
minerva_bath_rowing_club,9_july_2021,run2,450,port,25,15.0,28.57,450_port_cond_25-15_00x28_57m.png,unlabelled,main,minerva_bath_rowing_club/9_july_2021/run2,False
minerva_bath_rowing_club,9_july_2021,run2,450,port,26,15.0,20.61,450_port_cond_26-15_00x20_61m.png,unlabelled,main,minerva_bath_rowing_club/9_july_2021/run2,False
minerva_bath_rowing_club,9_july_2021,run2,450,port,27,15.0,39.27,450_port_cond_27-15_00x39_27m.png,unlabelled,main,minerva_bath_rowing_club/9_july_2021/run2,False
minerva_bath_rowing_club,9_july_2021,run2,450,port,28,15.0,40.17,450_port_cond_28-15_00x40_17m.png,unlabelled,main,minerva_bath_rowing_club/9_july_2021/run2,False
minerva_bath_rowing_club,9_july_2021,run2,450,port,29,15.0,40.76,450_port_cond_29-15_00x40_76m.png,unlabelled,main,minerva_bath_rowing_club/9_july_2021/run2,False
minerva_bath_rowing_club,9_july_2021,run2,450,port,3,15.0,19.1,450_port_cond_3-15_00x19_10m.png,unlabelled,main,minerva_bath_rowing_club/9_july_2021/run2,False
minerva_bath_rowing_club,9_july_2021,run2,450,port,30,15.0,41.73,450_port_cond_30-15_00x41_73m.png,unlabelled,main,minerva_bath_rowing_club/9_july_2021/run2,False
minerva_bath_rowing_club,9_july_2021,run2,450,port,31,15.0,42.65,450_port_cond_31-15_00x42_65m.png,unlabelled,main,minerva_bath_rowing_club/9_july_2021/run2,False
minerva_bath_rowing_club,9_july_2021,run2,450,port,32,15.0,42.7,450_port_cond_32-15_00x42_70m.png,unlabelled,main,minerva_bath_rowing_club/9_july_2021/run2,False
minerva_bath_rowing_club,9_july_2021,run2,450,port,33,15.0,2.38,450_port_cond_33-15_00x2_38m.png,unlabelled,main,minerva_bath_rowing_club/9_july_2021/run2,False
minerva_bath_rowing_club,9_july_2021,run2,450,port,34,15.0,35.59,450_port_cond_34-15_00x35_59m.png,unlabelled,main,minerva_bath_rowing_club/9_july_2021/run2,False
minerva_bath_rowing_club,9_july_2021,run2,450,port,35,15.0,16.48,450_port_cond_35-15_00x16_48m.png,unlabelled,main,minerva_bath_rowing_club/9_july_2021/run2,False
minerva_bath_rowing_club,9_july_2021,run2,450,port,4,15.0,18.22,450_port_cond_4-15_00x18_22m.png,unlabelled,main,minerva_bath_rowing_club/9_july_2021/run2,False
minerva_bath_rowing_club,9_july_2021,run2,450,port,5,15.0,16.97,450_port_cond_5-15_00x16_97m.png,unlabelled,main,minerva_bath_rowing_club/9_july_2021/run2,False
minerva_bath_rowing_club,9_july_2021,run2,450,port,6,15.0,15.63,450_port_cond_6-15_00x15_63m.png,unlabelled,main,minerva_bath_rowing_club/9_july_2021/run2,False
minerva_bath_rowing_club,9_july_2021,run2,450,port,7,15.0,15.82,450_port_cond_7-15_00x15_82m.png,unlabelled,main,minerva_bath_rowing_club/9_july_2021/run2,False
minerva_bath_rowing_club,9_july_2021,run2,450,port,8,15.0,18.18,450_port_cond_8-15_00x18_18m.png,unlabelled,main,minerva_bath_rowing_club/9_july_2021/run2,False
minerva_bath_rowing_club,9_july_2021,run2,450,port,9,15.0,21.09,450_port_cond_9-15_00x21_09m.png,unlabelled,main,minerva_bath_rowing_club/9_july_2021/run2,False
minerva_bath_rowing_club,9_july_2021,run2,450,stbd,1,15.0,14.46,450_stbd_cond_1-15_00x14_46m.png,unlabelled,main,minerva_bath_rowing_club/9_july_2021/run2,False
minerva_bath_rowing_club,9_july_2021,run2,450,stbd,10,15.0,23.83,450_stbd_cond_10-15_00x23_83m.png,unlabelled,main,minerva_bath_rowing_club/9_july_2021/run2,False
minerva_bath_rowing_club,9_july_2021,run2,450,stbd,11,15.0,24.93,450_stbd_cond_11-15_00x24_93m.png,unlabelled,main,minerva_bath_rowing_club/9_july_2021/run2,False
minerva_bath_rowing_club,9_july_2021,run2,450,stbd,12,15.0,26.04,450_stbd_cond_12-15_00x26_04m.png,unlabelled,main,minerva_bath_rowing_club/9_july_2021/run2,False
minerva_bath_rowing_club,9_july_2021,run2,450,stbd,13,15.0,25.75,450_stbd_cond_13-15_00x25_75m.png,unlabelled,main,minerva_bath_rowing_club/9_july_2021/run2,False
minerva_bath_rowing_club,9_july_2021,run2,450,stbd,14,15.0,23.03,450_stbd_cond_14-15_00x23_03m.png,unlabelled,main,minerva_bath_rowing_club/9_july_2021/run2,False
minerva_bath_rowing_club,9_july_2021,run2,450,stbd,15,15.0,26.05,450_stbd_cond_15-15_00x26_05m.png,unlabelled,main,minerva_bath_rowing_club/9_july_2021/run2,False
minerva_bath_rowing_club,9_july_2021,run2,450,stbd,16,15.0,17.2,450_stbd_cond_16-15_00x17_20m.png,unlabelled,main,minerva_bath_rowing_club/9_july_2021/run2,False
minerva_bath_rowing_club,9_july_2021,run2,450,stbd,17,15.0,8.5,450_stbd_cond_17-15_00x8_50m.png,unlabelled,main,minerva_bath_rowing_club/9_july_2021/run2,False
minerva_bath_rowing_club,9_july_2021,run2,450,stbd,18,15.0,17.87,450_stbd_cond_18-15_00x17_87m.png,unlabelled,main,minerva_bath_rowing_club/9_july_2021/run2,False
minerva_bath_rowing_club,9_july_2021,run2,450,stbd,19,15.0,24.25,450_stbd_cond_19-15_00x24_25m.png,unlabelled,main,minerva_bath_rowing_club/9_july_2021/run2,False
minerva_bath_rowing_club,9_july_2021,run2,450,stbd,2,15.0,19.15,450_stbd_cond_2-15_00x19_15m.png,unlabelled,main,minerva_bath_rowing_club/9_july_2021/run2,False
minerva_bath_rowing_club,9_july_2021,run2,450,stbd,20,15.0,29.38,450_stbd_cond_20-15_00x29_38m.png,unlabelled,main,minerva_bath_rowing_club/9_july_2021/run2,False
minerva_bath_rowing_club,9_july_2021,run2,450,stbd,21,15.0,36.16,450_stbd_cond_21-15_00x36_16m.png,unlabelled,main,minerva_bath_rowing_club/9_july_2021/run2,False
minerva_bath_rowing_club,9_july_2021,run2,450,stbd,22,15.0,42.31,450_stbd_cond_22-15_00x42_31m.png,unlabelled,main,minerva_bath_rowing_club/9_july_2021/run2,False
minerva_bath_rowing_club,9_july_2021,run2,450,stbd,23,15.0,43.5,450_stbd_cond_23-15_00x43_50m.png,unlabelled,main,minerva_bath_rowing_club/9_july_2021/run2,False
minerva_bath_rowing_club,9_july_2021,run2,450,stbd,24,15.0,36.8,450_stbd_cond_24-15_00x36_80m.png,unlabelled,main,minerva_bath_rowing_club/9_july_2021/run2,False
minerva_bath_rowing_club,9_july_2021,run2,450,stbd,25,15.0,28.57,450_stbd_cond_25-15_00x28_57m.png,unlabelled,main,minerva_bath_rowing_club/9_july_2021/run2,False
minerva_bath_rowing_club,9_july_2021,run2,450,stbd,26,15.0,20.61,450_stbd_cond_26-15_00x20_61m.png,unlabelled,main,minerva_bath_rowing_club/9_july_2021/run2,False
minerva_bath_rowing_club,9_july_2021,run2,450,stbd,27,15.0,39.27,450_stbd_cond_27-15_00x39_27m.png,unlabelled,main,minerva_bath_rowing_club/9_july_2021/run2,False
minerva_bath_rowing_club,9_july_2021,run2,450,stbd,28,15.0,40.17,450_stbd_cond_28-15_00x40_17m.png,unlabelled,main,minerva_bath_rowing_club/9_july_2021/run2,False
minerva_bath_rowing_club,9_july_2021,run2,450,stbd,29,15.0,40.76,450_stbd_cond_29-15_00x40_76m.png,unlabelled,main,minerva_bath_rowing_club/9_july_2021/run2,False
minerva_bath_rowing_club,9_july_2021,run2,450,stbd,3,15.0,19.1,450_stbd_cond_3-15_00x19_10m.png,unlabelled,main,minerva_bath_rowing_club/9_july_2021/run2,False
minerva_bath_rowing_club,9_july_2021,run2,450,stbd,30,15.0,41.73,450_stbd_cond_30-15_00x41_73m.png,unlabelled,main,minerva_bath_rowing_club/9_july_2021/run2,False
minerva_bath_rowing_club,9_july_2021,run2,450,stbd,31,15.0,42.65,450_stbd_cond_31-15_00x42_65m.png,unlabelled,main,minerva_bath_rowing_club/9_july_2021/run2,False
minerva_bath_rowing_club,9_july_2021,run2,450,stbd,32,15.0,42.7,450_stbd_cond_32-15_00x42_70m.png,unlabelled,main,minerva_bath_rowing_club/9_july_2021/run2,False
minerva_bath_rowing_club,9_july_2021,run2,450,stbd,33,15.0,2.38,450_stbd_cond_33-15_00x2_38m.png,unlabelled,main,minerva_bath_rowing_club/9_july_2021/run2,False
minerva_bath_rowing_club,9_july_2021,run2,450,stbd,34,15.0,35.59,450_stbd_cond_34-15_00x35_59m.png,unlabelled,main,minerva_bath_rowing_club/9_july_2021/run2,False
minerva_bath_rowing_club,9_july_2021,run2,450,stbd,35,15.0,16.48,450_stbd_cond_35-15_00x16_48m.png,unlabelled,main,minerva_bath_rowing_club/9_july_2021/run2,False
minerva_bath_rowing_club,9_july_2021,run2,450,stbd,4,15.0,18.22,450_stbd_cond_4-15_00x18_22m.png,unlabelled,main,minerva_bath_rowing_club/9_july_2021/run2,False
minerva_bath_rowing_club,9_july_2021,run2,450,stbd,5,15.0,16.97,450_stbd_cond_5-15_00x16_97m.png,unlabelled,main,minerva_bath_rowing_club/9_july_2021/run2,False
minerva_bath_rowing_club,9_july_2021,run2,450,stbd,6,15.0,15.63,450_stbd_cond_6-15_00x15_63m.png,unlabelled,main,minerva_bath_rowing_club/9_july_2021/run2,False
minerva_bath_rowing_club,9_july_2021,run2,450,stbd,7,15.0,15.82,450_stbd_cond_7-15_00x15_82m.png,unlabelled,main,minerva_bath_rowing_club/9_july_2021/run2,False
minerva_bath_rowing_club,9_july_2021,run2,450,stbd,8,15.0,18.18,450_stbd_cond_8-15_00x18_18m.png,unlabelled,main,minerva_bath_rowing_club/9_july_2021/run2,False
minerva_bath_rowing_club,9_july_2021,run2,450,stbd,9,15.0,21.09,450_stbd_cond_9-15_00x21_09m.png,unlabelled,main,minerva_bath_rowing_club/9_july_2021/run2,False
minerva_bath_rowing_club,9_july_2021,run3,990,port,1,15.0,29.42,990_port_cond_1-15_00x29_42m.png,unlabelled,main,minerva_bath_rowing_club/9_july_2021/run3,True
minerva_bath_rowing_club,9_july_2021,run3,990,port,10,15.0,20.94,990_port_cond_10-15_00x20_94m.png,unlabelled,main,minerva_bath_rowing_club/9_july_2021/run3,True
minerva_bath_rowing_club,9_july_2021,run3,990,port,11,15.0,20.63,990_port_cond_11-15_00x20_63m.png,unlabelled,main,minerva_bath_rowing_club/9_july_2021/run3,True
minerva_bath_rowing_club,9_july_2021,run3,990,port,12,15.0,18.97,990_port_cond_12-15_00x18_97m.png,unlabelled,main,minerva_bath_rowing_club/9_july_2021/run3,True
minerva_bath_rowing_club,9_july_2021,run3,990,port,13,15.0,20.05,990_port_cond_13-15_00x20_05m.png,unlabelled,main,minerva_bath_rowing_club/9_july_2021/run3,True
minerva_bath_rowing_club,9_july_2021,run3,990,port,14,15.0,20.25,990_port_cond_14-15_00x20_25m.png,unlabelled,main,minerva_bath_rowing_club/9_july_2021/run3,True
minerva_bath_rowing_club,9_july_2021,run3,990,port,15,15.0,19.55,990_port_cond_15-15_00x19_55m.png,unlabelled,main,minerva_bath_rowing_club/9_july_2021/run3,True
minerva_bath_rowing_club,9_july_2021,run3,990,port,16,15.0,18.91,990_port_cond_16-15_00x18_91m.png,unlabelled,main,minerva_bath_rowing_club/9_july_2021/run3,True
minerva_bath_rowing_club,9_july_2021,run3,990,port,17,15.0,18.96,990_port_cond_17-15_00x18_96m.png,unlabelled,main,minerva_bath_rowing_club/9_july_2021/run3,True
minerva_bath_rowing_club,9_july_2021,run3,990,port,18,15.0,18.15,990_port_cond_18-15_00x18_15m.png,unlabelled,main,minerva_bath_rowing_club/9_july_2021/run3,True
minerva_bath_rowing_club,9_july_2021,run3,990,port,19,15.0,16.93,990_port_cond_19-15_00x16_93m.png,unlabelled,main,minerva_bath_rowing_club/9_july_2021/run3,True
minerva_bath_rowing_club,9_july_2021,run3,990,port,2,15.0,15.16,990_port_cond_2-15_00x15_16m.png,unlabelled,main,minerva_bath_rowing_club/9_july_2021/run3,True
minerva_bath_rowing_club,9_july_2021,run3,990,port,20,15.0,15.96,990_port_cond_20-15_00x15_96m.png,unlabelled,main,minerva_bath_rowing_club/9_july_2021/run3,True
minerva_bath_rowing_club,9_july_2021,run3,990,port,21,15.0,15.71,990_port_cond_21-15_00x15_71m.png,unlabelled,main,minerva_bath_rowing_club/9_july_2021/run3,True
minerva_bath_rowing_club,9_july_2021,run3,990,port,22,15.0,18.21,990_port_cond_22-15_00x18_21m.png,unlabelled,main,minerva_bath_rowing_club/9_july_2021/run3,True
minerva_bath_rowing_club,9_july_2021,run3,990,port,23,15.0,20.91,990_port_cond_23-15_00x20_91m.png,unlabelled,main,minerva_bath_rowing_club/9_july_2021/run3,True
minerva_bath_rowing_club,9_july_2021,run3,990,port,24,15.0,23.81,990_port_cond_24-15_00x23_81m.png,unlabelled,main,minerva_bath_rowing_club/9_july_2021/run3,True
minerva_bath_rowing_club,9_july_2021,run3,990,port,25,15.0,24.76,990_port_cond_25-15_00x24_76m.png,unlabelled,main,minerva_bath_rowing_club/9_july_2021/run3,True
minerva_bath_rowing_club,9_july_2021,run3,990,port,26,15.0,25.99,990_port_cond_26-15_00x25_99m.png,unlabelled,main,minerva_bath_rowing_club/9_july_2021/run3,True
minerva_bath_rowing_club,9_july_2021,run3,990,port,27,15.0,25.63,990_port_cond_27-15_00x25_63m.png,unlabelled,main,minerva_bath_rowing_club/9_july_2021/run3,True
minerva_bath_rowing_club,9_july_2021,run3,990,port,28,15.0,26.39,990_port_cond_28-15_00x26_39m.png,unlabelled,main,minerva_bath_rowing_club/9_july_2021/run3,True
minerva_bath_rowing_club,9_july_2021,run3,990,port,29,15.0,25.96,990_port_cond_29-15_00x25_96m.png,unlabelled,main,minerva_bath_rowing_club/9_july_2021/run3,True
minerva_bath_rowing_club,9_july_2021,run3,990,port,3,15.0,16.69,990_port_cond_3-15_00x16_69m.png,unlabelled,main,minerva_bath_rowing_club/9_july_2021/run3,True
minerva_bath_rowing_club,9_july_2021,run3,990,port,30,15.0,17.15,990_port_cond_30-15_00x17_15m.png,unlabelled,main,minerva_bath_rowing_club/9_july_2021/run3,True
minerva_bath_rowing_club,9_july_2021,run3,990,port,31,15.0,8.33,990_port_cond_31-15_00x8_33m.png,unlabelled,main,minerva_bath_rowing_club/9_july_2021/run3,True
minerva_bath_rowing_club,9_july_2021,run3,990,port,32,15.0,17.48,990_port_cond_32-15_00x17_48m.png,unlabelled,main,minerva_bath_rowing_club/9_july_2021/run3,True
minerva_bath_rowing_club,9_july_2021,run3,990,port,33,15.0,24.46,990_port_cond_33-15_00x24_46m.png,unlabelled,main,minerva_bath_rowing_club/9_july_2021/run3,True
minerva_bath_rowing_club,9_july_2021,run3,990,port,34,15.0,29.54,990_port_cond_34-15_00x29_54m.png,unlabelled,main,minerva_bath_rowing_club/9_july_2021/run3,True
minerva_bath_rowing_club,9_july_2021,run3,990,port,35,15.0,36.28,990_port_cond_35-15_00x36_28m.png,unlabelled,main,minerva_bath_rowing_club/9_july_2021/run3,True
minerva_bath_rowing_club,9_july_2021,run3,990,port,36,15.0,42.21,990_port_cond_36-15_00x42_21m.png,unlabelled,main,minerva_bath_rowing_club/9_july_2021/run3,True
minerva_bath_rowing_club,9_july_2021,run3,990,port,37,15.0,43.67,990_port_cond_37-15_00x43_67m.png,unlabelled,main,minerva_bath_rowing_club/9_july_2021/run3,True
minerva_bath_rowing_club,9_july_2021,run3,990,port,38,15.0,36.76,990_port_cond_38-15_00x36_76m.png,unlabelled,main,minerva_bath_rowing_club/9_july_2021/run3,True
minerva_bath_rowing_club,9_july_2021,run3,990,port,39,15.0,28.86,990_port_cond_39-15_00x28_86m.png,unlabelled,main,minerva_bath_rowing_club/9_july_2021/run3,True
minerva_bath_rowing_club,9_july_2021,run3,990,port,4,15.0,17.57,990_port_cond_4-15_00x17_57m.png,unlabelled,main,minerva_bath_rowing_club/9_july_2021/run3,True
minerva_bath_rowing_club,9_july_2021,run3,990,port,40,15.0,20.52,990_port_cond_40-15_00x20_52m.png,unlabelled,main,minerva_bath_rowing_club/9_july_2021/run3,True
minerva_bath_rowing_club,9_july_2021,run3,990,port,41,15.0,39.22,990_port_cond_41-15_00x39_22m.png,unlabelled,main,minerva_bath_rowing_club/9_july_2021/run3,True
minerva_bath_rowing_club,9_july_2021,run3,990,port,42,15.0,39.97,990_port_cond_42-15_00x39_97m.png,unlabelled,main,minerva_bath_rowing_club/9_july_2021/run3,True
minerva_bath_rowing_club,9_july_2021,run3,990,port,43,15.0,41.41,990_port_cond_43-15_00x41_41m.png,unlabelled,main,minerva_bath_rowing_club/9_july_2021/run3,True
minerva_bath_rowing_club,9_july_2021,run3,990,port,44,15.0,41.71,990_port_cond_44-15_00x41_71m.png,unlabelled,main,minerva_bath_rowing_club/9_july_2021/run3,True
minerva_bath_rowing_club,9_july_2021,run3,990,port,45,15.0,42.6,990_port_cond_45-15_00x42_60m.png,unlabelled,main,minerva_bath_rowing_club/9_july_2021/run3,True
minerva_bath_rowing_club,9_july_2021,run3,990,port,46,15.0,42.98,990_port_cond_46-15_00x42_98m.png,unlabelled,main,minerva_bath_rowing_club/9_july_2021/run3,True
minerva_bath_rowing_club,9_july_2021,run3,990,port,47,15.0,4.83,990_port_cond_47-15_00x4_83m.png,unlabelled,main,minerva_bath_rowing_club/9_july_2021/run3,True
minerva_bath_rowing_club,9_july_2021,run3,990,port,48,15.0,35.87,990_port_cond_48-15_00x35_87m.png,unlabelled,main,minerva_bath_rowing_club/9_july_2021/run3,True
minerva_bath_rowing_club,9_july_2021,run3,990,port,5,15.0,18.17,990_port_cond_5-15_00x18_17m.png,unlabelled,main,minerva_bath_rowing_club/9_july_2021/run3,True
minerva_bath_rowing_club,9_july_2021,run3,990,port,6,15.0,19.14,990_port_cond_6-15_00x19_14m.png,unlabelled,main,minerva_bath_rowing_club/9_july_2021/run3,True
minerva_bath_rowing_club,9_july_2021,run3,990,port,7,15.0,19.97,990_port_cond_7-15_00x19_97m.png,unlabelled,main,minerva_bath_rowing_club/9_july_2021/run3,True
minerva_bath_rowing_club,9_july_2021,run3,990,port,8,15.0,20.91,990_port_cond_8-15_00x20_91m.png,unlabelled,main,minerva_bath_rowing_club/9_july_2021/run3,True
minerva_bath_rowing_club,9_july_2021,run3,990,port,9,15.0,21.54,990_port_cond_9-15_00x21_54m.png,unlabelled,main,minerva_bath_rowing_club/9_july_2021/run3,True
minerva_bath_rowing_club,9_july_2021,run3,990,stbd,1,15.0,29.42,990_stbd_cond_1-15_00x29_42m.png,unlabelled,main,minerva_bath_rowing_club/9_july_2021/run3,True
minerva_bath_rowing_club,9_july_2021,run3,990,stbd,10,15.0,20.94,990_stbd_cond_10-15_00x20_94m.png,unlabelled,main,minerva_bath_rowing_club/9_july_2021/run3,True
minerva_bath_rowing_club,9_july_2021,run3,990,stbd,11,15.0,20.63,990_stbd_cond_11-15_00x20_63m.png,unlabelled,main,minerva_bath_rowing_club/9_july_2021/run3,True
minerva_bath_rowing_club,9_july_2021,run3,990,stbd,12,15.0,18.97,990_stbd_cond_12-15_00x18_97m.png,unlabelled,main,minerva_bath_rowing_club/9_july_2021/run3,True
minerva_bath_rowing_club,9_july_2021,run3,990,stbd,13,15.0,20.05,990_stbd_cond_13-15_00x20_05m.png,unlabelled,main,minerva_bath_rowing_club/9_july_2021/run3,True
minerva_bath_rowing_club,9_july_2021,run3,990,stbd,14,15.0,20.25,990_stbd_cond_14-15_00x20_25m.png,unlabelled,main,minerva_bath_rowing_club/9_july_2021/run3,True
minerva_bath_rowing_club,9_july_2021,run3,990,stbd,15,15.0,19.55,990_stbd_cond_15-15_00x19_55m.png,unlabelled,main,minerva_bath_rowing_club/9_july_2021/run3,True
minerva_bath_rowing_club,9_july_2021,run3,990,stbd,16,15.0,18.91,990_stbd_cond_16-15_00x18_91m.png,unlabelled,main,minerva_bath_rowing_club/9_july_2021/run3,True
minerva_bath_rowing_club,9_july_2021,run3,990,stbd,17,15.0,18.96,990_stbd_cond_17-15_00x18_96m.png,unlabelled,main,minerva_bath_rowing_club/9_july_2021/run3,True
minerva_bath_rowing_club,9_july_2021,run3,990,stbd,18,15.0,18.15,990_stbd_cond_18-15_00x18_15m.png,unlabelled,main,minerva_bath_rowing_club/9_july_2021/run3,True
minerva_bath_rowing_club,9_july_2021,run3,990,stbd,19,15.0,16.93,990_stbd_cond_19-15_00x16_93m.png,unlabelled,main,minerva_bath_rowing_club/9_july_2021/run3,True
minerva_bath_rowing_club,9_july_2021,run3,990,stbd,2,15.0,15.16,990_stbd_cond_2-15_00x15_16m.png,unlabelled,main,minerva_bath_rowing_club/9_july_2021/run3,True
minerva_bath_rowing_club,9_july_2021,run3,990,stbd,20,15.0,15.96,990_stbd_cond_20-15_00x15_96m.png,unlabelled,main,minerva_bath_rowing_club/9_july_2021/run3,True
minerva_bath_rowing_club,9_july_2021,run3,990,stbd,21,15.0,15.71,990_stbd_cond_21-15_00x15_71m.png,unlabelled,main,minerva_bath_rowing_club/9_july_2021/run3,True
minerva_bath_rowing_club,9_july_2021,run3,990,stbd,22,15.0,18.21,990_stbd_cond_22-15_00x18_21m.png,unlabelled,main,minerva_bath_rowing_club/9_july_2021/run3,True
minerva_bath_rowing_club,9_july_2021,run3,990,stbd,23,15.0,20.91,990_stbd_cond_23-15_00x20_91m.png,unlabelled,main,minerva_bath_rowing_club/9_july_2021/run3,True
minerva_bath_rowing_club,9_july_2021,run3,990,stbd,24,15.0,23.81,990_stbd_cond_24-15_00x23_81m.png,unlabelled,main,minerva_bath_rowing_club/9_july_2021/run3,True
minerva_bath_rowing_club,9_july_2021,run3,990,stbd,25,15.0,24.76,990_stbd_cond_25-15_00x24_76m.png,unlabelled,main,minerva_bath_rowing_club/9_july_2021/run3,True
minerva_bath_rowing_club,9_july_2021,run3,990,stbd,26,15.0,25.99,990_stbd_cond_26-15_00x25_99m.png,unlabelled,main,minerva_bath_rowing_club/9_july_2021/run3,True
minerva_bath_rowing_club,9_july_2021,run3,990,stbd,27,15.0,25.63,990_stbd_cond_27-15_00x25_63m.png,unlabelled,main,minerva_bath_rowing_club/9_july_2021/run3,True
minerva_bath_rowing_club,9_july_2021,run3,990,stbd,28,15.0,26.39,990_stbd_cond_28-15_00x26_39m.png,unlabelled,main,minerva_bath_rowing_club/9_july_2021/run3,True
minerva_bath_rowing_club,9_july_2021,run3,990,stbd,29,15.0,25.96,990_stbd_cond_29-15_00x25_96m.png,unlabelled,main,minerva_bath_rowing_club/9_july_2021/run3,True
minerva_bath_rowing_club,9_july_2021,run3,990,stbd,3,15.0,16.69,990_stbd_cond_3-15_00x16_69m.png,unlabelled,main,minerva_bath_rowing_club/9_july_2021/run3,True
minerva_bath_rowing_club,9_july_2021,run3,990,stbd,30,15.0,17.15,990_stbd_cond_30-15_00x17_15m.png,unlabelled,main,minerva_bath_rowing_club/9_july_2021/run3,True
minerva_bath_rowing_club,9_july_2021,run3,990,stbd,31,15.0,8.33,990_stbd_cond_31-15_00x8_33m.png,unlabelled,main,minerva_bath_rowing_club/9_july_2021/run3,True
minerva_bath_rowing_club,9_july_2021,run3,990,stbd,32,15.0,17.48,990_stbd_cond_32-15_00x17_48m.png,unlabelled,main,minerva_bath_rowing_club/9_july_2021/run3,True
minerva_bath_rowing_club,9_july_2021,run3,990,stbd,33,15.0,24.46,990_stbd_cond_33-15_00x24_46m.png,unlabelled,main,minerva_bath_rowing_club/9_july_2021/run3,True
minerva_bath_rowing_club,9_july_2021,run3,990,stbd,34,15.0,29.54,990_stbd_cond_34-15_00x29_54m.png,unlabelled,main,minerva_bath_rowing_club/9_july_2021/run3,True
minerva_bath_rowing_club,9_july_2021,run3,990,stbd,35,15.0,36.28,990_stbd_cond_35-15_00x36_28m.png,unlabelled,main,minerva_bath_rowing_club/9_july_2021/run3,True
minerva_bath_rowing_club,9_july_2021,run3,990,stbd,36,15.0,42.21,990_stbd_cond_36-15_00x42_21m.png,unlabelled,main,minerva_bath_rowing_club/9_july_2021/run3,True
minerva_bath_rowing_club,9_july_2021,run3,990,stbd,37,15.0,43.67,990_stbd_cond_37-15_00x43_67m.png,unlabelled,main,minerva_bath_rowing_club/9_july_2021/run3,True
minerva_bath_rowing_club,9_july_2021,run3,990,stbd,38,15.0,36.76,990_stbd_cond_38-15_00x36_76m.png,unlabelled,main,minerva_bath_rowing_club/9_july_2021/run3,True
minerva_bath_rowing_club,9_july_2021,run3,990,stbd,39,15.0,28.86,990_stbd_cond_39-15_00x28_86m.png,unlabelled,main,minerva_bath_rowing_club/9_july_2021/run3,True
minerva_bath_rowing_club,9_july_2021,run3,990,stbd,4,15.0,17.57,990_stbd_cond_4-15_00x17_57m.png,unlabelled,main,minerva_bath_rowing_club/9_july_2021/run3,True
minerva_bath_rowing_club,9_july_2021,run3,990,stbd,40,15.0,20.52,990_stbd_cond_40-15_00x20_52m.png,unlabelled,main,minerva_bath_rowing_club/9_july_2021/run3,True
minerva_bath_rowing_club,9_july_2021,run3,990,stbd,41,15.0,39.22,990_stbd_cond_41-15_00x39_22m.png,unlabelled,main,minerva_bath_rowing_club/9_july_2021/run3,True
minerva_bath_rowing_club,9_july_2021,run3,990,stbd,42,15.0,39.97,990_stbd_cond_42-15_00x39_97m.png,unlabelled,main,minerva_bath_rowing_club/9_july_2021/run3,True
minerva_bath_rowing_club,9_july_2021,run3,990,stbd,43,15.0,41.41,990_stbd_cond_43-15_00x41_41m.png,unlabelled,main,minerva_bath_rowing_club/9_july_2021/run3,True
minerva_bath_rowing_club,9_july_2021,run3,990,stbd,44,15.0,41.71,990_stbd_cond_44-15_00x41_71m.png,unlabelled,main,minerva_bath_rowing_club/9_july_2021/run3,True
minerva_bath_rowing_club,9_july_2021,run3,990,stbd,45,15.0,42.6,990_stbd_cond_45-15_00x42_60m.png,unlabelled,main,minerva_bath_rowing_club/9_july_2021/run3,True
minerva_bath_rowing_club,9_july_2021,run3,990,stbd,46,15.0,42.98,990_stbd_cond_46-15_00x42_98m.png,unlabelled,main,minerva_bath_rowing_club/9_july_2021/run3,True
minerva_bath_rowing_club,9_july_2021,run3,990,stbd,47,15.0,4.83,990_stbd_cond_47-15_00x4_83m.png,unlabelled,main,minerva_bath_rowing_club/9_july_2021/run3,True
minerva_bath_rowing_club,9_july_2021,run3,990,stbd,48,15.0,35.87,990_stbd_cond_48-15_00x35_87m.png,unlabelled,main,minerva_bath_rowing_club/9_july_2021/run3,True
minerva_bath_rowing_club,9_july_2021,run3,990,stbd,5,15.0,18.17,990_stbd_cond_5-15_00x18_17m.png,unlabelled,main,minerva_bath_rowing_club/9_july_2021/run3,True
minerva_bath_rowing_club,9_july_2021,run3,990,stbd,6,15.0,19.14,990_stbd_cond_6-15_00x19_14m.png,unlabelled,main,minerva_bath_rowing_club/9_july_2021/run3,True
minerva_bath_rowing_club,9_july_2021,run3,990,stbd,7,15.0,19.97,990_stbd_cond_7-15_00x19_97m.png,unlabelled,main,minerva_bath_rowing_club/9_july_2021/run3,True
minerva_bath_rowing_club,9_july_2021,run3,990,stbd,8,15.0,20.91,990_stbd_cond_8-15_00x20_91m.png,unlabelled,main,minerva_bath_rowing_club/9_july_2021/run3,True
minerva_bath_rowing_club,9_july_2021,run3,990,stbd,9,15.0,21.54,990_stbd_cond_9-15_00x21_54m.png,unlabelled,main,minerva_bath_rowing_club/9_july_2021/run3,True
minerva_bath_rowing_club,9_july_2021,run3,450,port,1,15.0,29.42,450_port_cond_1-15_00x29_42m.png,unlabelled,main,minerva_bath_rowing_club/9_july_2021/run3,False
minerva_bath_rowing_club,9_july_2021,run3,450,port,10,15.0,20.94,450_port_cond_10-15_00x20_94m.png,unlabelled,main,minerva_bath_rowing_club/9_july_2021/run3,False
minerva_bath_rowing_club,9_july_2021,run3,450,port,11,15.0,20.63,450_port_cond_11-15_00x20_63m.png,unlabelled,main,minerva_bath_rowing_club/9_july_2021/run3,False
minerva_bath_rowing_club,9_july_2021,run3,450,port,12,15.0,18.97,450_port_cond_12-15_00x18_97m.png,unlabelled,main,minerva_bath_rowing_club/9_july_2021/run3,False
minerva_bath_rowing_club,9_july_2021,run3,450,port,13,15.0,19.81,450_port_cond_13-15_00x19_81m.png,unlabelled,main,minerva_bath_rowing_club/9_july_2021/run3,False
minerva_bath_rowing_club,9_july_2021,run3,450,port,14,15.0,20.25,450_port_cond_14-15_00x20_25m.png,unlabelled,main,minerva_bath_rowing_club/9_july_2021/run3,False
minerva_bath_rowing_club,9_july_2021,run3,450,port,15,15.0,19.55,450_port_cond_15-15_00x19_55m.png,unlabelled,main,minerva_bath_rowing_club/9_july_2021/run3,False
minerva_bath_rowing_club,9_july_2021,run3,450,port,16,15.0,18.91,450_port_cond_16-15_00x18_91m.png,unlabelled,main,minerva_bath_rowing_club/9_july_2021/run3,False
minerva_bath_rowing_club,9_july_2021,run3,450,port,17,15.0,18.96,450_port_cond_17-15_00x18_96m.png,unlabelled,main,minerva_bath_rowing_club/9_july_2021/run3,False
minerva_bath_rowing_club,9_july_2021,run3,450,port,18,15.0,18.15,450_port_cond_18-15_00x18_15m.png,unlabelled,main,minerva_bath_rowing_club/9_july_2021/run3,False
minerva_bath_rowing_club,9_july_2021,run3,450,port,19,15.0,16.93,450_port_cond_19-15_00x16_93m.png,unlabelled,main,minerva_bath_rowing_club/9_july_2021/run3,False
minerva_bath_rowing_club,9_july_2021,run3,450,port,2,15.0,15.16,450_port_cond_2-15_00x15_16m.png,unlabelled,main,minerva_bath_rowing_club/9_july_2021/run3,False
minerva_bath_rowing_club,9_july_2021,run3,450,port,20,15.0,15.96,450_port_cond_20-15_00x15_96m.png,unlabelled,main,minerva_bath_rowing_club/9_july_2021/run3,False
minerva_bath_rowing_club,9_july_2021,run3,450,port,21,15.0,15.71,450_port_cond_21-15_00x15_71m.png,unlabelled,main,minerva_bath_rowing_club/9_july_2021/run3,False
minerva_bath_rowing_club,9_july_2021,run3,450,port,22,15.0,18.21,450_port_cond_22-15_00x18_21m.png,unlabelled,main,minerva_bath_rowing_club/9_july_2021/run3,False
minerva_bath_rowing_club,9_july_2021,run3,450,port,23,15.0,20.91,450_port_cond_23-15_00x20_91m.png,unlabelled,main,minerva_bath_rowing_club/9_july_2021/run3,False
minerva_bath_rowing_club,9_july_2021,run3,450,port,24,15.0,23.81,450_port_cond_24-15_00x23_81m.png,unlabelled,main,minerva_bath_rowing_club/9_july_2021/run3,False
minerva_bath_rowing_club,9_july_2021,run3,450,port,25,15.0,24.76,450_port_cond_25-15_00x24_76m.png,unlabelled,main,minerva_bath_rowing_club/9_july_2021/run3,False
minerva_bath_rowing_club,9_july_2021,run3,450,port,26,15.0,25.99,450_port_cond_26-15_00x25_99m.png,unlabelled,main,minerva_bath_rowing_club/9_july_2021/run3,False
minerva_bath_rowing_club,9_july_2021,run3,450,port,27,15.0,25.63,450_port_cond_27-15_00x25_63m.png,unlabelled,main,minerva_bath_rowing_club/9_july_2021/run3,False
minerva_bath_rowing_club,9_july_2021,run3,450,port,28,15.0,26.39,450_port_cond_28-15_00x26_39m.png,unlabelled,main,minerva_bath_rowing_club/9_july_2021/run3,False
minerva_bath_rowing_club,9_july_2021,run3,450,port,29,15.0,25.96,450_port_cond_29-15_00x25_96m.png,unlabelled,main,minerva_bath_rowing_club/9_july_2021/run3,False
minerva_bath_rowing_club,9_july_2021,run3,450,port,3,15.0,16.69,450_port_cond_3-15_00x16_69m.png,unlabelled,main,minerva_bath_rowing_club/9_july_2021/run3,False
minerva_bath_rowing_club,9_july_2021,run3,450,port,30,15.0,17.15,450_port_cond_30-15_00x17_15m.png,unlabelled,main,minerva_bath_rowing_club/9_july_2021/run3,False
minerva_bath_rowing_club,9_july_2021,run3,450,port,31,15.0,8.33,450_port_cond_31-15_00x8_33m.png,unlabelled,main,minerva_bath_rowing_club/9_july_2021/run3,False
minerva_bath_rowing_club,9_july_2021,run3,450,port,32,15.0,17.48,450_port_cond_32-15_00x17_48m.png,unlabelled,main,minerva_bath_rowing_club/9_july_2021/run3,False
minerva_bath_rowing_club,9_july_2021,run3,450,port,33,15.0,24.46,450_port_cond_33-15_00x24_46m.png,unlabelled,main,minerva_bath_rowing_club/9_july_2021/run3,False
minerva_bath_rowing_club,9_july_2021,run3,450,port,34,15.0,29.54,450_port_cond_34-15_00x29_54m.png,unlabelled,main,minerva_bath_rowing_club/9_july_2021/run3,False
minerva_bath_rowing_club,9_july_2021,run3,450,port,35,15.0,36.28,450_port_cond_35-15_00x36_28m.png,unlabelled,main,minerva_bath_rowing_club/9_july_2021/run3,False
minerva_bath_rowing_club,9_july_2021,run3,450,port,36,15.0,42.21,450_port_cond_36-15_00x42_21m.png,unlabelled,main,minerva_bath_rowing_club/9_july_2021/run3,False
minerva_bath_rowing_club,9_july_2021,run3,450,port,37,15.0,43.67,450_port_cond_37-15_00x43_67m.png,unlabelled,main,minerva_bath_rowing_club/9_july_2021/run3,False
minerva_bath_rowing_club,9_july_2021,run3,450,port,38,15.0,36.76,450_port_cond_38-15_00x36_76m.png,unlabelled,main,minerva_bath_rowing_club/9_july_2021/run3,False
minerva_bath_rowing_club,9_july_2021,run3,450,port,39,15.0,28.74,450_port_cond_39-15_00x28_74m.png,unlabelled,main,minerva_bath_rowing_club/9_july_2021/run3,False
minerva_bath_rowing_club,9_july_2021,run3,450,port,4,15.0,17.57,450_port_cond_4-15_00x17_57m.png,unlabelled,main,minerva_bath_rowing_club/9_july_2021/run3,False
minerva_bath_rowing_club,9_july_2021,run3,450,port,40,15.0,20.52,450_port_cond_40-15_00x20_52m.png,unlabelled,main,minerva_bath_rowing_club/9_july_2021/run3,False
minerva_bath_rowing_club,9_july_2021,run3,450,port,41,15.0,39.22,450_port_cond_41-15_00x39_22m.png,unlabelled,main,minerva_bath_rowing_club/9_july_2021/run3,False
minerva_bath_rowing_club,9_july_2021,run3,450,port,42,15.0,39.97,450_port_cond_42-15_00x39_97m.png,unlabelled,main,minerva_bath_rowing_club/9_july_2021/run3,False
minerva_bath_rowing_club,9_july_2021,run3,450,port,43,15.0,41.41,450_port_cond_43-15_00x41_41m.png,unlabelled,main,minerva_bath_rowing_club/9_july_2021/run3,False
minerva_bath_rowing_club,9_july_2021,run3,450,port,44,15.0,41.71,450_port_cond_44-15_00x41_71m.png,unlabelled,main,minerva_bath_rowing_club/9_july_2021/run3,False
minerva_bath_rowing_club,9_july_2021,run3,450,port,45,15.0,42.6,450_port_cond_45-15_00x42_60m.png,unlabelled,main,minerva_bath_rowing_club/9_july_2021/run3,False
minerva_bath_rowing_club,9_july_2021,run3,450,port,46,15.0,42.98,450_port_cond_46-15_00x42_98m.png,unlabelled,main,minerva_bath_rowing_club/9_july_2021/run3,False
minerva_bath_rowing_club,9_july_2021,run3,450,port,47,15.0,4.83,450_port_cond_47-15_00x4_83m.png,unlabelled,main,minerva_bath_rowing_club/9_july_2021/run3,False
minerva_bath_rowing_club,9_july_2021,run3,450,port,48,15.0,35.87,450_port_cond_48-15_00x35_87m.png,unlabelled,main,minerva_bath_rowing_club/9_july_2021/run3,False
minerva_bath_rowing_club,9_july_2021,run3,450,port,5,15.0,18.17,450_port_cond_5-15_00x18_17m.png,unlabelled,main,minerva_bath_rowing_club/9_july_2021/run3,False
minerva_bath_rowing_club,9_july_2021,run3,450,port,6,15.0,19.14,450_port_cond_6-15_00x19_14m.png,unlabelled,main,minerva_bath_rowing_club/9_july_2021/run3,False
minerva_bath_rowing_club,9_july_2021,run3,450,port,7,15.0,19.97,450_port_cond_7-15_00x19_97m.png,unlabelled,main,minerva_bath_rowing_club/9_july_2021/run3,False
minerva_bath_rowing_club,9_july_2021,run3,450,port,8,15.0,20.91,450_port_cond_8-15_00x20_91m.png,unlabelled,main,minerva_bath_rowing_club/9_july_2021/run3,False
minerva_bath_rowing_club,9_july_2021,run3,450,port,9,15.0,21.54,450_port_cond_9-15_00x21_54m.png,unlabelled,main,minerva_bath_rowing_club/9_july_2021/run3,False
minerva_bath_rowing_club,9_july_2021,run3,450,stbd,1,15.0,29.42,450_stbd_cond_1-15_00x29_42m.png,unlabelled,main,minerva_bath_rowing_club/9_july_2021/run3,False
minerva_bath_rowing_club,9_july_2021,run3,450,stbd,10,15.0,20.94,450_stbd_cond_10-15_00x20_94m.png,unlabelled,main,minerva_bath_rowing_club/9_july_2021/run3,False
minerva_bath_rowing_club,9_july_2021,run3,450,stbd,11,15.0,20.63,450_stbd_cond_11-15_00x20_63m.png,unlabelled,main,minerva_bath_rowing_club/9_july_2021/run3,False
minerva_bath_rowing_club,9_july_2021,run3,450,stbd,12,15.0,18.97,450_stbd_cond_12-15_00x18_97m.png,unlabelled,main,minerva_bath_rowing_club/9_july_2021/run3,False
minerva_bath_rowing_club,9_july_2021,run3,450,stbd,13,15.0,19.81,450_stbd_cond_13-15_00x19_81m.png,unlabelled,main,minerva_bath_rowing_club/9_july_2021/run3,False
minerva_bath_rowing_club,9_july_2021,run3,450,stbd,14,15.0,20.25,450_stbd_cond_14-15_00x20_25m.png,unlabelled,main,minerva_bath_rowing_club/9_july_2021/run3,False
minerva_bath_rowing_club,9_july_2021,run3,450,stbd,15,15.0,19.55,450_stbd_cond_15-15_00x19_55m.png,unlabelled,main,minerva_bath_rowing_club/9_july_2021/run3,False
minerva_bath_rowing_club,9_july_2021,run3,450,stbd,16,15.0,18.91,450_stbd_cond_16-15_00x18_91m.png,unlabelled,main,minerva_bath_rowing_club/9_july_2021/run3,False
minerva_bath_rowing_club,9_july_2021,run3,450,stbd,17,15.0,18.96,450_stbd_cond_17-15_00x18_96m.png,unlabelled,main,minerva_bath_rowing_club/9_july_2021/run3,False
minerva_bath_rowing_club,9_july_2021,run3,450,stbd,18,15.0,18.15,450_stbd_cond_18-15_00x18_15m.png,unlabelled,main,minerva_bath_rowing_club/9_july_2021/run3,False
minerva_bath_rowing_club,9_july_2021,run3,450,stbd,19,15.0,16.93,450_stbd_cond_19-15_00x16_93m.png,unlabelled,main,minerva_bath_rowing_club/9_july_2021/run3,False
minerva_bath_rowing_club,9_july_2021,run3,450,stbd,2,15.0,15.16,450_stbd_cond_2-15_00x15_16m.png,unlabelled,main,minerva_bath_rowing_club/9_july_2021/run3,False
minerva_bath_rowing_club,9_july_2021,run3,450,stbd,20,15.0,15.96,450_stbd_cond_20-15_00x15_96m.png,unlabelled,main,minerva_bath_rowing_club/9_july_2021/run3,False
minerva_bath_rowing_club,9_july_2021,run3,450,stbd,21,15.0,15.71,450_stbd_cond_21-15_00x15_71m.png,unlabelled,main,minerva_bath_rowing_club/9_july_2021/run3,False
minerva_bath_rowing_club,9_july_2021,run3,450,stbd,22,15.0,18.21,450_stbd_cond_22-15_00x18_21m.png,unlabelled,main,minerva_bath_rowing_club/9_july_2021/run3,False
minerva_bath_rowing_club,9_july_2021,run3,450,stbd,23,15.0,20.91,450_stbd_cond_23-15_00x20_91m.png,unlabelled,main,minerva_bath_rowing_club/9_july_2021/run3,False
minerva_bath_rowing_club,9_july_2021,run3,450,stbd,24,15.0,23.81,450_stbd_cond_24-15_00x23_81m.png,unlabelled,main,minerva_bath_rowing_club/9_july_2021/run3,False
minerva_bath_rowing_club,9_july_2021,run3,450,stbd,25,15.0,24.76,450_stbd_cond_25-15_00x24_76m.png,unlabelled,main,minerva_bath_rowing_club/9_july_2021/run3,False
minerva_bath_rowing_club,9_july_2021,run3,450,stbd,26,15.0,25.99,450_stbd_cond_26-15_00x25_99m.png,unlabelled,main,minerva_bath_rowing_club/9_july_2021/run3,False
minerva_bath_rowing_club,9_july_2021,run3,450,stbd,27,15.0,25.63,450_stbd_cond_27-15_00x25_63m.png,unlabelled,main,minerva_bath_rowing_club/9_july_2021/run3,False
minerva_bath_rowing_club,9_july_2021,run3,450,stbd,28,15.0,26.39,450_stbd_cond_28-15_00x26_39m.png,unlabelled,main,minerva_bath_rowing_club/9_july_2021/run3,False
minerva_bath_rowing_club,9_july_2021,run3,450,stbd,29,15.0,25.96,450_stbd_cond_29-15_00x25_96m.png,unlabelled,main,minerva_bath_rowing_club/9_july_2021/run3,False
minerva_bath_rowing_club,9_july_2021,run3,450,stbd,3,15.0,16.69,450_stbd_cond_3-15_00x16_69m.png,unlabelled,main,minerva_bath_rowing_club/9_july_2021/run3,False
minerva_bath_rowing_club,9_july_2021,run3,450,stbd,30,15.0,17.15,450_stbd_cond_30-15_00x17_15m.png,unlabelled,main,minerva_bath_rowing_club/9_july_2021/run3,False
minerva_bath_rowing_club,9_july_2021,run3,450,stbd,31,15.0,8.33,450_stbd_cond_31-15_00x8_33m.png,unlabelled,main,minerva_bath_rowing_club/9_july_2021/run3,False
minerva_bath_rowing_club,9_july_2021,run3,450,stbd,32,15.0,17.48,450_stbd_cond_32-15_00x17_48m.png,unlabelled,main,minerva_bath_rowing_club/9_july_2021/run3,False
minerva_bath_rowing_club,9_july_2021,run3,450,stbd,33,15.0,24.46,450_stbd_cond_33-15_00x24_46m.png,unlabelled,main,minerva_bath_rowing_club/9_july_2021/run3,False
minerva_bath_rowing_club,9_july_2021,run3,450,stbd,34,15.0,29.54,450_stbd_cond_34-15_00x29_54m.png,unlabelled,main,minerva_bath_rowing_club/9_july_2021/run3,False
minerva_bath_rowing_club,9_july_2021,run3,450,stbd,35,15.0,36.28,450_stbd_cond_35-15_00x36_28m.png,unlabelled,main,minerva_bath_rowing_club/9_july_2021/run3,False
minerva_bath_rowing_club,9_july_2021,run3,450,stbd,36,15.0,42.21,450_stbd_cond_36-15_00x42_21m.png,unlabelled,main,minerva_bath_rowing_club/9_july_2021/run3,False
minerva_bath_rowing_club,9_july_2021,run3,450,stbd,37,15.0,43.67,450_stbd_cond_37-15_00x43_67m.png,unlabelled,main,minerva_bath_rowing_club/9_july_2021/run3,False
minerva_bath_rowing_club,9_july_2021,run3,450,stbd,38,15.0,36.76,450_stbd_cond_38-15_00x36_76m.png,unlabelled,main,minerva_bath_rowing_club/9_july_2021/run3,False
minerva_bath_rowing_club,9_july_2021,run3,450,stbd,39,15.0,28.74,450_stbd_cond_39-15_00x28_74m.png,unlabelled,main,minerva_bath_rowing_club/9_july_2021/run3,False
minerva_bath_rowing_club,9_july_2021,run3,450,stbd,4,15.0,17.57,450_stbd_cond_4-15_00x17_57m.png,unlabelled,main,minerva_bath_rowing_club/9_july_2021/run3,False
minerva_bath_rowing_club,9_july_2021,run3,450,stbd,40,15.0,20.52,450_stbd_cond_40-15_00x20_52m.png,unlabelled,main,minerva_bath_rowing_club/9_july_2021/run3,False
minerva_bath_rowing_club,9_july_2021,run3,450,stbd,41,15.0,39.22,450_stbd_cond_41-15_00x39_22m.png,unlabelled,main,minerva_bath_rowing_club/9_july_2021/run3,False
minerva_bath_rowing_club,9_july_2021,run3,450,stbd,42,15.0,39.97,450_stbd_cond_42-15_00x39_97m.png,unlabelled,main,minerva_bath_rowing_club/9_july_2021/run3,False
minerva_bath_rowing_club,9_july_2021,run3,450,stbd,43,15.0,41.41,450_stbd_cond_43-15_00x41_41m.png,unlabelled,main,minerva_bath_rowing_club/9_july_2021/run3,False
minerva_bath_rowing_club,9_july_2021,run3,450,stbd,44,15.0,41.71,450_stbd_cond_44-15_00x41_71m.png,unlabelled,main,minerva_bath_rowing_club/9_july_2021/run3,False
minerva_bath_rowing_club,9_july_2021,run3,450,stbd,45,15.0,42.6,450_stbd_cond_45-15_00x42_60m.png,unlabelled,main,minerva_bath_rowing_club/9_july_2021/run3,False
minerva_bath_rowing_club,9_july_2021,run3,450,stbd,46,15.0,42.98,450_stbd_cond_46-15_00x42_98m.png,unlabelled,main,minerva_bath_rowing_club/9_july_2021/run3,False
minerva_bath_rowing_club,9_july_2021,run3,450,stbd,47,15.0,4.83,450_stbd_cond_47-15_00x4_83m.png,unlabelled,main,minerva_bath_rowing_club/9_july_2021/run3,False
minerva_bath_rowing_club,9_july_2021,run3,450,stbd,48,15.0,35.87,450_stbd_cond_48-15_00x35_87m.png,unlabelled,main,minerva_bath_rowing_club/9_july_2021/run3,False
minerva_bath_rowing_club,9_july_2021,run3,450,stbd,5,15.0,18.17,450_stbd_cond_5-15_00x18_17m.png,unlabelled,main,minerva_bath_rowing_club/9_july_2021/run3,False
minerva_bath_rowing_club,9_july_2021,run3,450,stbd,6,15.0,19.14,450_stbd_cond_6-15_00x19_14m.png,unlabelled,main,minerva_bath_rowing_club/9_july_2021/run3,False
minerva_bath_rowing_club,9_july_2021,run3,450,stbd,7,15.0,19.97,450_stbd_cond_7-15_00x19_97m.png,unlabelled,main,minerva_bath_rowing_club/9_july_2021/run3,False
minerva_bath_rowing_club,9_july_2021,run3,450,stbd,8,15.0,20.91,450_stbd_cond_8-15_00x20_91m.png,unlabelled,main,minerva_bath_rowing_club/9_july_2021/run3,False
minerva_bath_rowing_club,9_july_2021,run3,450,stbd,9,15.0,21.54,450_stbd_cond_9-15_00x21_54m.png,unlabelled,main,minerva_bath_rowing_club/9_july_2021/run3,False
underfall_yard,10_oct_2019,run1,990,port,1,15.0,12.74,990_port_cond_1-15_00x12_74m.png,unlabelled,main,underfall_yard/10_oct_2019/run1,True
underfall_yard,10_oct_2019,run1,990,port,10,15.0,14.65,990_port_cond_10-15_00x14_65m.png,unlabelled,main,underfall_yard/10_oct_2019/run1,True
underfall_yard,10_oct_2019,run1,990,port,11,15.0,14.03,990_port_cond_11-15_00x14_03m.png,unlabelled,main,underfall_yard/10_oct_2019/run1,True
underfall_yard,10_oct_2019,run1,990,port,12,15.0,14.01,990_port_cond_12-15_00x14_01m.png,unlabelled,main,underfall_yard/10_oct_2019/run1,True
underfall_yard,10_oct_2019,run1,990,port,13,15.0,13.51,990_port_cond_13-15_00x13_51m.png,unlabelled,main,underfall_yard/10_oct_2019/run1,True
underfall_yard,10_oct_2019,run1,990,port,14,15.0,13.62,990_port_cond_14-15_00x13_62m.png,unlabelled,main,underfall_yard/10_oct_2019/run1,True
underfall_yard,10_oct_2019,run1,990,port,15,15.0,13.38,990_port_cond_15-15_00x13_38m.png,unlabelled,main,underfall_yard/10_oct_2019/run1,True
underfall_yard,10_oct_2019,run1,990,port,16,15.0,11.08,990_port_cond_16-15_00x11_08m.png,unlabelled,main,underfall_yard/10_oct_2019/run1,True
underfall_yard,10_oct_2019,run1,990,port,17,15.0,12.32,990_port_cond_17-15_00x12_32m.png,unlabelled,main,underfall_yard/10_oct_2019/run1,True
underfall_yard,10_oct_2019,run1,990,port,18,15.0,11.44,990_port_cond_18-15_00x11_44m.png,unlabelled,main,underfall_yard/10_oct_2019/run1,True
underfall_yard,10_oct_2019,run1,990,port,19,15.0,12.14,990_port_cond_19-15_00x12_14m.png,unlabelled,main,underfall_yard/10_oct_2019/run1,True
underfall_yard,10_oct_2019,run1,990,port,2,15.0,12.55,990_port_cond_2-15_00x12_55m.png,unlabelled,main,underfall_yard/10_oct_2019/run1,True
underfall_yard,10_oct_2019,run1,990,port,20,15.0,11.77,990_port_cond_20-15_00x11_77m.png,unlabelled,main,underfall_yard/10_oct_2019/run1,True
underfall_yard,10_oct_2019,run1,990,port,21,15.0,11.39,990_port_cond_21-15_00x11_39m.png,unlabelled,main,underfall_yard/10_oct_2019/run1,True
underfall_yard,10_oct_2019,run1,990,port,22,15.0,12.06,990_port_cond_22-15_00x12_06m.png,unlabelled,main,underfall_yard/10_oct_2019/run1,True
underfall_yard,10_oct_2019,run1,990,port,23,15.0,11.72,990_port_cond_23-15_00x11_72m.png,unlabelled,main,underfall_yard/10_oct_2019/run1,True
underfall_yard,10_oct_2019,run1,990,port,24,15.0,11.82,990_port_cond_24-15_00x11_82m.png,unlabelled,main,underfall_yard/10_oct_2019/run1,True
underfall_yard,10_oct_2019,run1,990,port,25,15.0,4.62,990_port_cond_25-15_00x4_62m.png,unlabelled,main,underfall_yard/10_oct_2019/run1,True
underfall_yard,10_oct_2019,run1,990,port,26,15.0,11.4,990_port_cond_26-15_00x11_40m.png,unlabelled,main,underfall_yard/10_oct_2019/run1,True
underfall_yard,10_oct_2019,run1,990,port,27,15.0,11.48,990_port_cond_27-15_00x11_48m.png,unlabelled,main,underfall_yard/10_oct_2019/run1,True
underfall_yard,10_oct_2019,run1,990,port,28,15.0,11.23,990_port_cond_28-15_00x11_23m.png,unlabelled,main,underfall_yard/10_oct_2019/run1,True
underfall_yard,10_oct_2019,run1,990,port,29,15.0,10.91,990_port_cond_29-15_00x10_91m.png,unlabelled,main,underfall_yard/10_oct_2019/run1,True
underfall_yard,10_oct_2019,run1,990,port,3,15.0,13.71,990_port_cond_3-15_00x13_71m.png,unlabelled,main,underfall_yard/10_oct_2019/run1,True
underfall_yard,10_oct_2019,run1,990,port,30,15.0,12.95,990_port_cond_30-15_00x12_95m.png,unlabelled,main,underfall_yard/10_oct_2019/run1,True
underfall_yard,10_oct_2019,run1,990,port,31,15.0,14.05,990_port_cond_31-15_00x14_05m.png,unlabelled,main,underfall_yard/10_oct_2019/run1,True
underfall_yard,10_oct_2019,run1,990,port,32,15.0,13.79,990_port_cond_32-15_00x13_79m.png,unlabelled,main,underfall_yard/10_oct_2019/run1,True
underfall_yard,10_oct_2019,run1,990,port,33,15.0,14.68,990_port_cond_33-15_00x14_68m.png,unlabelled,main,underfall_yard/10_oct_2019/run1,True
underfall_yard,10_oct_2019,run1,990,port,34,15.0,14.21,990_port_cond_34-15_00x14_21m.png,unlabelled,main,underfall_yard/10_oct_2019/run1,True
underfall_yard,10_oct_2019,run1,990,port,35,15.0,15.11,990_port_cond_35-15_00x15_11m.png,unlabelled,main,underfall_yard/10_oct_2019/run1,True
underfall_yard,10_oct_2019,run1,990,port,4,15.0,13.64,990_port_cond_4-15_00x13_64m.png,unlabelled,main,underfall_yard/10_oct_2019/run1,True
underfall_yard,10_oct_2019,run1,990,port,5,15.0,13.81,990_port_cond_5-15_00x13_81m.png,unlabelled,main,underfall_yard/10_oct_2019/run1,True
underfall_yard,10_oct_2019,run1,990,port,6,15.0,5.56,990_port_cond_6-15_00x5_56m.png,unlabelled,main,underfall_yard/10_oct_2019/run1,True
underfall_yard,10_oct_2019,run1,990,port,7,15.0,14.08,990_port_cond_7-15_00x14_08m.png,unlabelled,main,underfall_yard/10_oct_2019/run1,True
underfall_yard,10_oct_2019,run1,990,port,8,15.0,14.18,990_port_cond_8-15_00x14_18m.png,unlabelled,main,underfall_yard/10_oct_2019/run1,True
underfall_yard,10_oct_2019,run1,990,port,9,15.0,12.59,990_port_cond_9-15_00x12_59m.png,unlabelled,main,underfall_yard/10_oct_2019/run1,True
underfall_yard,10_oct_2019,run1,990,stbd,1,15.0,12.74,990_stbd_cond_1-15_00x12_74m.png,unlabelled,main,underfall_yard/10_oct_2019/run1,True
underfall_yard,10_oct_2019,run1,990,stbd,10,15.0,14.65,990_stbd_cond_10-15_00x14_65m.png,unlabelled,main,underfall_yard/10_oct_2019/run1,True
underfall_yard,10_oct_2019,run1,990,stbd,11,15.0,14.03,990_stbd_cond_11-15_00x14_03m.png,unlabelled,main,underfall_yard/10_oct_2019/run1,True
underfall_yard,10_oct_2019,run1,990,stbd,12,15.0,14.01,990_stbd_cond_12-15_00x14_01m.png,unlabelled,main,underfall_yard/10_oct_2019/run1,True
underfall_yard,10_oct_2019,run1,990,stbd,13,15.0,13.51,990_stbd_cond_13-15_00x13_51m.png,unlabelled,main,underfall_yard/10_oct_2019/run1,True
underfall_yard,10_oct_2019,run1,990,stbd,14,15.0,13.62,990_stbd_cond_14-15_00x13_62m.png,unlabelled,main,underfall_yard/10_oct_2019/run1,True
underfall_yard,10_oct_2019,run1,990,stbd,15,15.0,13.38,990_stbd_cond_15-15_00x13_38m.png,unlabelled,main,underfall_yard/10_oct_2019/run1,True
underfall_yard,10_oct_2019,run1,990,stbd,16,15.0,11.08,990_stbd_cond_16-15_00x11_08m.png,unlabelled,main,underfall_yard/10_oct_2019/run1,True
underfall_yard,10_oct_2019,run1,990,stbd,17,15.0,12.32,990_stbd_cond_17-15_00x12_32m.png,unlabelled,main,underfall_yard/10_oct_2019/run1,True
underfall_yard,10_oct_2019,run1,990,stbd,18,15.0,11.44,990_stbd_cond_18-15_00x11_44m.png,unlabelled,main,underfall_yard/10_oct_2019/run1,True
underfall_yard,10_oct_2019,run1,990,stbd,19,15.0,12.14,990_stbd_cond_19-15_00x12_14m.png,unlabelled,main,underfall_yard/10_oct_2019/run1,True
underfall_yard,10_oct_2019,run1,990,stbd,2,15.0,12.55,990_stbd_cond_2-15_00x12_55m.png,unlabelled,main,underfall_yard/10_oct_2019/run1,True
underfall_yard,10_oct_2019,run1,990,stbd,20,15.0,11.77,990_stbd_cond_20-15_00x11_77m.png,unlabelled,main,underfall_yard/10_oct_2019/run1,True
underfall_yard,10_oct_2019,run1,990,stbd,21,15.0,11.39,990_stbd_cond_21-15_00x11_39m.png,unlabelled,main,underfall_yard/10_oct_2019/run1,True
underfall_yard,10_oct_2019,run1,990,stbd,22,15.0,12.06,990_stbd_cond_22-15_00x12_06m.png,unlabelled,main,underfall_yard/10_oct_2019/run1,True
underfall_yard,10_oct_2019,run1,990,stbd,23,15.0,11.72,990_stbd_cond_23-15_00x11_72m.png,unlabelled,main,underfall_yard/10_oct_2019/run1,True
underfall_yard,10_oct_2019,run1,990,stbd,24,15.0,11.82,990_stbd_cond_24-15_00x11_82m.png,unlabelled,main,underfall_yard/10_oct_2019/run1,True
underfall_yard,10_oct_2019,run1,990,stbd,25,15.0,4.62,990_stbd_cond_25-15_00x4_62m.png,unlabelled,main,underfall_yard/10_oct_2019/run1,True
underfall_yard,10_oct_2019,run1,990,stbd,26,15.0,11.4,990_stbd_cond_26-15_00x11_40m.png,unlabelled,main,underfall_yard/10_oct_2019/run1,True
underfall_yard,10_oct_2019,run1,990,stbd,27,15.0,11.48,990_stbd_cond_27-15_00x11_48m.png,unlabelled,main,underfall_yard/10_oct_2019/run1,True
underfall_yard,10_oct_2019,run1,990,stbd,28,15.0,11.23,990_stbd_cond_28-15_00x11_23m.png,unlabelled,main,underfall_yard/10_oct_2019/run1,True
underfall_yard,10_oct_2019,run1,990,stbd,29,15.0,10.91,990_stbd_cond_29-15_00x10_91m.png,unlabelled,main,underfall_yard/10_oct_2019/run1,True
underfall_yard,10_oct_2019,run1,990,stbd,3,15.0,13.71,990_stbd_cond_3-15_00x13_71m.png,unlabelled,main,underfall_yard/10_oct_2019/run1,True
underfall_yard,10_oct_2019,run1,990,stbd,30,15.0,12.95,990_stbd_cond_30-15_00x12_95m.png,unlabelled,main,underfall_yard/10_oct_2019/run1,True
underfall_yard,10_oct_2019,run1,990,stbd,31,15.0,14.05,990_stbd_cond_31-15_00x14_05m.png,unlabelled,main,underfall_yard/10_oct_2019/run1,True
underfall_yard,10_oct_2019,run1,990,stbd,32,15.0,13.79,990_stbd_cond_32-15_00x13_79m.png,unlabelled,main,underfall_yard/10_oct_2019/run1,True
underfall_yard,10_oct_2019,run1,990,stbd,33,15.0,14.68,990_stbd_cond_33-15_00x14_68m.png,unlabelled,main,underfall_yard/10_oct_2019/run1,True
underfall_yard,10_oct_2019,run1,990,stbd,34,15.0,14.21,990_stbd_cond_34-15_00x14_21m.png,unlabelled,main,underfall_yard/10_oct_2019/run1,True
underfall_yard,10_oct_2019,run1,990,stbd,35,15.0,15.11,990_stbd_cond_35-15_00x15_11m.png,unlabelled,main,underfall_yard/10_oct_2019/run1,True
underfall_yard,10_oct_2019,run1,990,stbd,4,15.0,13.64,990_stbd_cond_4-15_00x13_64m.png,unlabelled,main,underfall_yard/10_oct_2019/run1,True
underfall_yard,10_oct_2019,run1,990,stbd,5,15.0,13.81,990_stbd_cond_5-15_00x13_81m.png,unlabelled,main,underfall_yard/10_oct_2019/run1,True
underfall_yard,10_oct_2019,run1,990,stbd,6,15.0,5.56,990_stbd_cond_6-15_00x5_56m.png,unlabelled,main,underfall_yard/10_oct_2019/run1,True
underfall_yard,10_oct_2019,run1,990,stbd,7,15.0,14.08,990_stbd_cond_7-15_00x14_08m.png,unlabelled,main,underfall_yard/10_oct_2019/run1,True
underfall_yard,10_oct_2019,run1,990,stbd,8,15.0,14.18,990_stbd_cond_8-15_00x14_18m.png,unlabelled,main,underfall_yard/10_oct_2019/run1,True
underfall_yard,10_oct_2019,run1,990,stbd,9,15.0,12.59,990_stbd_cond_9-15_00x12_59m.png,unlabelled,main,underfall_yard/10_oct_2019/run1,True
underfall_yard,10_oct_2019,run1,450,port,1,15.0,12.74,450_port_cond_1-15_00x12_74m.png,unlabelled,main,underfall_yard/10_oct_2019/run1,False
underfall_yard,10_oct_2019,run1,450,port,10,15.0,14.65,450_port_cond_10-15_00x14_65m.png,unlabelled,main,underfall_yard/10_oct_2019/run1,False
underfall_yard,10_oct_2019,run1,450,port,11,15.0,14.03,450_port_cond_11-15_00x14_03m.png,unlabelled,main,underfall_yard/10_oct_2019/run1,False
underfall_yard,10_oct_2019,run1,450,port,12,15.0,14.01,450_port_cond_12-15_00x14_01m.png,unlabelled,main,underfall_yard/10_oct_2019/run1,False
underfall_yard,10_oct_2019,run1,450,port,13,15.0,13.51,450_port_cond_13-15_00x13_51m.png,unlabelled,main,underfall_yard/10_oct_2019/run1,False
underfall_yard,10_oct_2019,run1,450,port,14,15.0,13.62,450_port_cond_14-15_00x13_62m.png,unlabelled,main,underfall_yard/10_oct_2019/run1,False
underfall_yard,10_oct_2019,run1,450,port,15,15.0,13.38,450_port_cond_15-15_00x13_38m.png,unlabelled,main,underfall_yard/10_oct_2019/run1,False
underfall_yard,10_oct_2019,run1,450,port,16,15.0,11.08,450_port_cond_16-15_00x11_08m.png,unlabelled,main,underfall_yard/10_oct_2019/run1,False
underfall_yard,10_oct_2019,run1,450,port,17,15.0,12.32,450_port_cond_17-15_00x12_32m.png,unlabelled,main,underfall_yard/10_oct_2019/run1,False
underfall_yard,10_oct_2019,run1,450,port,18,15.0,11.44,450_port_cond_18-15_00x11_44m.png,unlabelled,main,underfall_yard/10_oct_2019/run1,False
underfall_yard,10_oct_2019,run1,450,port,19,15.0,12.14,450_port_cond_19-15_00x12_14m.png,unlabelled,main,underfall_yard/10_oct_2019/run1,False
underfall_yard,10_oct_2019,run1,450,port,2,15.0,12.55,450_port_cond_2-15_00x12_55m.png,unlabelled,main,underfall_yard/10_oct_2019/run1,False
underfall_yard,10_oct_2019,run1,450,port,20,15.0,11.77,450_port_cond_20-15_00x11_77m.png,unlabelled,main,underfall_yard/10_oct_2019/run1,False
underfall_yard,10_oct_2019,run1,450,port,21,15.0,11.39,450_port_cond_21-15_00x11_39m.png,unlabelled,main,underfall_yard/10_oct_2019/run1,False
underfall_yard,10_oct_2019,run1,450,port,22,15.0,12.06,450_port_cond_22-15_00x12_06m.png,unlabelled,main,underfall_yard/10_oct_2019/run1,False
underfall_yard,10_oct_2019,run1,450,port,23,15.0,11.72,450_port_cond_23-15_00x11_72m.png,unlabelled,main,underfall_yard/10_oct_2019/run1,False
underfall_yard,10_oct_2019,run1,450,port,24,15.0,11.82,450_port_cond_24-15_00x11_82m.png,unlabelled,main,underfall_yard/10_oct_2019/run1,False
underfall_yard,10_oct_2019,run1,450,port,25,15.0,4.62,450_port_cond_25-15_00x4_62m.png,unlabelled,main,underfall_yard/10_oct_2019/run1,False
underfall_yard,10_oct_2019,run1,450,port,26,15.0,11.4,450_port_cond_26-15_00x11_40m.png,unlabelled,main,underfall_yard/10_oct_2019/run1,False
underfall_yard,10_oct_2019,run1,450,port,27,15.0,11.48,450_port_cond_27-15_00x11_48m.png,unlabelled,main,underfall_yard/10_oct_2019/run1,False
underfall_yard,10_oct_2019,run1,450,port,28,15.0,11.23,450_port_cond_28-15_00x11_23m.png,unlabelled,main,underfall_yard/10_oct_2019/run1,False
underfall_yard,10_oct_2019,run1,450,port,29,15.0,10.91,450_port_cond_29-15_00x10_91m.png,unlabelled,main,underfall_yard/10_oct_2019/run1,False
underfall_yard,10_oct_2019,run1,450,port,3,15.0,13.71,450_port_cond_3-15_00x13_71m.png,unlabelled,main,underfall_yard/10_oct_2019/run1,False
underfall_yard,10_oct_2019,run1,450,port,30,15.0,12.95,450_port_cond_30-15_00x12_95m.png,unlabelled,main,underfall_yard/10_oct_2019/run1,False
underfall_yard,10_oct_2019,run1,450,port,31,15.0,14.05,450_port_cond_31-15_00x14_05m.png,unlabelled,main,underfall_yard/10_oct_2019/run1,False
underfall_yard,10_oct_2019,run1,450,port,32,15.0,13.79,450_port_cond_32-15_00x13_79m.png,unlabelled,main,underfall_yard/10_oct_2019/run1,False
underfall_yard,10_oct_2019,run1,450,port,33,15.0,14.68,450_port_cond_33-15_00x14_68m.png,unlabelled,main,underfall_yard/10_oct_2019/run1,False
underfall_yard,10_oct_2019,run1,450,port,34,15.0,14.21,450_port_cond_34-15_00x14_21m.png,unlabelled,main,underfall_yard/10_oct_2019/run1,False
underfall_yard,10_oct_2019,run1,450,port,35,15.0,15.11,450_port_cond_35-15_00x15_11m.png,unlabelled,main,underfall_yard/10_oct_2019/run1,False
underfall_yard,10_oct_2019,run1,450,port,4,15.0,13.64,450_port_cond_4-15_00x13_64m.png,unlabelled,main,underfall_yard/10_oct_2019/run1,False
underfall_yard,10_oct_2019,run1,450,port,5,15.0,13.81,450_port_cond_5-15_00x13_81m.png,unlabelled,main,underfall_yard/10_oct_2019/run1,False
underfall_yard,10_oct_2019,run1,450,port,6,15.0,5.56,450_port_cond_6-15_00x5_56m.png,unlabelled,main,underfall_yard/10_oct_2019/run1,False
underfall_yard,10_oct_2019,run1,450,port,7,15.0,14.08,450_port_cond_7-15_00x14_08m.png,unlabelled,main,underfall_yard/10_oct_2019/run1,False
underfall_yard,10_oct_2019,run1,450,port,8,15.0,14.18,450_port_cond_8-15_00x14_18m.png,unlabelled,main,underfall_yard/10_oct_2019/run1,False
underfall_yard,10_oct_2019,run1,450,port,9,15.0,12.59,450_port_cond_9-15_00x12_59m.png,unlabelled,main,underfall_yard/10_oct_2019/run1,False
underfall_yard,10_oct_2019,run1,450,stbd,1,15.0,12.74,450_stbd_cond_1-15_00x12_74m.png,unlabelled,main,underfall_yard/10_oct_2019/run1,False
underfall_yard,10_oct_2019,run1,450,stbd,10,15.0,14.65,450_stbd_cond_10-15_00x14_65m.png,unlabelled,main,underfall_yard/10_oct_2019/run1,False
underfall_yard,10_oct_2019,run1,450,stbd,11,15.0,14.03,450_stbd_cond_11-15_00x14_03m.png,unlabelled,main,underfall_yard/10_oct_2019/run1,False
underfall_yard,10_oct_2019,run1,450,stbd,12,15.0,14.01,450_stbd_cond_12-15_00x14_01m.png,unlabelled,main,underfall_yard/10_oct_2019/run1,False
underfall_yard,10_oct_2019,run1,450,stbd,13,15.0,13.51,450_stbd_cond_13-15_00x13_51m.png,unlabelled,main,underfall_yard/10_oct_2019/run1,False
underfall_yard,10_oct_2019,run1,450,stbd,14,15.0,13.62,450_stbd_cond_14-15_00x13_62m.png,unlabelled,main,underfall_yard/10_oct_2019/run1,False
underfall_yard,10_oct_2019,run1,450,stbd,15,15.0,13.38,450_stbd_cond_15-15_00x13_38m.png,unlabelled,main,underfall_yard/10_oct_2019/run1,False
underfall_yard,10_oct_2019,run1,450,stbd,16,15.0,11.08,450_stbd_cond_16-15_00x11_08m.png,unlabelled,main,underfall_yard/10_oct_2019/run1,False
underfall_yard,10_oct_2019,run1,450,stbd,17,15.0,12.32,450_stbd_cond_17-15_00x12_32m.png,unlabelled,main,underfall_yard/10_oct_2019/run1,False
underfall_yard,10_oct_2019,run1,450,stbd,18,15.0,11.44,450_stbd_cond_18-15_00x11_44m.png,unlabelled,main,underfall_yard/10_oct_2019/run1,False
underfall_yard,10_oct_2019,run1,450,stbd,19,15.0,12.14,450_stbd_cond_19-15_00x12_14m.png,unlabelled,main,underfall_yard/10_oct_2019/run1,False
underfall_yard,10_oct_2019,run1,450,stbd,2,15.0,12.55,450_stbd_cond_2-15_00x12_55m.png,unlabelled,main,underfall_yard/10_oct_2019/run1,False
underfall_yard,10_oct_2019,run1,450,stbd,20,15.0,11.77,450_stbd_cond_20-15_00x11_77m.png,unlabelled,main,underfall_yard/10_oct_2019/run1,False
underfall_yard,10_oct_2019,run1,450,stbd,21,15.0,11.39,450_stbd_cond_21-15_00x11_39m.png,unlabelled,main,underfall_yard/10_oct_2019/run1,False
underfall_yard,10_oct_2019,run1,450,stbd,22,15.0,12.06,450_stbd_cond_22-15_00x12_06m.png,unlabelled,main,underfall_yard/10_oct_2019/run1,False
underfall_yard,10_oct_2019,run1,450,stbd,23,15.0,11.72,450_stbd_cond_23-15_00x11_72m.png,unlabelled,main,underfall_yard/10_oct_2019/run1,False
underfall_yard,10_oct_2019,run1,450,stbd,24,15.0,11.82,450_stbd_cond_24-15_00x11_82m.png,unlabelled,main,underfall_yard/10_oct_2019/run1,False
underfall_yard,10_oct_2019,run1,450,stbd,25,15.0,4.62,450_stbd_cond_25-15_00x4_62m.png,unlabelled,main,underfall_yard/10_oct_2019/run1,False
underfall_yard,10_oct_2019,run1,450,stbd,26,15.0,11.4,450_stbd_cond_26-15_00x11_40m.png,unlabelled,main,underfall_yard/10_oct_2019/run1,False
underfall_yard,10_oct_2019,run1,450,stbd,27,15.0,11.48,450_stbd_cond_27-15_00x11_48m.png,unlabelled,main,underfall_yard/10_oct_2019/run1,False
underfall_yard,10_oct_2019,run1,450,stbd,28,15.0,11.23,450_stbd_cond_28-15_00x11_23m.png,unlabelled,main,underfall_yard/10_oct_2019/run1,False
underfall_yard,10_oct_2019,run1,450,stbd,29,15.0,10.91,450_stbd_cond_29-15_00x10_91m.png,unlabelled,main,underfall_yard/10_oct_2019/run1,False
underfall_yard,10_oct_2019,run1,450,stbd,3,15.0,13.71,450_stbd_cond_3-15_00x13_71m.png,unlabelled,main,underfall_yard/10_oct_2019/run1,False
underfall_yard,10_oct_2019,run1,450,stbd,30,15.0,12.95,450_stbd_cond_30-15_00x12_95m.png,unlabelled,main,underfall_yard/10_oct_2019/run1,False
underfall_yard,10_oct_2019,run1,450,stbd,31,15.0,14.05,450_stbd_cond_31-15_00x14_05m.png,unlabelled,main,underfall_yard/10_oct_2019/run1,False
underfall_yard,10_oct_2019,run1,450,stbd,32,15.0,13.79,450_stbd_cond_32-15_00x13_79m.png,unlabelled,main,underfall_yard/10_oct_2019/run1,False
underfall_yard,10_oct_2019,run1,450,stbd,33,15.0,14.68,450_stbd_cond_33-15_00x14_68m.png,unlabelled,main,underfall_yard/10_oct_2019/run1,False
underfall_yard,10_oct_2019,run1,450,stbd,34,15.0,14.21,450_stbd_cond_34-15_00x14_21m.png,unlabelled,main,underfall_yard/10_oct_2019/run1,False
underfall_yard,10_oct_2019,run1,450,stbd,35,15.0,15.11,450_stbd_cond_35-15_00x15_11m.png,unlabelled,main,underfall_yard/10_oct_2019/run1,False
underfall_yard,10_oct_2019,run1,450,stbd,4,15.0,13.64,450_stbd_cond_4-15_00x13_64m.png,unlabelled,main,underfall_yard/10_oct_2019/run1,False
underfall_yard,10_oct_2019,run1,450,stbd,5,15.0,13.81,450_stbd_cond_5-15_00x13_81m.png,unlabelled,main,underfall_yard/10_oct_2019/run1,False
underfall_yard,10_oct_2019,run1,450,stbd,6,15.0,5.56,450_stbd_cond_6-15_00x5_56m.png,unlabelled,main,underfall_yard/10_oct_2019/run1,False
underfall_yard,10_oct_2019,run1,450,stbd,7,15.0,14.08,450_stbd_cond_7-15_00x14_08m.png,unlabelled,main,underfall_yard/10_oct_2019/run1,False
underfall_yard,10_oct_2019,run1,450,stbd,8,15.0,14.18,450_stbd_cond_8-15_00x14_18m.png,unlabelled,main,underfall_yard/10_oct_2019/run1,False
underfall_yard,10_oct_2019,run1,450,stbd,9,15.0,12.59,450_stbd_cond_9-15_00x12_59m.png,unlabelled,main,underfall_yard/10_oct_2019/run1,False
underfall_yard,10_oct_2019,run2,990,port,1,15.0,12.88,990_port_cond_1-15_00x12_88m.png,unlabelled,main,underfall_yard/10_oct_2019/run2,True
underfall_yard,10_oct_2019,run2,990,port,10,15.0,14.65,990_port_cond_10-15_00x14_65m.png,unlabelled,main,underfall_yard/10_oct_2019/run2,True
underfall_yard,10_oct_2019,run2,990,port,11,15.0,13.85,990_port_cond_11-15_00x13_85m.png,unlabelled,main,underfall_yard/10_oct_2019/run2,True
underfall_yard,10_oct_2019,run2,990,port,12,15.0,14.13,990_port_cond_12-15_00x14_13m.png,unlabelled,main,underfall_yard/10_oct_2019/run2,True
underfall_yard,10_oct_2019,run2,990,port,13,15.0,13.33,990_port_cond_13-15_00x13_33m.png,unlabelled,main,underfall_yard/10_oct_2019/run2,True
underfall_yard,10_oct_2019,run2,990,port,14,15.0,13.54,990_port_cond_14-15_00x13_54m.png,unlabelled,main,underfall_yard/10_oct_2019/run2,True
underfall_yard,10_oct_2019,run2,990,port,15,15.0,13.13,990_port_cond_15-15_00x13_13m.png,unlabelled,main,underfall_yard/10_oct_2019/run2,True
underfall_yard,10_oct_2019,run2,990,port,16,15.0,11.25,990_port_cond_16-15_00x11_25m.png,unlabelled,main,underfall_yard/10_oct_2019/run2,True
underfall_yard,10_oct_2019,run2,990,port,17,15.0,8.88,990_port_cond_17-15_00x8_88m.png,unlabelled,main,underfall_yard/10_oct_2019/run2,True
underfall_yard,10_oct_2019,run2,990,port,18,15.0,11.31,990_port_cond_18-15_00x11_31m.png,unlabelled,main,underfall_yard/10_oct_2019/run2,True
underfall_yard,10_oct_2019,run2,990,port,19,15.0,12.14,990_port_cond_19-15_00x12_14m.png,unlabelled,main,underfall_yard/10_oct_2019/run2,True
underfall_yard,10_oct_2019,run2,990,port,2,15.0,12.71,990_port_cond_2-15_00x12_71m.png,unlabelled,main,underfall_yard/10_oct_2019/run2,True
underfall_yard,10_oct_2019,run2,990,port,20,15.0,11.71,990_port_cond_20-15_00x11_71m.png,unlabelled,main,underfall_yard/10_oct_2019/run2,True
underfall_yard,10_oct_2019,run2,990,port,21,15.0,11.44,990_port_cond_21-15_00x11_44m.png,unlabelled,main,underfall_yard/10_oct_2019/run2,True
underfall_yard,10_oct_2019,run2,990,port,22,15.0,11.93,990_port_cond_22-15_00x11_93m.png,unlabelled,main,underfall_yard/10_oct_2019/run2,True
underfall_yard,10_oct_2019,run2,990,port,23,15.0,12.03,990_port_cond_23-15_00x12_03m.png,unlabelled,main,underfall_yard/10_oct_2019/run2,True
underfall_yard,10_oct_2019,run2,990,port,24,15.0,11.91,990_port_cond_24-15_00x11_91m.png,unlabelled,main,underfall_yard/10_oct_2019/run2,True
underfall_yard,10_oct_2019,run2,990,port,25,15.0,4.85,990_port_cond_25-15_00x4_85m.png,unlabelled,main,underfall_yard/10_oct_2019/run2,True
underfall_yard,10_oct_2019,run2,990,port,26,15.0,12.14,990_port_cond_26-15_00x12_14m.png,unlabelled,main,underfall_yard/10_oct_2019/run2,True
underfall_yard,10_oct_2019,run2,990,port,27,15.0,11.51,990_port_cond_27-15_00x11_51m.png,unlabelled,main,underfall_yard/10_oct_2019/run2,True
underfall_yard,10_oct_2019,run2,990,port,28,15.0,11.64,990_port_cond_28-15_00x11_64m.png,unlabelled,main,underfall_yard/10_oct_2019/run2,True
underfall_yard,10_oct_2019,run2,990,port,29,15.0,9.9,990_port_cond_29-15_00x9_90m.png,unlabelled,main,underfall_yard/10_oct_2019/run2,True
underfall_yard,10_oct_2019,run2,990,port,3,15.0,14.13,990_port_cond_3-15_00x14_13m.png,unlabelled,main,underfall_yard/10_oct_2019/run2,True
underfall_yard,10_oct_2019,run2,990,port,30,15.0,13.58,990_port_cond_30-15_00x13_58m.png,unlabelled,main,underfall_yard/10_oct_2019/run2,True
underfall_yard,10_oct_2019,run2,990,port,31,15.0,2.13,990_port_cond_31-15_00x2_13m.png,unlabelled,main,underfall_yard/10_oct_2019/run2,True
underfall_yard,10_oct_2019,run2,990,port,32,15.0,13.93,990_port_cond_32-15_00x13_93m.png,unlabelled,main,underfall_yard/10_oct_2019/run2,True
underfall_yard,10_oct_2019,run2,990,port,33,15.0,14.02,990_port_cond_33-15_00x14_02m.png,unlabelled,main,underfall_yard/10_oct_2019/run2,True
underfall_yard,10_oct_2019,run2,990,port,34,15.0,14.39,990_port_cond_34-15_00x14_39m.png,unlabelled,main,underfall_yard/10_oct_2019/run2,True
underfall_yard,10_oct_2019,run2,990,port,35,15.0,14.3,990_port_cond_35-15_00x14_30m.png,unlabelled,main,underfall_yard/10_oct_2019/run2,True
underfall_yard,10_oct_2019,run2,990,port,36,15.0,14.71,990_port_cond_36-15_00x14_71m.png,unlabelled,main,underfall_yard/10_oct_2019/run2,True
underfall_yard,10_oct_2019,run2,990,port,4,15.0,13.63,990_port_cond_4-15_00x13_63m.png,unlabelled,main,underfall_yard/10_oct_2019/run2,True
underfall_yard,10_oct_2019,run2,990,port,5,15.0,14.02,990_port_cond_5-15_00x14_02m.png,unlabelled,main,underfall_yard/10_oct_2019/run2,True
underfall_yard,10_oct_2019,run2,990,port,6,15.0,5.46,990_port_cond_6-15_00x5_46m.png,unlabelled,main,underfall_yard/10_oct_2019/run2,True
underfall_yard,10_oct_2019,run2,990,port,7,15.0,14.15,990_port_cond_7-15_00x14_15m.png,unlabelled,main,underfall_yard/10_oct_2019/run2,True
underfall_yard,10_oct_2019,run2,990,port,8,15.0,14.12,990_port_cond_8-15_00x14_12m.png,unlabelled,main,underfall_yard/10_oct_2019/run2,True
underfall_yard,10_oct_2019,run2,990,port,9,15.0,13.54,990_port_cond_9-15_00x13_54m.png,unlabelled,main,underfall_yard/10_oct_2019/run2,True
underfall_yard,10_oct_2019,run2,990,stbd,1,15.0,12.88,990_stbd_cond_1-15_00x12_88m.png,unlabelled,main,underfall_yard/10_oct_2019/run2,True
underfall_yard,10_oct_2019,run2,990,stbd,10,15.0,14.65,990_stbd_cond_10-15_00x14_65m.png,unlabelled,main,underfall_yard/10_oct_2019/run2,True
underfall_yard,10_oct_2019,run2,990,stbd,11,15.0,13.85,990_stbd_cond_11-15_00x13_85m.png,unlabelled,main,underfall_yard/10_oct_2019/run2,True
underfall_yard,10_oct_2019,run2,990,stbd,12,15.0,14.13,990_stbd_cond_12-15_00x14_13m.png,unlabelled,main,underfall_yard/10_oct_2019/run2,True
underfall_yard,10_oct_2019,run2,990,stbd,13,15.0,13.33,990_stbd_cond_13-15_00x13_33m.png,unlabelled,main,underfall_yard/10_oct_2019/run2,True
underfall_yard,10_oct_2019,run2,990,stbd,14,15.0,13.54,990_stbd_cond_14-15_00x13_54m.png,unlabelled,main,underfall_yard/10_oct_2019/run2,True
underfall_yard,10_oct_2019,run2,990,stbd,15,15.0,13.13,990_stbd_cond_15-15_00x13_13m.png,unlabelled,main,underfall_yard/10_oct_2019/run2,True
underfall_yard,10_oct_2019,run2,990,stbd,16,15.0,11.25,990_stbd_cond_16-15_00x11_25m.png,unlabelled,main,underfall_yard/10_oct_2019/run2,True
underfall_yard,10_oct_2019,run2,990,stbd,17,15.0,8.88,990_stbd_cond_17-15_00x8_88m.png,unlabelled,main,underfall_yard/10_oct_2019/run2,True
underfall_yard,10_oct_2019,run2,990,stbd,18,15.0,11.31,990_stbd_cond_18-15_00x11_31m.png,unlabelled,main,underfall_yard/10_oct_2019/run2,True
underfall_yard,10_oct_2019,run2,990,stbd,19,15.0,12.14,990_stbd_cond_19-15_00x12_14m.png,unlabelled,main,underfall_yard/10_oct_2019/run2,True
underfall_yard,10_oct_2019,run2,990,stbd,2,15.0,12.71,990_stbd_cond_2-15_00x12_71m.png,unlabelled,main,underfall_yard/10_oct_2019/run2,True
underfall_yard,10_oct_2019,run2,990,stbd,20,15.0,11.71,990_stbd_cond_20-15_00x11_71m.png,unlabelled,main,underfall_yard/10_oct_2019/run2,True
underfall_yard,10_oct_2019,run2,990,stbd,21,15.0,11.44,990_stbd_cond_21-15_00x11_44m.png,unlabelled,main,underfall_yard/10_oct_2019/run2,True
underfall_yard,10_oct_2019,run2,990,stbd,22,15.0,11.93,990_stbd_cond_22-15_00x11_93m.png,unlabelled,main,underfall_yard/10_oct_2019/run2,True
underfall_yard,10_oct_2019,run2,990,stbd,23,15.0,12.03,990_stbd_cond_23-15_00x12_03m.png,unlabelled,main,underfall_yard/10_oct_2019/run2,True
underfall_yard,10_oct_2019,run2,990,stbd,24,15.0,11.91,990_stbd_cond_24-15_00x11_91m.png,unlabelled,main,underfall_yard/10_oct_2019/run2,True
underfall_yard,10_oct_2019,run2,990,stbd,25,15.0,4.85,990_stbd_cond_25-15_00x4_85m.png,unlabelled,main,underfall_yard/10_oct_2019/run2,True
underfall_yard,10_oct_2019,run2,990,stbd,26,15.0,12.14,990_stbd_cond_26-15_00x12_14m.png,unlabelled,main,underfall_yard/10_oct_2019/run2,True
underfall_yard,10_oct_2019,run2,990,stbd,27,15.0,11.51,990_stbd_cond_27-15_00x11_51m.png,unlabelled,main,underfall_yard/10_oct_2019/run2,True
underfall_yard,10_oct_2019,run2,990,stbd,28,15.0,11.64,990_stbd_cond_28-15_00x11_64m.png,unlabelled,main,underfall_yard/10_oct_2019/run2,True
underfall_yard,10_oct_2019,run2,990,stbd,29,15.0,9.9,990_stbd_cond_29-15_00x9_90m.png,unlabelled,main,underfall_yard/10_oct_2019/run2,True
underfall_yard,10_oct_2019,run2,990,stbd,3,15.0,14.13,990_stbd_cond_3-15_00x14_13m.png,unlabelled,main,underfall_yard/10_oct_2019/run2,True
underfall_yard,10_oct_2019,run2,990,stbd,30,15.0,13.58,990_stbd_cond_30-15_00x13_58m.png,unlabelled,main,underfall_yard/10_oct_2019/run2,True
underfall_yard,10_oct_2019,run2,990,stbd,31,15.0,2.13,990_stbd_cond_31-15_00x2_13m.png,unlabelled,main,underfall_yard/10_oct_2019/run2,True
underfall_yard,10_oct_2019,run2,990,stbd,32,15.0,13.93,990_stbd_cond_32-15_00x13_93m.png,unlabelled,main,underfall_yard/10_oct_2019/run2,True
underfall_yard,10_oct_2019,run2,990,stbd,33,15.0,14.02,990_stbd_cond_33-15_00x14_02m.png,unlabelled,main,underfall_yard/10_oct_2019/run2,True
underfall_yard,10_oct_2019,run2,990,stbd,34,15.0,14.39,990_stbd_cond_34-15_00x14_39m.png,unlabelled,main,underfall_yard/10_oct_2019/run2,True
underfall_yard,10_oct_2019,run2,990,stbd,35,15.0,14.3,990_stbd_cond_35-15_00x14_30m.png,unlabelled,main,underfall_yard/10_oct_2019/run2,True
underfall_yard,10_oct_2019,run2,990,stbd,36,15.0,14.71,990_stbd_cond_36-15_00x14_71m.png,unlabelled,main,underfall_yard/10_oct_2019/run2,True
underfall_yard,10_oct_2019,run2,990,stbd,4,15.0,13.63,990_stbd_cond_4-15_00x13_63m.png,unlabelled,main,underfall_yard/10_oct_2019/run2,True
underfall_yard,10_oct_2019,run2,990,stbd,5,15.0,14.02,990_stbd_cond_5-15_00x14_02m.png,unlabelled,main,underfall_yard/10_oct_2019/run2,True
underfall_yard,10_oct_2019,run2,990,stbd,6,15.0,5.46,990_stbd_cond_6-15_00x5_46m.png,unlabelled,main,underfall_yard/10_oct_2019/run2,True
underfall_yard,10_oct_2019,run2,990,stbd,7,15.0,14.15,990_stbd_cond_7-15_00x14_15m.png,unlabelled,main,underfall_yard/10_oct_2019/run2,True
underfall_yard,10_oct_2019,run2,990,stbd,8,15.0,14.12,990_stbd_cond_8-15_00x14_12m.png,unlabelled,main,underfall_yard/10_oct_2019/run2,True
underfall_yard,10_oct_2019,run2,990,stbd,9,15.0,13.54,990_stbd_cond_9-15_00x13_54m.png,unlabelled,main,underfall_yard/10_oct_2019/run2,True
underfall_yard,10_oct_2019,run2,450,port,1,15.0,12.88,450_port_cond_1-15_00x12_88m.png,unlabelled,main,underfall_yard/10_oct_2019/run2,False
underfall_yard,10_oct_2019,run2,450,port,10,15.0,14.65,450_port_cond_10-15_00x14_65m.png,unlabelled,main,underfall_yard/10_oct_2019/run2,False
underfall_yard,10_oct_2019,run2,450,port,11,15.0,13.85,450_port_cond_11-15_00x13_85m.png,unlabelled,main,underfall_yard/10_oct_2019/run2,False
underfall_yard,10_oct_2019,run2,450,port,12,15.0,14.13,450_port_cond_12-15_00x14_13m.png,unlabelled,main,underfall_yard/10_oct_2019/run2,False
underfall_yard,10_oct_2019,run2,450,port,13,15.0,13.33,450_port_cond_13-15_00x13_33m.png,unlabelled,main,underfall_yard/10_oct_2019/run2,False
underfall_yard,10_oct_2019,run2,450,port,14,15.0,13.54,450_port_cond_14-15_00x13_54m.png,unlabelled,main,underfall_yard/10_oct_2019/run2,False
underfall_yard,10_oct_2019,run2,450,port,15,15.0,13.13,450_port_cond_15-15_00x13_13m.png,unlabelled,main,underfall_yard/10_oct_2019/run2,False
underfall_yard,10_oct_2019,run2,450,port,16,15.0,11.25,450_port_cond_16-15_00x11_25m.png,unlabelled,main,underfall_yard/10_oct_2019/run2,False
underfall_yard,10_oct_2019,run2,450,port,17,15.0,8.88,450_port_cond_17-15_00x8_88m.png,unlabelled,main,underfall_yard/10_oct_2019/run2,False
underfall_yard,10_oct_2019,run2,450,port,18,15.0,11.31,450_port_cond_18-15_00x11_31m.png,unlabelled,main,underfall_yard/10_oct_2019/run2,False
underfall_yard,10_oct_2019,run2,450,port,19,15.0,12.14,450_port_cond_19-15_00x12_14m.png,unlabelled,main,underfall_yard/10_oct_2019/run2,False
underfall_yard,10_oct_2019,run2,450,port,2,15.0,12.71,450_port_cond_2-15_00x12_71m.png,unlabelled,main,underfall_yard/10_oct_2019/run2,False
underfall_yard,10_oct_2019,run2,450,port,20,15.0,11.71,450_port_cond_20-15_00x11_71m.png,unlabelled,main,underfall_yard/10_oct_2019/run2,False
underfall_yard,10_oct_2019,run2,450,port,21,15.0,11.44,450_port_cond_21-15_00x11_44m.png,unlabelled,main,underfall_yard/10_oct_2019/run2,False
underfall_yard,10_oct_2019,run2,450,port,22,15.0,11.93,450_port_cond_22-15_00x11_93m.png,unlabelled,main,underfall_yard/10_oct_2019/run2,False
underfall_yard,10_oct_2019,run2,450,port,23,15.0,12.03,450_port_cond_23-15_00x12_03m.png,unlabelled,main,underfall_yard/10_oct_2019/run2,False
underfall_yard,10_oct_2019,run2,450,port,24,15.0,11.91,450_port_cond_24-15_00x11_91m.png,unlabelled,main,underfall_yard/10_oct_2019/run2,False
underfall_yard,10_oct_2019,run2,450,port,25,15.0,4.85,450_port_cond_25-15_00x4_85m.png,unlabelled,main,underfall_yard/10_oct_2019/run2,False
underfall_yard,10_oct_2019,run2,450,port,26,15.0,12.14,450_port_cond_26-15_00x12_14m.png,unlabelled,main,underfall_yard/10_oct_2019/run2,False
underfall_yard,10_oct_2019,run2,450,port,27,15.0,11.51,450_port_cond_27-15_00x11_51m.png,unlabelled,main,underfall_yard/10_oct_2019/run2,False
underfall_yard,10_oct_2019,run2,450,port,28,15.0,11.64,450_port_cond_28-15_00x11_64m.png,unlabelled,main,underfall_yard/10_oct_2019/run2,False
underfall_yard,10_oct_2019,run2,450,port,29,15.0,9.9,450_port_cond_29-15_00x9_90m.png,unlabelled,main,underfall_yard/10_oct_2019/run2,False
underfall_yard,10_oct_2019,run2,450,port,3,15.0,14.13,450_port_cond_3-15_00x14_13m.png,unlabelled,main,underfall_yard/10_oct_2019/run2,False
underfall_yard,10_oct_2019,run2,450,port,30,15.0,13.58,450_port_cond_30-15_00x13_58m.png,unlabelled,main,underfall_yard/10_oct_2019/run2,False
underfall_yard,10_oct_2019,run2,450,port,31,15.0,2.13,450_port_cond_31-15_00x2_13m.png,unlabelled,main,underfall_yard/10_oct_2019/run2,False
underfall_yard,10_oct_2019,run2,450,port,32,15.0,13.93,450_port_cond_32-15_00x13_93m.png,unlabelled,main,underfall_yard/10_oct_2019/run2,False
underfall_yard,10_oct_2019,run2,450,port,33,15.0,14.02,450_port_cond_33-15_00x14_02m.png,unlabelled,main,underfall_yard/10_oct_2019/run2,False
underfall_yard,10_oct_2019,run2,450,port,34,15.0,14.39,450_port_cond_34-15_00x14_39m.png,unlabelled,main,underfall_yard/10_oct_2019/run2,False
underfall_yard,10_oct_2019,run2,450,port,35,15.0,14.3,450_port_cond_35-15_00x14_30m.png,unlabelled,main,underfall_yard/10_oct_2019/run2,False
underfall_yard,10_oct_2019,run2,450,port,36,15.0,14.71,450_port_cond_36-15_00x14_71m.png,unlabelled,main,underfall_yard/10_oct_2019/run2,False
underfall_yard,10_oct_2019,run2,450,port,4,15.0,13.63,450_port_cond_4-15_00x13_63m.png,unlabelled,main,underfall_yard/10_oct_2019/run2,False
underfall_yard,10_oct_2019,run2,450,port,5,15.0,14.02,450_port_cond_5-15_00x14_02m.png,unlabelled,main,underfall_yard/10_oct_2019/run2,False
underfall_yard,10_oct_2019,run2,450,port,6,15.0,5.46,450_port_cond_6-15_00x5_46m.png,unlabelled,main,underfall_yard/10_oct_2019/run2,False
underfall_yard,10_oct_2019,run2,450,port,7,15.0,14.15,450_port_cond_7-15_00x14_15m.png,unlabelled,main,underfall_yard/10_oct_2019/run2,False
underfall_yard,10_oct_2019,run2,450,port,8,15.0,14.12,450_port_cond_8-15_00x14_12m.png,unlabelled,main,underfall_yard/10_oct_2019/run2,False
underfall_yard,10_oct_2019,run2,450,port,9,15.0,13.54,450_port_cond_9-15_00x13_54m.png,unlabelled,main,underfall_yard/10_oct_2019/run2,False
underfall_yard,10_oct_2019,run2,450,stbd,1,15.0,12.88,450_stbd_cond_1-15_00x12_88m.png,unlabelled,main,underfall_yard/10_oct_2019/run2,False
underfall_yard,10_oct_2019,run2,450,stbd,10,15.0,14.65,450_stbd_cond_10-15_00x14_65m.png,unlabelled,main,underfall_yard/10_oct_2019/run2,False
underfall_yard,10_oct_2019,run2,450,stbd,11,15.0,13.85,450_stbd_cond_11-15_00x13_85m.png,unlabelled,main,underfall_yard/10_oct_2019/run2,False
underfall_yard,10_oct_2019,run2,450,stbd,12,15.0,14.13,450_stbd_cond_12-15_00x14_13m.png,unlabelled,main,underfall_yard/10_oct_2019/run2,False
underfall_yard,10_oct_2019,run2,450,stbd,13,15.0,13.33,450_stbd_cond_13-15_00x13_33m.png,unlabelled,main,underfall_yard/10_oct_2019/run2,False
underfall_yard,10_oct_2019,run2,450,stbd,14,15.0,13.54,450_stbd_cond_14-15_00x13_54m.png,unlabelled,main,underfall_yard/10_oct_2019/run2,False
underfall_yard,10_oct_2019,run2,450,stbd,15,15.0,13.13,450_stbd_cond_15-15_00x13_13m.png,unlabelled,main,underfall_yard/10_oct_2019/run2,False
underfall_yard,10_oct_2019,run2,450,stbd,16,15.0,11.25,450_stbd_cond_16-15_00x11_25m.png,unlabelled,main,underfall_yard/10_oct_2019/run2,False
underfall_yard,10_oct_2019,run2,450,stbd,17,15.0,8.88,450_stbd_cond_17-15_00x8_88m.png,unlabelled,main,underfall_yard/10_oct_2019/run2,False
underfall_yard,10_oct_2019,run2,450,stbd,18,15.0,11.31,450_stbd_cond_18-15_00x11_31m.png,unlabelled,main,underfall_yard/10_oct_2019/run2,False
underfall_yard,10_oct_2019,run2,450,stbd,19,15.0,12.14,450_stbd_cond_19-15_00x12_14m.png,unlabelled,main,underfall_yard/10_oct_2019/run2,False
underfall_yard,10_oct_2019,run2,450,stbd,2,15.0,12.71,450_stbd_cond_2-15_00x12_71m.png,unlabelled,main,underfall_yard/10_oct_2019/run2,False
underfall_yard,10_oct_2019,run2,450,stbd,20,15.0,11.71,450_stbd_cond_20-15_00x11_71m.png,unlabelled,main,underfall_yard/10_oct_2019/run2,False
underfall_yard,10_oct_2019,run2,450,stbd,21,15.0,11.44,450_stbd_cond_21-15_00x11_44m.png,unlabelled,main,underfall_yard/10_oct_2019/run2,False
underfall_yard,10_oct_2019,run2,450,stbd,22,15.0,11.93,450_stbd_cond_22-15_00x11_93m.png,unlabelled,main,underfall_yard/10_oct_2019/run2,False
underfall_yard,10_oct_2019,run2,450,stbd,23,15.0,12.03,450_stbd_cond_23-15_00x12_03m.png,unlabelled,main,underfall_yard/10_oct_2019/run2,False
underfall_yard,10_oct_2019,run2,450,stbd,24,15.0,11.91,450_stbd_cond_24-15_00x11_91m.png,unlabelled,main,underfall_yard/10_oct_2019/run2,False
underfall_yard,10_oct_2019,run2,450,stbd,25,15.0,4.85,450_stbd_cond_25-15_00x4_85m.png,unlabelled,main,underfall_yard/10_oct_2019/run2,False
underfall_yard,10_oct_2019,run2,450,stbd,26,15.0,12.14,450_stbd_cond_26-15_00x12_14m.png,unlabelled,main,underfall_yard/10_oct_2019/run2,False
underfall_yard,10_oct_2019,run2,450,stbd,27,15.0,11.51,450_stbd_cond_27-15_00x11_51m.png,unlabelled,main,underfall_yard/10_oct_2019/run2,False
underfall_yard,10_oct_2019,run2,450,stbd,28,15.0,11.64,450_stbd_cond_28-15_00x11_64m.png,unlabelled,main,underfall_yard/10_oct_2019/run2,False
underfall_yard,10_oct_2019,run2,450,stbd,29,15.0,9.9,450_stbd_cond_29-15_00x9_90m.png,unlabelled,main,underfall_yard/10_oct_2019/run2,False
underfall_yard,10_oct_2019,run2,450,stbd,3,15.0,14.13,450_stbd_cond_3-15_00x14_13m.png,unlabelled,main,underfall_yard/10_oct_2019/run2,False
underfall_yard,10_oct_2019,run2,450,stbd,30,15.0,13.58,450_stbd_cond_30-15_00x13_58m.png,unlabelled,main,underfall_yard/10_oct_2019/run2,False
underfall_yard,10_oct_2019,run2,450,stbd,31,15.0,2.13,450_stbd_cond_31-15_00x2_13m.png,unlabelled,main,underfall_yard/10_oct_2019/run2,False
underfall_yard,10_oct_2019,run2,450,stbd,32,15.0,13.93,450_stbd_cond_32-15_00x13_93m.png,unlabelled,main,underfall_yard/10_oct_2019/run2,False
underfall_yard,10_oct_2019,run2,450,stbd,33,15.0,14.02,450_stbd_cond_33-15_00x14_02m.png,unlabelled,main,underfall_yard/10_oct_2019/run2,False
underfall_yard,10_oct_2019,run2,450,stbd,34,15.0,14.39,450_stbd_cond_34-15_00x14_39m.png,unlabelled,main,underfall_yard/10_oct_2019/run2,False
underfall_yard,10_oct_2019,run2,450,stbd,35,15.0,14.3,450_stbd_cond_35-15_00x14_30m.png,unlabelled,main,underfall_yard/10_oct_2019/run2,False
underfall_yard,10_oct_2019,run2,450,stbd,36,15.0,14.71,450_stbd_cond_36-15_00x14_71m.png,unlabelled,main,underfall_yard/10_oct_2019/run2,False
underfall_yard,10_oct_2019,run2,450,stbd,4,15.0,13.63,450_stbd_cond_4-15_00x13_63m.png,unlabelled,main,underfall_yard/10_oct_2019/run2,False
underfall_yard,10_oct_2019,run2,450,stbd,5,15.0,14.02,450_stbd_cond_5-15_00x14_02m.png,unlabelled,main,underfall_yard/10_oct_2019/run2,False
underfall_yard,10_oct_2019,run2,450,stbd,6,15.0,5.46,450_stbd_cond_6-15_00x5_46m.png,unlabelled,main,underfall_yard/10_oct_2019/run2,False
underfall_yard,10_oct_2019,run2,450,stbd,7,15.0,14.15,450_stbd_cond_7-15_00x14_15m.png,unlabelled,main,underfall_yard/10_oct_2019/run2,False
underfall_yard,10_oct_2019,run2,450,stbd,8,15.0,14.12,450_stbd_cond_8-15_00x14_12m.png,unlabelled,main,underfall_yard/10_oct_2019/run2,False
underfall_yard,10_oct_2019,run2,450,stbd,9,15.0,13.54,450_stbd_cond_9-15_00x13_54m.png,unlabelled,main,underfall_yard/10_oct_2019/run2,False
underfall_yard,10_oct_2019,run3,990,port,1,15.0,12.63,990_port_cond_1-15_00x12_63m.png,unlabelled,main,underfall_yard/10_oct_2019/run3,True
underfall_yard,10_oct_2019,run3,990,port,10,15.0,14.7,990_port_cond_10-15_00x14_70m.png,unlabelled,main,underfall_yard/10_oct_2019/run3,True
underfall_yard,10_oct_2019,run3,990,port,11,15.0,13.87,990_port_cond_11-15_00x13_87m.png,unlabelled,main,underfall_yard/10_oct_2019/run3,True
underfall_yard,10_oct_2019,run3,990,port,12,15.0,14.18,990_port_cond_12-15_00x14_18m.png,unlabelled,main,underfall_yard/10_oct_2019/run3,True
underfall_yard,10_oct_2019,run3,990,port,13,15.0,13.31,990_port_cond_13-15_00x13_31m.png,unlabelled,main,underfall_yard/10_oct_2019/run3,True
underfall_yard,10_oct_2019,run3,990,port,14,15.0,13.59,990_port_cond_14-15_00x13_59m.png,unlabelled,main,underfall_yard/10_oct_2019/run3,True
underfall_yard,10_oct_2019,run3,990,port,15,15.0,13.3,990_port_cond_15-15_00x13_30m.png,unlabelled,main,underfall_yard/10_oct_2019/run3,True
underfall_yard,10_oct_2019,run3,990,port,16,15.0,11.1,990_port_cond_16-15_00x11_10m.png,unlabelled,main,underfall_yard/10_oct_2019/run3,True
underfall_yard,10_oct_2019,run3,990,port,17,15.0,11.86,990_port_cond_17-15_00x11_86m.png,unlabelled,main,underfall_yard/10_oct_2019/run3,True
underfall_yard,10_oct_2019,run3,990,port,18,15.0,11.34,990_port_cond_18-15_00x11_34m.png,unlabelled,main,underfall_yard/10_oct_2019/run3,True
underfall_yard,10_oct_2019,run3,990,port,19,15.0,11.92,990_port_cond_19-15_00x11_92m.png,unlabelled,main,underfall_yard/10_oct_2019/run3,True
underfall_yard,10_oct_2019,run3,990,port,2,15.0,12.68,990_port_cond_2-15_00x12_68m.png,unlabelled,main,underfall_yard/10_oct_2019/run3,True
underfall_yard,10_oct_2019,run3,990,port,20,15.0,11.8,990_port_cond_20-15_00x11_80m.png,unlabelled,main,underfall_yard/10_oct_2019/run3,True
underfall_yard,10_oct_2019,run3,990,port,21,15.0,11.51,990_port_cond_21-15_00x11_51m.png,unlabelled,main,underfall_yard/10_oct_2019/run3,True
underfall_yard,10_oct_2019,run3,990,port,22,15.0,12.12,990_port_cond_22-15_00x12_12m.png,unlabelled,main,underfall_yard/10_oct_2019/run3,True
underfall_yard,10_oct_2019,run3,990,port,23,15.0,13.87,990_port_cond_23-15_00x13_87m.png,unlabelled,main,underfall_yard/10_oct_2019/run3,True
underfall_yard,10_oct_2019,run3,990,port,24,15.0,11.81,990_port_cond_24-15_00x11_81m.png,unlabelled,main,underfall_yard/10_oct_2019/run3,True
underfall_yard,10_oct_2019,run3,990,port,25,15.0,4.67,990_port_cond_25-15_00x4_67m.png,unlabelled,main,underfall_yard/10_oct_2019/run3,True
underfall_yard,10_oct_2019,run3,990,port,26,15.0,11.68,990_port_cond_26-15_00x11_68m.png,unlabelled,main,underfall_yard/10_oct_2019/run3,True
underfall_yard,10_oct_2019,run3,990,port,27,15.0,11.48,990_port_cond_27-15_00x11_48m.png,unlabelled,main,underfall_yard/10_oct_2019/run3,True
underfall_yard,10_oct_2019,run3,990,port,28,15.0,11.15,990_port_cond_28-15_00x11_15m.png,unlabelled,main,underfall_yard/10_oct_2019/run3,True
underfall_yard,10_oct_2019,run3,990,port,29,15.0,9.41,990_port_cond_29-15_00x9_41m.png,unlabelled,main,underfall_yard/10_oct_2019/run3,True
underfall_yard,10_oct_2019,run3,990,port,3,15.0,14.48,990_port_cond_3-15_00x14_48m.png,unlabelled,main,underfall_yard/10_oct_2019/run3,True
underfall_yard,10_oct_2019,run3,990,port,30,15.0,12.86,990_port_cond_30-15_00x12_86m.png,unlabelled,main,underfall_yard/10_oct_2019/run3,True
underfall_yard,10_oct_2019,run3,990,port,31,15.0,14.1,990_port_cond_31-15_00x14_10m.png,unlabelled,main,underfall_yard/10_oct_2019/run3,True
underfall_yard,10_oct_2019,run3,990,port,32,15.0,14.18,990_port_cond_32-15_00x14_18m.png,unlabelled,main,underfall_yard/10_oct_2019/run3,True
underfall_yard,10_oct_2019,run3,990,port,33,15.0,14.52,990_port_cond_33-15_00x14_52m.png,unlabelled,main,underfall_yard/10_oct_2019/run3,True
underfall_yard,10_oct_2019,run3,990,port,34,15.0,14.27,990_port_cond_34-15_00x14_27m.png,unlabelled,main,underfall_yard/10_oct_2019/run3,True
underfall_yard,10_oct_2019,run3,990,port,35,15.0,14.68,990_port_cond_35-15_00x14_68m.png,unlabelled,main,underfall_yard/10_oct_2019/run3,True
underfall_yard,10_oct_2019,run3,990,port,4,15.0,13.85,990_port_cond_4-15_00x13_85m.png,unlabelled,main,underfall_yard/10_oct_2019/run3,True
underfall_yard,10_oct_2019,run3,990,port,5,15.0,14.13,990_port_cond_5-15_00x14_13m.png,unlabelled,main,underfall_yard/10_oct_2019/run3,True
underfall_yard,10_oct_2019,run3,990,port,6,15.0,5.51,990_port_cond_6-15_00x5_51m.png,unlabelled,main,underfall_yard/10_oct_2019/run3,True
underfall_yard,10_oct_2019,run3,990,port,7,15.0,14.22,990_port_cond_7-15_00x14_22m.png,unlabelled,main,underfall_yard/10_oct_2019/run3,True
underfall_yard,10_oct_2019,run3,990,port,8,15.0,14.81,990_port_cond_8-15_00x14_81m.png,unlabelled,main,underfall_yard/10_oct_2019/run3,True
underfall_yard,10_oct_2019,run3,990,port,9,15.0,13.38,990_port_cond_9-15_00x13_38m.png,unlabelled,main,underfall_yard/10_oct_2019/run3,True
underfall_yard,10_oct_2019,run3,990,stbd,1,15.0,12.63,990_stbd_cond_1-15_00x12_63m.png,unlabelled,main,underfall_yard/10_oct_2019/run3,True
underfall_yard,10_oct_2019,run3,990,stbd,10,15.0,14.7,990_stbd_cond_10-15_00x14_70m.png,unlabelled,main,underfall_yard/10_oct_2019/run3,True
underfall_yard,10_oct_2019,run3,990,stbd,11,15.0,13.87,990_stbd_cond_11-15_00x13_87m.png,unlabelled,main,underfall_yard/10_oct_2019/run3,True
underfall_yard,10_oct_2019,run3,990,stbd,12,15.0,14.18,990_stbd_cond_12-15_00x14_18m.png,unlabelled,main,underfall_yard/10_oct_2019/run3,True
underfall_yard,10_oct_2019,run3,990,stbd,13,15.0,13.31,990_stbd_cond_13-15_00x13_31m.png,unlabelled,main,underfall_yard/10_oct_2019/run3,True
underfall_yard,10_oct_2019,run3,990,stbd,14,15.0,13.59,990_stbd_cond_14-15_00x13_59m.png,unlabelled,main,underfall_yard/10_oct_2019/run3,True
underfall_yard,10_oct_2019,run3,990,stbd,15,15.0,13.3,990_stbd_cond_15-15_00x13_30m.png,unlabelled,main,underfall_yard/10_oct_2019/run3,True
underfall_yard,10_oct_2019,run3,990,stbd,16,15.0,11.1,990_stbd_cond_16-15_00x11_10m.png,unlabelled,main,underfall_yard/10_oct_2019/run3,True
underfall_yard,10_oct_2019,run3,990,stbd,17,15.0,11.86,990_stbd_cond_17-15_00x11_86m.png,unlabelled,main,underfall_yard/10_oct_2019/run3,True
underfall_yard,10_oct_2019,run3,990,stbd,18,15.0,11.34,990_stbd_cond_18-15_00x11_34m.png,unlabelled,main,underfall_yard/10_oct_2019/run3,True
underfall_yard,10_oct_2019,run3,990,stbd,19,15.0,11.92,990_stbd_cond_19-15_00x11_92m.png,unlabelled,main,underfall_yard/10_oct_2019/run3,True
underfall_yard,10_oct_2019,run3,990,stbd,2,15.0,12.68,990_stbd_cond_2-15_00x12_68m.png,unlabelled,main,underfall_yard/10_oct_2019/run3,True
underfall_yard,10_oct_2019,run3,990,stbd,20,15.0,11.8,990_stbd_cond_20-15_00x11_80m.png,unlabelled,main,underfall_yard/10_oct_2019/run3,True
underfall_yard,10_oct_2019,run3,990,stbd,21,15.0,11.51,990_stbd_cond_21-15_00x11_51m.png,unlabelled,main,underfall_yard/10_oct_2019/run3,True
underfall_yard,10_oct_2019,run3,990,stbd,22,15.0,12.12,990_stbd_cond_22-15_00x12_12m.png,unlabelled,main,underfall_yard/10_oct_2019/run3,True
underfall_yard,10_oct_2019,run3,990,stbd,23,15.0,13.87,990_stbd_cond_23-15_00x13_87m.png,unlabelled,main,underfall_yard/10_oct_2019/run3,True
underfall_yard,10_oct_2019,run3,990,stbd,24,15.0,11.81,990_stbd_cond_24-15_00x11_81m.png,unlabelled,main,underfall_yard/10_oct_2019/run3,True
underfall_yard,10_oct_2019,run3,990,stbd,25,15.0,4.67,990_stbd_cond_25-15_00x4_67m.png,unlabelled,main,underfall_yard/10_oct_2019/run3,True
underfall_yard,10_oct_2019,run3,990,stbd,26,15.0,11.68,990_stbd_cond_26-15_00x11_68m.png,unlabelled,main,underfall_yard/10_oct_2019/run3,True
underfall_yard,10_oct_2019,run3,990,stbd,27,15.0,11.48,990_stbd_cond_27-15_00x11_48m.png,unlabelled,main,underfall_yard/10_oct_2019/run3,True
underfall_yard,10_oct_2019,run3,990,stbd,28,15.0,11.15,990_stbd_cond_28-15_00x11_15m.png,unlabelled,main,underfall_yard/10_oct_2019/run3,True
underfall_yard,10_oct_2019,run3,990,stbd,29,15.0,9.41,990_stbd_cond_29-15_00x9_41m.png,unlabelled,main,underfall_yard/10_oct_2019/run3,True
underfall_yard,10_oct_2019,run3,990,stbd,3,15.0,14.48,990_stbd_cond_3-15_00x14_48m.png,unlabelled,main,underfall_yard/10_oct_2019/run3,True
underfall_yard,10_oct_2019,run3,990,stbd,30,15.0,12.86,990_stbd_cond_30-15_00x12_86m.png,unlabelled,main,underfall_yard/10_oct_2019/run3,True
underfall_yard,10_oct_2019,run3,990,stbd,31,15.0,14.1,990_stbd_cond_31-15_00x14_10m.png,unlabelled,main,underfall_yard/10_oct_2019/run3,True
underfall_yard,10_oct_2019,run3,990,stbd,32,15.0,14.18,990_stbd_cond_32-15_00x14_18m.png,unlabelled,main,underfall_yard/10_oct_2019/run3,True
underfall_yard,10_oct_2019,run3,990,stbd,33,15.0,14.52,990_stbd_cond_33-15_00x14_52m.png,unlabelled,main,underfall_yard/10_oct_2019/run3,True
underfall_yard,10_oct_2019,run3,990,stbd,34,15.0,14.27,990_stbd_cond_34-15_00x14_27m.png,unlabelled,main,underfall_yard/10_oct_2019/run3,True
underfall_yard,10_oct_2019,run3,990,stbd,35,15.0,14.68,990_stbd_cond_35-15_00x14_68m.png,unlabelled,main,underfall_yard/10_oct_2019/run3,True
underfall_yard,10_oct_2019,run3,990,stbd,4,15.0,13.85,990_stbd_cond_4-15_00x13_85m.png,unlabelled,main,underfall_yard/10_oct_2019/run3,True
underfall_yard,10_oct_2019,run3,990,stbd,5,15.0,14.13,990_stbd_cond_5-15_00x14_13m.png,unlabelled,main,underfall_yard/10_oct_2019/run3,True
underfall_yard,10_oct_2019,run3,990,stbd,6,15.0,5.51,990_stbd_cond_6-15_00x5_51m.png,unlabelled,main,underfall_yard/10_oct_2019/run3,True
underfall_yard,10_oct_2019,run3,990,stbd,7,15.0,14.22,990_stbd_cond_7-15_00x14_22m.png,unlabelled,main,underfall_yard/10_oct_2019/run3,True
underfall_yard,10_oct_2019,run3,990,stbd,8,15.0,14.81,990_stbd_cond_8-15_00x14_81m.png,unlabelled,main,underfall_yard/10_oct_2019/run3,True
underfall_yard,10_oct_2019,run3,990,stbd,9,15.0,13.38,990_stbd_cond_9-15_00x13_38m.png,unlabelled,main,underfall_yard/10_oct_2019/run3,True
underfall_yard,10_oct_2019,run3,450,port,1,15.0,12.63,450_port_cond_1-15_00x12_63m.png,unlabelled,main,underfall_yard/10_oct_2019/run3,False
underfall_yard,10_oct_2019,run3,450,port,10,15.0,14.7,450_port_cond_10-15_00x14_70m.png,unlabelled,main,underfall_yard/10_oct_2019/run3,False
underfall_yard,10_oct_2019,run3,450,port,11,15.0,13.87,450_port_cond_11-15_00x13_87m.png,unlabelled,main,underfall_yard/10_oct_2019/run3,False
underfall_yard,10_oct_2019,run3,450,port,12,15.0,14.18,450_port_cond_12-15_00x14_18m.png,unlabelled,main,underfall_yard/10_oct_2019/run3,False
underfall_yard,10_oct_2019,run3,450,port,13,15.0,13.31,450_port_cond_13-15_00x13_31m.png,unlabelled,main,underfall_yard/10_oct_2019/run3,False
underfall_yard,10_oct_2019,run3,450,port,14,15.0,13.59,450_port_cond_14-15_00x13_59m.png,unlabelled,main,underfall_yard/10_oct_2019/run3,False
underfall_yard,10_oct_2019,run3,450,port,15,15.0,13.3,450_port_cond_15-15_00x13_30m.png,unlabelled,main,underfall_yard/10_oct_2019/run3,False
underfall_yard,10_oct_2019,run3,450,port,16,15.0,11.1,450_port_cond_16-15_00x11_10m.png,unlabelled,main,underfall_yard/10_oct_2019/run3,False
underfall_yard,10_oct_2019,run3,450,port,17,15.0,11.86,450_port_cond_17-15_00x11_86m.png,unlabelled,main,underfall_yard/10_oct_2019/run3,False
underfall_yard,10_oct_2019,run3,450,port,18,15.0,11.34,450_port_cond_18-15_00x11_34m.png,unlabelled,main,underfall_yard/10_oct_2019/run3,False
underfall_yard,10_oct_2019,run3,450,port,19,15.0,11.92,450_port_cond_19-15_00x11_92m.png,unlabelled,main,underfall_yard/10_oct_2019/run3,False
underfall_yard,10_oct_2019,run3,450,port,2,15.0,12.68,450_port_cond_2-15_00x12_68m.png,unlabelled,main,underfall_yard/10_oct_2019/run3,False
underfall_yard,10_oct_2019,run3,450,port,20,15.0,11.8,450_port_cond_20-15_00x11_80m.png,unlabelled,main,underfall_yard/10_oct_2019/run3,False
underfall_yard,10_oct_2019,run3,450,port,21,15.0,11.51,450_port_cond_21-15_00x11_51m.png,unlabelled,main,underfall_yard/10_oct_2019/run3,False
underfall_yard,10_oct_2019,run3,450,port,22,15.0,12.12,450_port_cond_22-15_00x12_12m.png,unlabelled,main,underfall_yard/10_oct_2019/run3,False
underfall_yard,10_oct_2019,run3,450,port,23,15.0,13.87,450_port_cond_23-15_00x13_87m.png,unlabelled,main,underfall_yard/10_oct_2019/run3,False
underfall_yard,10_oct_2019,run3,450,port,24,15.0,11.81,450_port_cond_24-15_00x11_81m.png,unlabelled,main,underfall_yard/10_oct_2019/run3,False
underfall_yard,10_oct_2019,run3,450,port,25,15.0,4.67,450_port_cond_25-15_00x4_67m.png,unlabelled,main,underfall_yard/10_oct_2019/run3,False
underfall_yard,10_oct_2019,run3,450,port,26,15.0,11.68,450_port_cond_26-15_00x11_68m.png,unlabelled,main,underfall_yard/10_oct_2019/run3,False
underfall_yard,10_oct_2019,run3,450,port,27,15.0,11.48,450_port_cond_27-15_00x11_48m.png,unlabelled,main,underfall_yard/10_oct_2019/run3,False
underfall_yard,10_oct_2019,run3,450,port,28,15.0,11.15,450_port_cond_28-15_00x11_15m.png,unlabelled,main,underfall_yard/10_oct_2019/run3,False
underfall_yard,10_oct_2019,run3,450,port,29,15.0,9.41,450_port_cond_29-15_00x9_41m.png,unlabelled,main,underfall_yard/10_oct_2019/run3,False
underfall_yard,10_oct_2019,run3,450,port,3,15.0,14.48,450_port_cond_3-15_00x14_48m.png,unlabelled,main,underfall_yard/10_oct_2019/run3,False
underfall_yard,10_oct_2019,run3,450,port,30,15.0,12.86,450_port_cond_30-15_00x12_86m.png,unlabelled,main,underfall_yard/10_oct_2019/run3,False
underfall_yard,10_oct_2019,run3,450,port,31,15.0,14.1,450_port_cond_31-15_00x14_10m.png,unlabelled,main,underfall_yard/10_oct_2019/run3,False
underfall_yard,10_oct_2019,run3,450,port,32,15.0,14.18,450_port_cond_32-15_00x14_18m.png,unlabelled,main,underfall_yard/10_oct_2019/run3,False
underfall_yard,10_oct_2019,run3,450,port,33,15.0,14.52,450_port_cond_33-15_00x14_52m.png,unlabelled,main,underfall_yard/10_oct_2019/run3,False
underfall_yard,10_oct_2019,run3,450,port,34,15.0,14.27,450_port_cond_34-15_00x14_27m.png,unlabelled,main,underfall_yard/10_oct_2019/run3,False
underfall_yard,10_oct_2019,run3,450,port,35,15.0,14.68,450_port_cond_35-15_00x14_68m.png,unlabelled,main,underfall_yard/10_oct_2019/run3,False
underfall_yard,10_oct_2019,run3,450,port,4,15.0,13.85,450_port_cond_4-15_00x13_85m.png,unlabelled,main,underfall_yard/10_oct_2019/run3,False
underfall_yard,10_oct_2019,run3,450,port,5,15.0,14.13,450_port_cond_5-15_00x14_13m.png,unlabelled,main,underfall_yard/10_oct_2019/run3,False
underfall_yard,10_oct_2019,run3,450,port,6,15.0,5.51,450_port_cond_6-15_00x5_51m.png,unlabelled,main,underfall_yard/10_oct_2019/run3,False
underfall_yard,10_oct_2019,run3,450,port,7,15.0,14.22,450_port_cond_7-15_00x14_22m.png,unlabelled,main,underfall_yard/10_oct_2019/run3,False
underfall_yard,10_oct_2019,run3,450,port,8,15.0,14.81,450_port_cond_8-15_00x14_81m.png,unlabelled,main,underfall_yard/10_oct_2019/run3,False
underfall_yard,10_oct_2019,run3,450,port,9,15.0,13.38,450_port_cond_9-15_00x13_38m.png,unlabelled,main,underfall_yard/10_oct_2019/run3,False
underfall_yard,10_oct_2019,run3,450,stbd,1,15.0,12.63,450_stbd_cond_1-15_00x12_63m.png,unlabelled,main,underfall_yard/10_oct_2019/run3,False
underfall_yard,10_oct_2019,run3,450,stbd,10,15.0,14.7,450_stbd_cond_10-15_00x14_70m.png,unlabelled,main,underfall_yard/10_oct_2019/run3,False
underfall_yard,10_oct_2019,run3,450,stbd,11,15.0,13.87,450_stbd_cond_11-15_00x13_87m.png,unlabelled,main,underfall_yard/10_oct_2019/run3,False
underfall_yard,10_oct_2019,run3,450,stbd,12,15.0,14.18,450_stbd_cond_12-15_00x14_18m.png,unlabelled,main,underfall_yard/10_oct_2019/run3,False
underfall_yard,10_oct_2019,run3,450,stbd,13,15.0,13.31,450_stbd_cond_13-15_00x13_31m.png,unlabelled,main,underfall_yard/10_oct_2019/run3,False
underfall_yard,10_oct_2019,run3,450,stbd,14,15.0,13.59,450_stbd_cond_14-15_00x13_59m.png,unlabelled,main,underfall_yard/10_oct_2019/run3,False
underfall_yard,10_oct_2019,run3,450,stbd,15,15.0,13.3,450_stbd_cond_15-15_00x13_30m.png,unlabelled,main,underfall_yard/10_oct_2019/run3,False
underfall_yard,10_oct_2019,run3,450,stbd,16,15.0,11.1,450_stbd_cond_16-15_00x11_10m.png,unlabelled,main,underfall_yard/10_oct_2019/run3,False
underfall_yard,10_oct_2019,run3,450,stbd,17,15.0,11.86,450_stbd_cond_17-15_00x11_86m.png,unlabelled,main,underfall_yard/10_oct_2019/run3,False
underfall_yard,10_oct_2019,run3,450,stbd,18,15.0,11.34,450_stbd_cond_18-15_00x11_34m.png,unlabelled,main,underfall_yard/10_oct_2019/run3,False
underfall_yard,10_oct_2019,run3,450,stbd,19,15.0,11.92,450_stbd_cond_19-15_00x11_92m.png,unlabelled,main,underfall_yard/10_oct_2019/run3,False
underfall_yard,10_oct_2019,run3,450,stbd,2,15.0,12.68,450_stbd_cond_2-15_00x12_68m.png,unlabelled,main,underfall_yard/10_oct_2019/run3,False
underfall_yard,10_oct_2019,run3,450,stbd,20,15.0,11.8,450_stbd_cond_20-15_00x11_80m.png,unlabelled,main,underfall_yard/10_oct_2019/run3,False
underfall_yard,10_oct_2019,run3,450,stbd,21,15.0,11.51,450_stbd_cond_21-15_00x11_51m.png,unlabelled,main,underfall_yard/10_oct_2019/run3,False
underfall_yard,10_oct_2019,run3,450,stbd,22,15.0,12.12,450_stbd_cond_22-15_00x12_12m.png,unlabelled,main,underfall_yard/10_oct_2019/run3,False
underfall_yard,10_oct_2019,run3,450,stbd,23,15.0,13.87,450_stbd_cond_23-15_00x13_87m.png,unlabelled,main,underfall_yard/10_oct_2019/run3,False
underfall_yard,10_oct_2019,run3,450,stbd,24,15.0,11.81,450_stbd_cond_24-15_00x11_81m.png,unlabelled,main,underfall_yard/10_oct_2019/run3,False
underfall_yard,10_oct_2019,run3,450,stbd,25,15.0,4.67,450_stbd_cond_25-15_00x4_67m.png,unlabelled,main,underfall_yard/10_oct_2019/run3,False
underfall_yard,10_oct_2019,run3,450,stbd,26,15.0,11.68,450_stbd_cond_26-15_00x11_68m.png,unlabelled,main,underfall_yard/10_oct_2019/run3,False
underfall_yard,10_oct_2019,run3,450,stbd,27,15.0,11.48,450_stbd_cond_27-15_00x11_48m.png,unlabelled,main,underfall_yard/10_oct_2019/run3,False
underfall_yard,10_oct_2019,run3,450,stbd,28,15.0,11.15,450_stbd_cond_28-15_00x11_15m.png,unlabelled,main,underfall_yard/10_oct_2019/run3,False
underfall_yard,10_oct_2019,run3,450,stbd,29,15.0,9.41,450_stbd_cond_29-15_00x9_41m.png,unlabelled,main,underfall_yard/10_oct_2019/run3,False
underfall_yard,10_oct_2019,run3,450,stbd,3,15.0,14.48,450_stbd_cond_3-15_00x14_48m.png,unlabelled,main,underfall_yard/10_oct_2019/run3,False
underfall_yard,10_oct_2019,run3,450,stbd,30,15.0,12.86,450_stbd_cond_30-15_00x12_86m.png,unlabelled,main,underfall_yard/10_oct_2019/run3,False
underfall_yard,10_oct_2019,run3,450,stbd,31,15.0,14.1,450_stbd_cond_31-15_00x14_10m.png,unlabelled,main,underfall_yard/10_oct_2019/run3,False
underfall_yard,10_oct_2019,run3,450,stbd,32,15.0,14.18,450_stbd_cond_32-15_00x14_18m.png,unlabelled,main,underfall_yard/10_oct_2019/run3,False
underfall_yard,10_oct_2019,run3,450,stbd,33,15.0,14.52,450_stbd_cond_33-15_00x14_52m.png,unlabelled,main,underfall_yard/10_oct_2019/run3,False
underfall_yard,10_oct_2019,run3,450,stbd,34,15.0,14.27,450_stbd_cond_34-15_00x14_27m.png,unlabelled,main,underfall_yard/10_oct_2019/run3,False
underfall_yard,10_oct_2019,run3,450,stbd,35,15.0,14.68,450_stbd_cond_35-15_00x14_68m.png,unlabelled,main,underfall_yard/10_oct_2019/run3,False
underfall_yard,10_oct_2019,run3,450,stbd,4,15.0,13.85,450_stbd_cond_4-15_00x13_85m.png,unlabelled,main,underfall_yard/10_oct_2019/run3,False
underfall_yard,10_oct_2019,run3,450,stbd,5,15.0,14.13,450_stbd_cond_5-15_00x14_13m.png,unlabelled,main,underfall_yard/10_oct_2019/run3,False
underfall_yard,10_oct_2019,run3,450,stbd,6,15.0,5.51,450_stbd_cond_6-15_00x5_51m.png,unlabelled,main,underfall_yard/10_oct_2019/run3,False
underfall_yard,10_oct_2019,run3,450,stbd,7,15.0,14.22,450_stbd_cond_7-15_00x14_22m.png,unlabelled,main,underfall_yard/10_oct_2019/run3,False
underfall_yard,10_oct_2019,run3,450,stbd,8,15.0,14.81,450_stbd_cond_8-15_00x14_81m.png,unlabelled,main,underfall_yard/10_oct_2019/run3,False
underfall_yard,10_oct_2019,run3,450,stbd,9,15.0,13.38,450_stbd_cond_9-15_00x13_38m.png,unlabelled,main,underfall_yard/10_oct_2019/run3,False
underfall_yard,14_jul_2021,run1,990,port,1,15.0,45.15,990_port_cond_1-15_00x45_15m.png,unlabelled,main,underfall_yard/14_jul_2021/run1,True
underfall_yard,14_jul_2021,run1,990,port,10,15.0,45.71,990_port_cond_10-15_00x45_71m.png,unlabelled,main,underfall_yard/14_jul_2021/run1,True
underfall_yard,14_jul_2021,run1,990,port,11,15.0,21.16,990_port_cond_11-15_00x21_16m.png,unlabelled,main,underfall_yard/14_jul_2021/run1,True
underfall_yard,14_jul_2021,run1,990,port,12,15.0,19.65,990_port_cond_12-15_00x19_65m.png,unlabelled,main,underfall_yard/14_jul_2021/run1,True
underfall_yard,14_jul_2021,run1,990,port,13,15.0,27.65,990_port_cond_13-15_00x27_65m.png,unlabelled,main,underfall_yard/14_jul_2021/run1,True
underfall_yard,14_jul_2021,run1,990,port,14,15.0,6.07,990_port_cond_14-15_00x6_07m.png,unlabelled,main,underfall_yard/14_jul_2021/run1,True
underfall_yard,14_jul_2021,run1,990,port,15,15.0,40.37,990_port_cond_15-15_00x40_37m.png,unlabelled,main,underfall_yard/14_jul_2021/run1,True
underfall_yard,14_jul_2021,run1,990,port,16,15.0,47.93,990_port_cond_16-15_00x47_93m.png,unlabelled,main,underfall_yard/14_jul_2021/run1,True
underfall_yard,14_jul_2021,run1,990,port,17,15.0,47.35,990_port_cond_17-15_00x47_35m.png,unlabelled,main,underfall_yard/14_jul_2021/run1,True
underfall_yard,14_jul_2021,run1,990,port,18,15.0,47.31,990_port_cond_18-15_00x47_31m.png,unlabelled,main,underfall_yard/14_jul_2021/run1,True
underfall_yard,14_jul_2021,run1,990,port,19,15.0,47.68,990_port_cond_19-15_00x47_68m.png,unlabelled,main,underfall_yard/14_jul_2021/run1,True
underfall_yard,14_jul_2021,run1,990,port,2,15.0,44.23,990_port_cond_2-15_00x44_23m.png,unlabelled,main,underfall_yard/14_jul_2021/run1,True
underfall_yard,14_jul_2021,run1,990,port,20,15.0,46.85,990_port_cond_20-15_00x46_85m.png,unlabelled,main,underfall_yard/14_jul_2021/run1,True
underfall_yard,14_jul_2021,run1,990,port,21,15.0,46.44,990_port_cond_21-15_00x46_44m.png,unlabelled,main,underfall_yard/14_jul_2021/run1,True
underfall_yard,14_jul_2021,run1,990,port,22,15.0,47.19,990_port_cond_22-15_00x47_19m.png,unlabelled,main,underfall_yard/14_jul_2021/run1,True
underfall_yard,14_jul_2021,run1,990,port,23,15.0,33.79,990_port_cond_23-15_00x33_79m.png,unlabelled,main,underfall_yard/14_jul_2021/run1,True
underfall_yard,14_jul_2021,run1,990,port,24,15.0,11.59,990_port_cond_24-15_00x11_59m.png,unlabelled,main,underfall_yard/14_jul_2021/run1,True
underfall_yard,14_jul_2021,run1,990,port,25,15.0,15.55,990_port_cond_25-15_00x15_55m.png,unlabelled,main,underfall_yard/14_jul_2021/run1,True
underfall_yard,14_jul_2021,run1,990,port,26,15.0,7.4,990_port_cond_26-15_00x7_40m.png,unlabelled,main,underfall_yard/14_jul_2021/run1,True
underfall_yard,14_jul_2021,run1,990,port,27,15.0,12.66,990_port_cond_27-15_00x12_66m.png,unlabelled,main,underfall_yard/14_jul_2021/run1,True
underfall_yard,14_jul_2021,run1,990,port,28,15.0,17.89,990_port_cond_28-15_00x17_89m.png,unlabelled,main,underfall_yard/14_jul_2021/run1,True
underfall_yard,14_jul_2021,run1,990,port,29,15.0,23.8,990_port_cond_29-15_00x23_80m.png,unlabelled,main,underfall_yard/14_jul_2021/run1,True
underfall_yard,14_jul_2021,run1,990,port,3,15.0,44.05,990_port_cond_3-15_00x44_05m.png,unlabelled,main,underfall_yard/14_jul_2021/run1,True
underfall_yard,14_jul_2021,run1,990,port,30,15.0,28.57,990_port_cond_30-15_00x28_57m.png,unlabelled,main,underfall_yard/14_jul_2021/run1,True
underfall_yard,14_jul_2021,run1,990,port,31,15.0,34.16,990_port_cond_31-15_00x34_16m.png,unlabelled,main,underfall_yard/14_jul_2021/run1,True
underfall_yard,14_jul_2021,run1,990,port,32,15.0,39.02,990_port_cond_32-15_00x39_02m.png,unlabelled,main,underfall_yard/14_jul_2021/run1,True
underfall_yard,14_jul_2021,run1,990,port,33,15.0,39.48,990_port_cond_33-15_00x39_48m.png,unlabelled,main,underfall_yard/14_jul_2021/run1,True
underfall_yard,14_jul_2021,run1,990,port,34,15.0,38.8,990_port_cond_34-15_00x38_80m.png,unlabelled,main,underfall_yard/14_jul_2021/run1,True
underfall_yard,14_jul_2021,run1,990,port,35,15.0,38.35,990_port_cond_35-15_00x38_35m.png,unlabelled,main,underfall_yard/14_jul_2021/run1,True
underfall_yard,14_jul_2021,run1,990,port,36,15.0,38.15,990_port_cond_36-15_00x38_15m.png,unlabelled,main,underfall_yard/14_jul_2021/run1,True
underfall_yard,14_jul_2021,run1,990,port,37,15.0,38.16,990_port_cond_37-15_00x38_16m.png,unlabelled,main,underfall_yard/14_jul_2021/run1,True
underfall_yard,14_jul_2021,run1,990,port,38,15.0,31.2,990_port_cond_38-15_00x31_20m.png,unlabelled,main,underfall_yard/14_jul_2021/run1,True
underfall_yard,14_jul_2021,run1,990,port,39,15.0,24.79,990_port_cond_39-15_00x24_79m.png,unlabelled,main,underfall_yard/14_jul_2021/run1,True
underfall_yard,14_jul_2021,run1,990,port,4,15.0,44.33,990_port_cond_4-15_00x44_33m.png,unlabelled,main,underfall_yard/14_jul_2021/run1,True
underfall_yard,14_jul_2021,run1,990,port,40,15.0,18.3,990_port_cond_40-15_00x18_30m.png,unlabelled,main,underfall_yard/14_jul_2021/run1,True
underfall_yard,14_jul_2021,run1,990,port,41,15.0,9.62,990_port_cond_41-15_00x9_62m.png,unlabelled,main,underfall_yard/14_jul_2021/run1,True
underfall_yard,14_jul_2021,run1,990,port,42,15.0,6.15,990_port_cond_42-15_00x6_15m.png,unlabelled,main,underfall_yard/14_jul_2021/run1,True
underfall_yard,14_jul_2021,run1,990,port,43,15.0,4.4,990_port_cond_43-15_00x4_40m.png,unlabelled,main,underfall_yard/14_jul_2021/run1,True
underfall_yard,14_jul_2021,run1,990,port,44,15.0,15.29,990_port_cond_44-15_00x15_29m.png,unlabelled,main,underfall_yard/14_jul_2021/run1,True
underfall_yard,14_jul_2021,run1,990,port,45,15.0,22.14,990_port_cond_45-15_00x22_14m.png,unlabelled,main,underfall_yard/14_jul_2021/run1,True
underfall_yard,14_jul_2021,run1,990,port,46,15.0,27.99,990_port_cond_46-15_00x27_99m.png,unlabelled,main,underfall_yard/14_jul_2021/run1,True
underfall_yard,14_jul_2021,run1,990,port,47,15.0,28.22,990_port_cond_47-15_00x28_22m.png,unlabelled,main,underfall_yard/14_jul_2021/run1,True
underfall_yard,14_jul_2021,run1,990,port,48,15.0,27.79,990_port_cond_48-15_00x27_79m.png,unlabelled,main,underfall_yard/14_jul_2021/run1,True
underfall_yard,14_jul_2021,run1,990,port,49,15.0,27.79,990_port_cond_49-15_00x27_79m.png,unlabelled,main,underfall_yard/14_jul_2021/run1,True
underfall_yard,14_jul_2021,run1,990,port,5,15.0,44.44,990_port_cond_5-15_00x44_44m.png,unlabelled,main,underfall_yard/14_jul_2021/run1,True
underfall_yard,14_jul_2021,run1,990,port,50,15.0,27.48,990_port_cond_50-15_00x27_48m.png,unlabelled,main,underfall_yard/14_jul_2021/run1,True
underfall_yard,14_jul_2021,run1,990,port,51,15.0,27.83,990_port_cond_51-15_00x27_83m.png,unlabelled,main,underfall_yard/14_jul_2021/run1,True
underfall_yard,14_jul_2021,run1,990,port,52,15.0,27.35,990_port_cond_52-15_00x27_35m.png,unlabelled,main,underfall_yard/14_jul_2021/run1,True
underfall_yard,14_jul_2021,run1,990,port,53,15.0,27.24,990_port_cond_53-15_00x27_24m.png,unlabelled,main,underfall_yard/14_jul_2021/run1,True
underfall_yard,14_jul_2021,run1,990,port,54,15.0,26.66,990_port_cond_54-15_00x26_66m.png,unlabelled,main,underfall_yard/14_jul_2021/run1,True
underfall_yard,14_jul_2021,run1,990,port,55,15.0,26.24,990_port_cond_55-15_00x26_24m.png,unlabelled,main,underfall_yard/14_jul_2021/run1,True
underfall_yard,14_jul_2021,run1,990,port,56,15.0,14.42,990_port_cond_56-15_00x14_42m.png,unlabelled,main,underfall_yard/14_jul_2021/run1,True
underfall_yard,14_jul_2021,run1,990,port,57,15.0,8.32,990_port_cond_57-15_00x8_32m.png,unlabelled,main,underfall_yard/14_jul_2021/run1,True
underfall_yard,14_jul_2021,run1,990,port,58,15.0,21.85,990_port_cond_58-15_00x21_85m.png,unlabelled,main,underfall_yard/14_jul_2021/run1,True
underfall_yard,14_jul_2021,run1,990,port,59,15.0,21.86,990_port_cond_59-15_00x21_86m.png,unlabelled,main,underfall_yard/14_jul_2021/run1,True
underfall_yard,14_jul_2021,run1,990,port,6,15.0,44.78,990_port_cond_6-15_00x44_78m.png,unlabelled,main,underfall_yard/14_jul_2021/run1,True
underfall_yard,14_jul_2021,run1,990,port,60,15.0,22.1,990_port_cond_60-15_00x22_10m.png,unlabelled,main,underfall_yard/14_jul_2021/run1,True
underfall_yard,14_jul_2021,run1,990,port,61,15.0,22.02,990_port_cond_61-15_00x22_02m.png,unlabelled,main,underfall_yard/14_jul_2021/run1,True
underfall_yard,14_jul_2021,run1,990,port,62,15.0,22.38,990_port_cond_62-15_00x22_38m.png,unlabelled,main,underfall_yard/14_jul_2021/run1,True
underfall_yard,14_jul_2021,run1,990,port,63,15.0,22.68,990_port_cond_63-15_00x22_68m.png,unlabelled,main,underfall_yard/14_jul_2021/run1,True
underfall_yard,14_jul_2021,run1,990,port,64,15.0,22.55,990_port_cond_64-15_00x22_55m.png,unlabelled,main,underfall_yard/14_jul_2021/run1,True
underfall_yard,14_jul_2021,run1,990,port,65,15.0,22.7,990_port_cond_65-15_00x22_70m.png,unlabelled,main,underfall_yard/14_jul_2021/run1,True
underfall_yard,14_jul_2021,run1,990,port,66,15.0,22.88,990_port_cond_66-15_00x22_88m.png,unlabelled,main,underfall_yard/14_jul_2021/run1,True
underfall_yard,14_jul_2021,run1,990,port,67,15.0,22.97,990_port_cond_67-15_00x22_97m.png,unlabelled,main,underfall_yard/14_jul_2021/run1,True
underfall_yard,14_jul_2021,run1,990,port,68,15.0,23.52,990_port_cond_68-15_00x23_52m.png,unlabelled,main,underfall_yard/14_jul_2021/run1,True
underfall_yard,14_jul_2021,run1,990,port,69,15.0,23.02,990_port_cond_69-15_00x23_02m.png,unlabelled,main,underfall_yard/14_jul_2021/run1,True
underfall_yard,14_jul_2021,run1,990,port,7,15.0,44.88,990_port_cond_7-15_00x44_88m.png,unlabelled,main,underfall_yard/14_jul_2021/run1,True
underfall_yard,14_jul_2021,run1,990,port,70,15.0,23.49,990_port_cond_70-15_00x23_49m.png,unlabelled,main,underfall_yard/14_jul_2021/run1,True
underfall_yard,14_jul_2021,run1,990,port,71,15.0,23.35,990_port_cond_71-15_00x23_35m.png,unlabelled,main,underfall_yard/14_jul_2021/run1,True
underfall_yard,14_jul_2021,run1,990,port,72,15.0,23.77,990_port_cond_72-15_00x23_77m.png,unlabelled,main,underfall_yard/14_jul_2021/run1,True
underfall_yard,14_jul_2021,run1,990,port,8,15.0,45.3,990_port_cond_8-15_00x45_30m.png,unlabelled,main,underfall_yard/14_jul_2021/run1,True
underfall_yard,14_jul_2021,run1,990,port,9,15.0,45.09,990_port_cond_9-15_00x45_09m.png,unlabelled,main,underfall_yard/14_jul_2021/run1,True
underfall_yard,14_jul_2021,run1,990,stbd,1,15.0,45.15,990_stbd_cond_1-15_00x45_15m.png,unlabelled,main,underfall_yard/14_jul_2021/run1,True
underfall_yard,14_jul_2021,run1,990,stbd,10,15.0,45.71,990_stbd_cond_10-15_00x45_71m.png,unlabelled,main,underfall_yard/14_jul_2021/run1,True
underfall_yard,14_jul_2021,run1,990,stbd,11,15.0,21.16,990_stbd_cond_11-15_00x21_16m.png,unlabelled,main,underfall_yard/14_jul_2021/run1,True
underfall_yard,14_jul_2021,run1,990,stbd,12,15.0,19.65,990_stbd_cond_12-15_00x19_65m.png,unlabelled,main,underfall_yard/14_jul_2021/run1,True
underfall_yard,14_jul_2021,run1,990,stbd,13,15.0,27.65,990_stbd_cond_13-15_00x27_65m.png,unlabelled,main,underfall_yard/14_jul_2021/run1,True
underfall_yard,14_jul_2021,run1,990,stbd,14,15.0,6.07,990_stbd_cond_14-15_00x6_07m.png,unlabelled,main,underfall_yard/14_jul_2021/run1,True
underfall_yard,14_jul_2021,run1,990,stbd,15,15.0,40.37,990_stbd_cond_15-15_00x40_37m.png,unlabelled,main,underfall_yard/14_jul_2021/run1,True
underfall_yard,14_jul_2021,run1,990,stbd,16,15.0,47.93,990_stbd_cond_16-15_00x47_93m.png,unlabelled,main,underfall_yard/14_jul_2021/run1,True
underfall_yard,14_jul_2021,run1,990,stbd,17,15.0,47.35,990_stbd_cond_17-15_00x47_35m.png,unlabelled,main,underfall_yard/14_jul_2021/run1,True
underfall_yard,14_jul_2021,run1,990,stbd,18,15.0,47.31,990_stbd_cond_18-15_00x47_31m.png,unlabelled,main,underfall_yard/14_jul_2021/run1,True
underfall_yard,14_jul_2021,run1,990,stbd,19,15.0,47.68,990_stbd_cond_19-15_00x47_68m.png,unlabelled,main,underfall_yard/14_jul_2021/run1,True
underfall_yard,14_jul_2021,run1,990,stbd,2,15.0,44.23,990_stbd_cond_2-15_00x44_23m.png,unlabelled,main,underfall_yard/14_jul_2021/run1,True
underfall_yard,14_jul_2021,run1,990,stbd,20,15.0,46.85,990_stbd_cond_20-15_00x46_85m.png,unlabelled,main,underfall_yard/14_jul_2021/run1,True
underfall_yard,14_jul_2021,run1,990,stbd,21,15.0,46.44,990_stbd_cond_21-15_00x46_44m.png,unlabelled,main,underfall_yard/14_jul_2021/run1,True
underfall_yard,14_jul_2021,run1,990,stbd,22,15.0,47.19,990_stbd_cond_22-15_00x47_19m.png,unlabelled,main,underfall_yard/14_jul_2021/run1,True
underfall_yard,14_jul_2021,run1,990,stbd,23,15.0,33.79,990_stbd_cond_23-15_00x33_79m.png,unlabelled,main,underfall_yard/14_jul_2021/run1,True
underfall_yard,14_jul_2021,run1,990,stbd,24,15.0,11.59,990_stbd_cond_24-15_00x11_59m.png,unlabelled,main,underfall_yard/14_jul_2021/run1,True
underfall_yard,14_jul_2021,run1,990,stbd,25,15.0,15.55,990_stbd_cond_25-15_00x15_55m.png,unlabelled,main,underfall_yard/14_jul_2021/run1,True
underfall_yard,14_jul_2021,run1,990,stbd,26,15.0,7.4,990_stbd_cond_26-15_00x7_40m.png,unlabelled,main,underfall_yard/14_jul_2021/run1,True
underfall_yard,14_jul_2021,run1,990,stbd,27,15.0,12.66,990_stbd_cond_27-15_00x12_66m.png,unlabelled,main,underfall_yard/14_jul_2021/run1,True
underfall_yard,14_jul_2021,run1,990,stbd,28,15.0,17.89,990_stbd_cond_28-15_00x17_89m.png,unlabelled,main,underfall_yard/14_jul_2021/run1,True
underfall_yard,14_jul_2021,run1,990,stbd,29,15.0,23.8,990_stbd_cond_29-15_00x23_80m.png,unlabelled,main,underfall_yard/14_jul_2021/run1,True
underfall_yard,14_jul_2021,run1,990,stbd,3,15.0,44.05,990_stbd_cond_3-15_00x44_05m.png,unlabelled,main,underfall_yard/14_jul_2021/run1,True
underfall_yard,14_jul_2021,run1,990,stbd,30,15.0,28.57,990_stbd_cond_30-15_00x28_57m.png,unlabelled,main,underfall_yard/14_jul_2021/run1,True
underfall_yard,14_jul_2021,run1,990,stbd,31,15.0,34.16,990_stbd_cond_31-15_00x34_16m.png,unlabelled,main,underfall_yard/14_jul_2021/run1,True
underfall_yard,14_jul_2021,run1,990,stbd,32,15.0,39.02,990_stbd_cond_32-15_00x39_02m.png,unlabelled,main,underfall_yard/14_jul_2021/run1,True
underfall_yard,14_jul_2021,run1,990,stbd,33,15.0,39.48,990_stbd_cond_33-15_00x39_48m.png,unlabelled,main,underfall_yard/14_jul_2021/run1,True
underfall_yard,14_jul_2021,run1,990,stbd,34,15.0,38.8,990_stbd_cond_34-15_00x38_80m.png,unlabelled,main,underfall_yard/14_jul_2021/run1,True
underfall_yard,14_jul_2021,run1,990,stbd,35,15.0,38.35,990_stbd_cond_35-15_00x38_35m.png,unlabelled,main,underfall_yard/14_jul_2021/run1,True
underfall_yard,14_jul_2021,run1,990,stbd,36,15.0,38.15,990_stbd_cond_36-15_00x38_15m.png,unlabelled,main,underfall_yard/14_jul_2021/run1,True
underfall_yard,14_jul_2021,run1,990,stbd,37,15.0,38.16,990_stbd_cond_37-15_00x38_16m.png,unlabelled,main,underfall_yard/14_jul_2021/run1,True
underfall_yard,14_jul_2021,run1,990,stbd,38,15.0,31.2,990_stbd_cond_38-15_00x31_20m.png,unlabelled,main,underfall_yard/14_jul_2021/run1,True
underfall_yard,14_jul_2021,run1,990,stbd,39,15.0,24.79,990_stbd_cond_39-15_00x24_79m.png,unlabelled,main,underfall_yard/14_jul_2021/run1,True
underfall_yard,14_jul_2021,run1,990,stbd,4,15.0,44.33,990_stbd_cond_4-15_00x44_33m.png,unlabelled,main,underfall_yard/14_jul_2021/run1,True
underfall_yard,14_jul_2021,run1,990,stbd,40,15.0,18.3,990_stbd_cond_40-15_00x18_30m.png,unlabelled,main,underfall_yard/14_jul_2021/run1,True
underfall_yard,14_jul_2021,run1,990,stbd,41,15.0,9.62,990_stbd_cond_41-15_00x9_62m.png,unlabelled,main,underfall_yard/14_jul_2021/run1,True
underfall_yard,14_jul_2021,run1,990,stbd,42,15.0,6.15,990_stbd_cond_42-15_00x6_15m.png,unlabelled,main,underfall_yard/14_jul_2021/run1,True
underfall_yard,14_jul_2021,run1,990,stbd,43,15.0,4.4,990_stbd_cond_43-15_00x4_40m.png,unlabelled,main,underfall_yard/14_jul_2021/run1,True
underfall_yard,14_jul_2021,run1,990,stbd,44,15.0,15.29,990_stbd_cond_44-15_00x15_29m.png,unlabelled,main,underfall_yard/14_jul_2021/run1,True
underfall_yard,14_jul_2021,run1,990,stbd,45,15.0,22.14,990_stbd_cond_45-15_00x22_14m.png,unlabelled,main,underfall_yard/14_jul_2021/run1,True
underfall_yard,14_jul_2021,run1,990,stbd,46,15.0,27.99,990_stbd_cond_46-15_00x27_99m.png,unlabelled,main,underfall_yard/14_jul_2021/run1,True
underfall_yard,14_jul_2021,run1,990,stbd,47,15.0,28.22,990_stbd_cond_47-15_00x28_22m.png,unlabelled,main,underfall_yard/14_jul_2021/run1,True
underfall_yard,14_jul_2021,run1,990,stbd,48,15.0,27.79,990_stbd_cond_48-15_00x27_79m.png,unlabelled,main,underfall_yard/14_jul_2021/run1,True
underfall_yard,14_jul_2021,run1,990,stbd,49,15.0,27.79,990_stbd_cond_49-15_00x27_79m.png,unlabelled,main,underfall_yard/14_jul_2021/run1,True
underfall_yard,14_jul_2021,run1,990,stbd,5,15.0,44.44,990_stbd_cond_5-15_00x44_44m.png,unlabelled,main,underfall_yard/14_jul_2021/run1,True
underfall_yard,14_jul_2021,run1,990,stbd,50,15.0,27.48,990_stbd_cond_50-15_00x27_48m.png,unlabelled,main,underfall_yard/14_jul_2021/run1,True
underfall_yard,14_jul_2021,run1,990,stbd,51,15.0,27.83,990_stbd_cond_51-15_00x27_83m.png,unlabelled,main,underfall_yard/14_jul_2021/run1,True
underfall_yard,14_jul_2021,run1,990,stbd,52,15.0,27.35,990_stbd_cond_52-15_00x27_35m.png,unlabelled,main,underfall_yard/14_jul_2021/run1,True
underfall_yard,14_jul_2021,run1,990,stbd,53,15.0,27.24,990_stbd_cond_53-15_00x27_24m.png,unlabelled,main,underfall_yard/14_jul_2021/run1,True
underfall_yard,14_jul_2021,run1,990,stbd,54,15.0,26.66,990_stbd_cond_54-15_00x26_66m.png,unlabelled,main,underfall_yard/14_jul_2021/run1,True
underfall_yard,14_jul_2021,run1,990,stbd,55,15.0,26.24,990_stbd_cond_55-15_00x26_24m.png,unlabelled,main,underfall_yard/14_jul_2021/run1,True
underfall_yard,14_jul_2021,run1,990,stbd,56,15.0,14.42,990_stbd_cond_56-15_00x14_42m.png,unlabelled,main,underfall_yard/14_jul_2021/run1,True
underfall_yard,14_jul_2021,run1,990,stbd,57,15.0,8.32,990_stbd_cond_57-15_00x8_32m.png,unlabelled,main,underfall_yard/14_jul_2021/run1,True
underfall_yard,14_jul_2021,run1,990,stbd,58,15.0,21.85,990_stbd_cond_58-15_00x21_85m.png,unlabelled,main,underfall_yard/14_jul_2021/run1,True
underfall_yard,14_jul_2021,run1,990,stbd,59,15.0,21.86,990_stbd_cond_59-15_00x21_86m.png,unlabelled,main,underfall_yard/14_jul_2021/run1,True
underfall_yard,14_jul_2021,run1,990,stbd,6,15.0,44.78,990_stbd_cond_6-15_00x44_78m.png,unlabelled,main,underfall_yard/14_jul_2021/run1,True
underfall_yard,14_jul_2021,run1,990,stbd,60,15.0,22.1,990_stbd_cond_60-15_00x22_10m.png,unlabelled,main,underfall_yard/14_jul_2021/run1,True
underfall_yard,14_jul_2021,run1,990,stbd,61,15.0,22.02,990_stbd_cond_61-15_00x22_02m.png,unlabelled,main,underfall_yard/14_jul_2021/run1,True
underfall_yard,14_jul_2021,run1,990,stbd,62,15.0,22.38,990_stbd_cond_62-15_00x22_38m.png,unlabelled,main,underfall_yard/14_jul_2021/run1,True
underfall_yard,14_jul_2021,run1,990,stbd,63,15.0,22.68,990_stbd_cond_63-15_00x22_68m.png,unlabelled,main,underfall_yard/14_jul_2021/run1,True
underfall_yard,14_jul_2021,run1,990,stbd,64,15.0,22.55,990_stbd_cond_64-15_00x22_55m.png,unlabelled,main,underfall_yard/14_jul_2021/run1,True
underfall_yard,14_jul_2021,run1,990,stbd,65,15.0,22.7,990_stbd_cond_65-15_00x22_70m.png,unlabelled,main,underfall_yard/14_jul_2021/run1,True
underfall_yard,14_jul_2021,run1,990,stbd,66,15.0,22.88,990_stbd_cond_66-15_00x22_88m.png,unlabelled,main,underfall_yard/14_jul_2021/run1,True
underfall_yard,14_jul_2021,run1,990,stbd,67,15.0,22.97,990_stbd_cond_67-15_00x22_97m.png,unlabelled,main,underfall_yard/14_jul_2021/run1,True
underfall_yard,14_jul_2021,run1,990,stbd,68,15.0,23.52,990_stbd_cond_68-15_00x23_52m.png,unlabelled,main,underfall_yard/14_jul_2021/run1,True
underfall_yard,14_jul_2021,run1,990,stbd,69,15.0,23.02,990_stbd_cond_69-15_00x23_02m.png,unlabelled,main,underfall_yard/14_jul_2021/run1,True
underfall_yard,14_jul_2021,run1,990,stbd,7,15.0,44.88,990_stbd_cond_7-15_00x44_88m.png,unlabelled,main,underfall_yard/14_jul_2021/run1,True
underfall_yard,14_jul_2021,run1,990,stbd,70,15.0,23.49,990_stbd_cond_70-15_00x23_49m.png,unlabelled,main,underfall_yard/14_jul_2021/run1,True
underfall_yard,14_jul_2021,run1,990,stbd,71,15.0,23.35,990_stbd_cond_71-15_00x23_35m.png,unlabelled,main,underfall_yard/14_jul_2021/run1,True
underfall_yard,14_jul_2021,run1,990,stbd,72,15.0,23.77,990_stbd_cond_72-15_00x23_77m.png,unlabelled,main,underfall_yard/14_jul_2021/run1,True
underfall_yard,14_jul_2021,run1,990,stbd,8,15.0,45.3,990_stbd_cond_8-15_00x45_30m.png,unlabelled,main,underfall_yard/14_jul_2021/run1,True
underfall_yard,14_jul_2021,run1,990,stbd,9,15.0,45.09,990_stbd_cond_9-15_00x45_09m.png,unlabelled,main,underfall_yard/14_jul_2021/run1,True
underfall_yard,14_jul_2021,run1,450,port,1,15.0,38.92,450_port_cond_1-15_00x38_92m.png,unlabelled,main,underfall_yard/14_jul_2021/run1,False
underfall_yard,14_jul_2021,run1,450,port,10,15.0,41.91,450_port_cond_10-15_00x41_91m.png,unlabelled,main,underfall_yard/14_jul_2021/run1,False
underfall_yard,14_jul_2021,run1,450,port,11,15.0,21.11,450_port_cond_11-15_00x21_11m.png,unlabelled,main,underfall_yard/14_jul_2021/run1,False
underfall_yard,14_jul_2021,run1,450,port,12,15.0,19.75,450_port_cond_12-15_00x19_75m.png,unlabelled,main,underfall_yard/14_jul_2021/run1,False
underfall_yard,14_jul_2021,run1,450,port,13,15.0,27.59,450_port_cond_13-15_00x27_59m.png,unlabelled,main,underfall_yard/14_jul_2021/run1,False
underfall_yard,14_jul_2021,run1,450,port,14,15.0,6.12,450_port_cond_14-15_00x6_12m.png,unlabelled,main,underfall_yard/14_jul_2021/run1,False
underfall_yard,14_jul_2021,run1,450,port,15,15.0,40.37,450_port_cond_15-15_00x40_37m.png,unlabelled,main,underfall_yard/14_jul_2021/run1,False
underfall_yard,14_jul_2021,run1,450,port,16,15.0,42.53,450_port_cond_16-15_00x42_53m.png,unlabelled,main,underfall_yard/14_jul_2021/run1,False
underfall_yard,14_jul_2021,run1,450,port,17,15.0,42.98,450_port_cond_17-15_00x42_98m.png,unlabelled,main,underfall_yard/14_jul_2021/run1,False
underfall_yard,14_jul_2021,run1,450,port,18,15.0,42.34,450_port_cond_18-15_00x42_34m.png,unlabelled,main,underfall_yard/14_jul_2021/run1,False
underfall_yard,14_jul_2021,run1,450,port,19,15.0,41.99,450_port_cond_19-15_00x41_99m.png,unlabelled,main,underfall_yard/14_jul_2021/run1,False
underfall_yard,14_jul_2021,run1,450,port,2,15.0,42.33,450_port_cond_2-15_00x42_33m.png,unlabelled,main,underfall_yard/14_jul_2021/run1,False
underfall_yard,14_jul_2021,run1,450,port,20,15.0,24.13,450_port_cond_20-15_00x24_13m.png,unlabelled,main,underfall_yard/14_jul_2021/run1,False
underfall_yard,14_jul_2021,run1,450,port,21,15.0,42.58,450_port_cond_21-15_00x42_58m.png,unlabelled,main,underfall_yard/14_jul_2021/run1,False
underfall_yard,14_jul_2021,run1,450,port,22,15.0,41.89,450_port_cond_22-15_00x41_89m.png,unlabelled,main,underfall_yard/14_jul_2021/run1,False
underfall_yard,14_jul_2021,run1,450,port,23,15.0,33.75,450_port_cond_23-15_00x33_75m.png,unlabelled,main,underfall_yard/14_jul_2021/run1,False
underfall_yard,14_jul_2021,run1,450,port,24,15.0,11.55,450_port_cond_24-15_00x11_55m.png,unlabelled,main,underfall_yard/14_jul_2021/run1,False
underfall_yard,14_jul_2021,run1,450,port,25,15.0,15.49,450_port_cond_25-15_00x15_49m.png,unlabelled,main,underfall_yard/14_jul_2021/run1,False
underfall_yard,14_jul_2021,run1,450,port,26,15.0,7.1,450_port_cond_26-15_00x7_10m.png,unlabelled,main,underfall_yard/14_jul_2021/run1,False
underfall_yard,14_jul_2021,run1,450,port,27,15.0,12.68,450_port_cond_27-15_00x12_68m.png,unlabelled,main,underfall_yard/14_jul_2021/run1,False
underfall_yard,14_jul_2021,run1,450,port,28,15.0,17.87,450_port_cond_28-15_00x17_87m.png,unlabelled,main,underfall_yard/14_jul_2021/run1,False
underfall_yard,14_jul_2021,run1,450,port,29,15.0,23.69,450_port_cond_29-15_00x23_69m.png,unlabelled,main,underfall_yard/14_jul_2021/run1,False
underfall_yard,14_jul_2021,run1,450,port,3,15.0,43.28,450_port_cond_3-15_00x43_28m.png,unlabelled,main,underfall_yard/14_jul_2021/run1,False
underfall_yard,14_jul_2021,run1,450,port,30,15.0,28.54,450_port_cond_30-15_00x28_54m.png,unlabelled,main,underfall_yard/14_jul_2021/run1,False
underfall_yard,14_jul_2021,run1,450,port,31,15.0,34.23,450_port_cond_31-15_00x34_23m.png,unlabelled,main,underfall_yard/14_jul_2021/run1,False
underfall_yard,14_jul_2021,run1,450,port,32,15.0,38.96,450_port_cond_32-15_00x38_96m.png,unlabelled,main,underfall_yard/14_jul_2021/run1,False
underfall_yard,14_jul_2021,run1,450,port,33,15.0,39.53,450_port_cond_33-15_00x39_53m.png,unlabelled,main,underfall_yard/14_jul_2021/run1,False
underfall_yard,14_jul_2021,run1,450,port,34,15.0,38.94,450_port_cond_34-15_00x38_94m.png,unlabelled,main,underfall_yard/14_jul_2021/run1,False
underfall_yard,14_jul_2021,run1,450,port,35,15.0,38.36,450_port_cond_35-15_00x38_36m.png,unlabelled,main,underfall_yard/14_jul_2021/run1,False
underfall_yard,14_jul_2021,run1,450,port,36,15.0,38.1,450_port_cond_36-15_00x38_10m.png,unlabelled,main,underfall_yard/14_jul_2021/run1,False
underfall_yard,14_jul_2021,run1,450,port,37,15.0,38.18,450_port_cond_37-15_00x38_18m.png,unlabelled,main,underfall_yard/14_jul_2021/run1,False
underfall_yard,14_jul_2021,run1,450,port,38,15.0,31.2,450_port_cond_38-15_00x31_20m.png,unlabelled,main,underfall_yard/14_jul_2021/run1,False
underfall_yard,14_jul_2021,run1,450,port,39,15.0,24.77,450_port_cond_39-15_00x24_77m.png,unlabelled,main,underfall_yard/14_jul_2021/run1,False
underfall_yard,14_jul_2021,run1,450,port,4,15.0,42.62,450_port_cond_4-15_00x42_62m.png,unlabelled,main,underfall_yard/14_jul_2021/run1,False
underfall_yard,14_jul_2021,run1,450,port,40,15.0,18.41,450_port_cond_40-15_00x18_41m.png,unlabelled,main,underfall_yard/14_jul_2021/run1,False
underfall_yard,14_jul_2021,run1,450,port,41,15.0,9.56,450_port_cond_41-15_00x9_56m.png,unlabelled,main,underfall_yard/14_jul_2021/run1,False
underfall_yard,14_jul_2021,run1,450,port,42,15.0,6.15,450_port_cond_42-15_00x6_15m.png,unlabelled,main,underfall_yard/14_jul_2021/run1,False
underfall_yard,14_jul_2021,run1,450,port,43,15.0,4.46,450_port_cond_43-15_00x4_46m.png,unlabelled,main,underfall_yard/14_jul_2021/run1,False
underfall_yard,14_jul_2021,run1,450,port,44,15.0,15.18,450_port_cond_44-15_00x15_18m.png,unlabelled,main,underfall_yard/14_jul_2021/run1,False
underfall_yard,14_jul_2021,run1,450,port,45,15.0,22.03,450_port_cond_45-15_00x22_03m.png,unlabelled,main,underfall_yard/14_jul_2021/run1,False
underfall_yard,14_jul_2021,run1,450,port,46,15.0,27.78,450_port_cond_46-15_00x27_78m.png,unlabelled,main,underfall_yard/14_jul_2021/run1,False
underfall_yard,14_jul_2021,run1,450,port,47,15.0,28.22,450_port_cond_47-15_00x28_22m.png,unlabelled,main,underfall_yard/14_jul_2021/run1,False
underfall_yard,14_jul_2021,run1,450,port,48,15.0,27.62,450_port_cond_48-15_00x27_62m.png,unlabelled,main,underfall_yard/14_jul_2021/run1,False
underfall_yard,14_jul_2021,run1,450,port,49,15.0,27.75,450_port_cond_49-15_00x27_75m.png,unlabelled,main,underfall_yard/14_jul_2021/run1,False
underfall_yard,14_jul_2021,run1,450,port,5,15.0,43.25,450_port_cond_5-15_00x43_25m.png,unlabelled,main,underfall_yard/14_jul_2021/run1,False
underfall_yard,14_jul_2021,run1,450,port,50,15.0,27.5,450_port_cond_50-15_00x27_50m.png,unlabelled,main,underfall_yard/14_jul_2021/run1,False
underfall_yard,14_jul_2021,run1,450,port,51,15.0,27.68,450_port_cond_51-15_00x27_68m.png,unlabelled,main,underfall_yard/14_jul_2021/run1,False
underfall_yard,14_jul_2021,run1,450,port,52,15.0,27.38,450_port_cond_52-15_00x27_38m.png,unlabelled,main,underfall_yard/14_jul_2021/run1,False
underfall_yard,14_jul_2021,run1,450,port,53,15.0,27.4,450_port_cond_53-15_00x27_40m.png,unlabelled,main,underfall_yard/14_jul_2021/run1,False
underfall_yard,14_jul_2021,run1,450,port,54,15.0,26.69,450_port_cond_54-15_00x26_69m.png,unlabelled,main,underfall_yard/14_jul_2021/run1,False
underfall_yard,14_jul_2021,run1,450,port,55,15.0,26.19,450_port_cond_55-15_00x26_19m.png,unlabelled,main,underfall_yard/14_jul_2021/run1,False
underfall_yard,14_jul_2021,run1,450,port,56,15.0,14.6,450_port_cond_56-15_00x14_60m.png,unlabelled,main,underfall_yard/14_jul_2021/run1,False
underfall_yard,14_jul_2021,run1,450,port,57,15.0,8.28,450_port_cond_57-15_00x8_28m.png,unlabelled,main,underfall_yard/14_jul_2021/run1,False
underfall_yard,14_jul_2021,run1,450,port,58,15.0,21.84,450_port_cond_58-15_00x21_84m.png,unlabelled,main,underfall_yard/14_jul_2021/run1,False
underfall_yard,14_jul_2021,run1,450,port,59,15.0,21.91,450_port_cond_59-15_00x21_91m.png,unlabelled,main,underfall_yard/14_jul_2021/run1,False
underfall_yard,14_jul_2021,run1,450,port,6,15.0,42.1,450_port_cond_6-15_00x42_10m.png,unlabelled,main,underfall_yard/14_jul_2021/run1,False
underfall_yard,14_jul_2021,run1,450,port,60,15.0,22.19,450_port_cond_60-15_00x22_19m.png,unlabelled,main,underfall_yard/14_jul_2021/run1,False
underfall_yard,14_jul_2021,run1,450,port,61,15.0,21.92,450_port_cond_61-15_00x21_92m.png,unlabelled,main,underfall_yard/14_jul_2021/run1,False
underfall_yard,14_jul_2021,run1,450,port,62,15.0,22.38,450_port_cond_62-15_00x22_38m.png,unlabelled,main,underfall_yard/14_jul_2021/run1,False
underfall_yard,14_jul_2021,run1,450,port,63,15.0,22.51,450_port_cond_63-15_00x22_51m.png,unlabelled,main,underfall_yard/14_jul_2021/run1,False
underfall_yard,14_jul_2021,run1,450,port,64,15.0,22.57,450_port_cond_64-15_00x22_57m.png,unlabelled,main,underfall_yard/14_jul_2021/run1,False
underfall_yard,14_jul_2021,run1,450,port,65,15.0,22.8,450_port_cond_65-15_00x22_80m.png,unlabelled,main,underfall_yard/14_jul_2021/run1,False
underfall_yard,14_jul_2021,run1,450,port,66,15.0,22.85,450_port_cond_66-15_00x22_85m.png,unlabelled,main,underfall_yard/14_jul_2021/run1,False
underfall_yard,14_jul_2021,run1,450,port,67,15.0,22.91,450_port_cond_67-15_00x22_91m.png,unlabelled,main,underfall_yard/14_jul_2021/run1,False
underfall_yard,14_jul_2021,run1,450,port,68,15.0,23.58,450_port_cond_68-15_00x23_58m.png,unlabelled,main,underfall_yard/14_jul_2021/run1,False
underfall_yard,14_jul_2021,run1,450,port,69,15.0,22.92,450_port_cond_69-15_00x22_92m.png,unlabelled,main,underfall_yard/14_jul_2021/run1,False
underfall_yard,14_jul_2021,run1,450,port,7,15.0,43.57,450_port_cond_7-15_00x43_57m.png,unlabelled,main,underfall_yard/14_jul_2021/run1,False
underfall_yard,14_jul_2021,run1,450,port,70,15.0,23.42,450_port_cond_70-15_00x23_42m.png,unlabelled,main,underfall_yard/14_jul_2021/run1,False
underfall_yard,14_jul_2021,run1,450,port,71,15.0,23.35,450_port_cond_71-15_00x23_35m.png,unlabelled,main,underfall_yard/14_jul_2021/run1,False
underfall_yard,14_jul_2021,run1,450,port,72,15.0,23.69,450_port_cond_72-15_00x23_69m.png,unlabelled,main,underfall_yard/14_jul_2021/run1,False
underfall_yard,14_jul_2021,run1,450,port,8,15.0,42.23,450_port_cond_8-15_00x42_23m.png,unlabelled,main,underfall_yard/14_jul_2021/run1,False
underfall_yard,14_jul_2021,run1,450,port,9,15.0,43.44,450_port_cond_9-15_00x43_44m.png,unlabelled,main,underfall_yard/14_jul_2021/run1,False
underfall_yard,14_jul_2021,run1,450,stbd,1,15.0,38.92,450_stbd_cond_1-15_00x38_92m.png,unlabelled,main,underfall_yard/14_jul_2021/run1,False
underfall_yard,14_jul_2021,run1,450,stbd,10,15.0,41.91,450_stbd_cond_10-15_00x41_91m.png,unlabelled,main,underfall_yard/14_jul_2021/run1,False
underfall_yard,14_jul_2021,run1,450,stbd,11,15.0,21.11,450_stbd_cond_11-15_00x21_11m.png,unlabelled,main,underfall_yard/14_jul_2021/run1,False
underfall_yard,14_jul_2021,run1,450,stbd,12,15.0,19.75,450_stbd_cond_12-15_00x19_75m.png,unlabelled,main,underfall_yard/14_jul_2021/run1,False
underfall_yard,14_jul_2021,run1,450,stbd,13,15.0,27.59,450_stbd_cond_13-15_00x27_59m.png,unlabelled,main,underfall_yard/14_jul_2021/run1,False
underfall_yard,14_jul_2021,run1,450,stbd,14,15.0,6.12,450_stbd_cond_14-15_00x6_12m.png,unlabelled,main,underfall_yard/14_jul_2021/run1,False
underfall_yard,14_jul_2021,run1,450,stbd,15,15.0,40.37,450_stbd_cond_15-15_00x40_37m.png,unlabelled,main,underfall_yard/14_jul_2021/run1,False
underfall_yard,14_jul_2021,run1,450,stbd,16,15.0,42.53,450_stbd_cond_16-15_00x42_53m.png,unlabelled,main,underfall_yard/14_jul_2021/run1,False
underfall_yard,14_jul_2021,run1,450,stbd,17,15.0,42.98,450_stbd_cond_17-15_00x42_98m.png,unlabelled,main,underfall_yard/14_jul_2021/run1,False
underfall_yard,14_jul_2021,run1,450,stbd,18,15.0,42.34,450_stbd_cond_18-15_00x42_34m.png,unlabelled,main,underfall_yard/14_jul_2021/run1,False
underfall_yard,14_jul_2021,run1,450,stbd,19,15.0,41.99,450_stbd_cond_19-15_00x41_99m.png,unlabelled,main,underfall_yard/14_jul_2021/run1,False
underfall_yard,14_jul_2021,run1,450,stbd,2,15.0,42.33,450_stbd_cond_2-15_00x42_33m.png,unlabelled,main,underfall_yard/14_jul_2021/run1,False
underfall_yard,14_jul_2021,run1,450,stbd,20,15.0,24.13,450_stbd_cond_20-15_00x24_13m.png,unlabelled,main,underfall_yard/14_jul_2021/run1,False
underfall_yard,14_jul_2021,run1,450,stbd,21,15.0,42.58,450_stbd_cond_21-15_00x42_58m.png,unlabelled,main,underfall_yard/14_jul_2021/run1,False
underfall_yard,14_jul_2021,run1,450,stbd,22,15.0,41.89,450_stbd_cond_22-15_00x41_89m.png,unlabelled,main,underfall_yard/14_jul_2021/run1,False
underfall_yard,14_jul_2021,run1,450,stbd,23,15.0,33.75,450_stbd_cond_23-15_00x33_75m.png,unlabelled,main,underfall_yard/14_jul_2021/run1,False
underfall_yard,14_jul_2021,run1,450,stbd,24,15.0,11.55,450_stbd_cond_24-15_00x11_55m.png,unlabelled,main,underfall_yard/14_jul_2021/run1,False
underfall_yard,14_jul_2021,run1,450,stbd,25,15.0,15.49,450_stbd_cond_25-15_00x15_49m.png,unlabelled,main,underfall_yard/14_jul_2021/run1,False
underfall_yard,14_jul_2021,run1,450,stbd,26,15.0,7.1,450_stbd_cond_26-15_00x7_10m.png,unlabelled,main,underfall_yard/14_jul_2021/run1,False
underfall_yard,14_jul_2021,run1,450,stbd,27,15.0,12.68,450_stbd_cond_27-15_00x12_68m.png,unlabelled,main,underfall_yard/14_jul_2021/run1,False
underfall_yard,14_jul_2021,run1,450,stbd,28,15.0,17.87,450_stbd_cond_28-15_00x17_87m.png,unlabelled,main,underfall_yard/14_jul_2021/run1,False
underfall_yard,14_jul_2021,run1,450,stbd,29,15.0,23.69,450_stbd_cond_29-15_00x23_69m.png,unlabelled,main,underfall_yard/14_jul_2021/run1,False
underfall_yard,14_jul_2021,run1,450,stbd,3,15.0,43.28,450_stbd_cond_3-15_00x43_28m.png,unlabelled,main,underfall_yard/14_jul_2021/run1,False
underfall_yard,14_jul_2021,run1,450,stbd,30,15.0,28.54,450_stbd_cond_30-15_00x28_54m.png,unlabelled,main,underfall_yard/14_jul_2021/run1,False
underfall_yard,14_jul_2021,run1,450,stbd,31,15.0,34.23,450_stbd_cond_31-15_00x34_23m.png,unlabelled,main,underfall_yard/14_jul_2021/run1,False
underfall_yard,14_jul_2021,run1,450,stbd,32,15.0,38.96,450_stbd_cond_32-15_00x38_96m.png,unlabelled,main,underfall_yard/14_jul_2021/run1,False
underfall_yard,14_jul_2021,run1,450,stbd,33,15.0,39.53,450_stbd_cond_33-15_00x39_53m.png,unlabelled,main,underfall_yard/14_jul_2021/run1,False
underfall_yard,14_jul_2021,run1,450,stbd,34,15.0,38.94,450_stbd_cond_34-15_00x38_94m.png,unlabelled,main,underfall_yard/14_jul_2021/run1,False
underfall_yard,14_jul_2021,run1,450,stbd,35,15.0,38.36,450_stbd_cond_35-15_00x38_36m.png,unlabelled,main,underfall_yard/14_jul_2021/run1,False
underfall_yard,14_jul_2021,run1,450,stbd,36,15.0,38.1,450_stbd_cond_36-15_00x38_10m.png,unlabelled,main,underfall_yard/14_jul_2021/run1,False
underfall_yard,14_jul_2021,run1,450,stbd,37,15.0,38.18,450_stbd_cond_37-15_00x38_18m.png,unlabelled,main,underfall_yard/14_jul_2021/run1,False
underfall_yard,14_jul_2021,run1,450,stbd,38,15.0,31.2,450_stbd_cond_38-15_00x31_20m.png,unlabelled,main,underfall_yard/14_jul_2021/run1,False
underfall_yard,14_jul_2021,run1,450,stbd,39,15.0,24.77,450_stbd_cond_39-15_00x24_77m.png,unlabelled,main,underfall_yard/14_jul_2021/run1,False
underfall_yard,14_jul_2021,run1,450,stbd,4,15.0,42.62,450_stbd_cond_4-15_00x42_62m.png,unlabelled,main,underfall_yard/14_jul_2021/run1,False
underfall_yard,14_jul_2021,run1,450,stbd,40,15.0,18.41,450_stbd_cond_40-15_00x18_41m.png,unlabelled,main,underfall_yard/14_jul_2021/run1,False
underfall_yard,14_jul_2021,run1,450,stbd,41,15.0,9.56,450_stbd_cond_41-15_00x9_56m.png,unlabelled,main,underfall_yard/14_jul_2021/run1,False
underfall_yard,14_jul_2021,run1,450,stbd,42,15.0,6.15,450_stbd_cond_42-15_00x6_15m.png,unlabelled,main,underfall_yard/14_jul_2021/run1,False
underfall_yard,14_jul_2021,run1,450,stbd,43,15.0,4.46,450_stbd_cond_43-15_00x4_46m.png,unlabelled,main,underfall_yard/14_jul_2021/run1,False
underfall_yard,14_jul_2021,run1,450,stbd,44,15.0,15.18,450_stbd_cond_44-15_00x15_18m.png,unlabelled,main,underfall_yard/14_jul_2021/run1,False
underfall_yard,14_jul_2021,run1,450,stbd,45,15.0,22.03,450_stbd_cond_45-15_00x22_03m.png,unlabelled,main,underfall_yard/14_jul_2021/run1,False
underfall_yard,14_jul_2021,run1,450,stbd,46,15.0,27.78,450_stbd_cond_46-15_00x27_78m.png,unlabelled,main,underfall_yard/14_jul_2021/run1,False
underfall_yard,14_jul_2021,run1,450,stbd,47,15.0,28.22,450_stbd_cond_47-15_00x28_22m.png,unlabelled,main,underfall_yard/14_jul_2021/run1,False
underfall_yard,14_jul_2021,run1,450,stbd,48,15.0,27.62,450_stbd_cond_48-15_00x27_62m.png,unlabelled,main,underfall_yard/14_jul_2021/run1,False
underfall_yard,14_jul_2021,run1,450,stbd,49,15.0,27.75,450_stbd_cond_49-15_00x27_75m.png,unlabelled,main,underfall_yard/14_jul_2021/run1,False
underfall_yard,14_jul_2021,run1,450,stbd,5,15.0,43.25,450_stbd_cond_5-15_00x43_25m.png,unlabelled,main,underfall_yard/14_jul_2021/run1,False
underfall_yard,14_jul_2021,run1,450,stbd,50,15.0,27.5,450_stbd_cond_50-15_00x27_50m.png,unlabelled,main,underfall_yard/14_jul_2021/run1,False
underfall_yard,14_jul_2021,run1,450,stbd,51,15.0,27.68,450_stbd_cond_51-15_00x27_68m.png,unlabelled,main,underfall_yard/14_jul_2021/run1,False
underfall_yard,14_jul_2021,run1,450,stbd,52,15.0,27.38,450_stbd_cond_52-15_00x27_38m.png,unlabelled,main,underfall_yard/14_jul_2021/run1,False
underfall_yard,14_jul_2021,run1,450,stbd,53,15.0,27.4,450_stbd_cond_53-15_00x27_40m.png,unlabelled,main,underfall_yard/14_jul_2021/run1,False
underfall_yard,14_jul_2021,run1,450,stbd,54,15.0,26.69,450_stbd_cond_54-15_00x26_69m.png,unlabelled,main,underfall_yard/14_jul_2021/run1,False
underfall_yard,14_jul_2021,run1,450,stbd,55,15.0,26.19,450_stbd_cond_55-15_00x26_19m.png,unlabelled,main,underfall_yard/14_jul_2021/run1,False
underfall_yard,14_jul_2021,run1,450,stbd,56,15.0,14.6,450_stbd_cond_56-15_00x14_60m.png,unlabelled,main,underfall_yard/14_jul_2021/run1,False
underfall_yard,14_jul_2021,run1,450,stbd,57,15.0,8.28,450_stbd_cond_57-15_00x8_28m.png,unlabelled,main,underfall_yard/14_jul_2021/run1,False
underfall_yard,14_jul_2021,run1,450,stbd,58,15.0,21.84,450_stbd_cond_58-15_00x21_84m.png,unlabelled,main,underfall_yard/14_jul_2021/run1,False
underfall_yard,14_jul_2021,run1,450,stbd,59,15.0,21.91,450_stbd_cond_59-15_00x21_91m.png,unlabelled,main,underfall_yard/14_jul_2021/run1,False
underfall_yard,14_jul_2021,run1,450,stbd,6,15.0,42.1,450_stbd_cond_6-15_00x42_10m.png,unlabelled,main,underfall_yard/14_jul_2021/run1,False
underfall_yard,14_jul_2021,run1,450,stbd,60,15.0,22.19,450_stbd_cond_60-15_00x22_19m.png,unlabelled,main,underfall_yard/14_jul_2021/run1,False
underfall_yard,14_jul_2021,run1,450,stbd,61,15.0,21.92,450_stbd_cond_61-15_00x21_92m.png,unlabelled,main,underfall_yard/14_jul_2021/run1,False
underfall_yard,14_jul_2021,run1,450,stbd,62,15.0,22.38,450_stbd_cond_62-15_00x22_38m.png,unlabelled,main,underfall_yard/14_jul_2021/run1,False
underfall_yard,14_jul_2021,run1,450,stbd,63,15.0,22.51,450_stbd_cond_63-15_00x22_51m.png,unlabelled,main,underfall_yard/14_jul_2021/run1,False
underfall_yard,14_jul_2021,run1,450,stbd,64,15.0,22.57,450_stbd_cond_64-15_00x22_57m.png,unlabelled,main,underfall_yard/14_jul_2021/run1,False
underfall_yard,14_jul_2021,run1,450,stbd,65,15.0,22.8,450_stbd_cond_65-15_00x22_80m.png,unlabelled,main,underfall_yard/14_jul_2021/run1,False
underfall_yard,14_jul_2021,run1,450,stbd,66,15.0,22.85,450_stbd_cond_66-15_00x22_85m.png,unlabelled,main,underfall_yard/14_jul_2021/run1,False
underfall_yard,14_jul_2021,run1,450,stbd,67,15.0,22.91,450_stbd_cond_67-15_00x22_91m.png,unlabelled,main,underfall_yard/14_jul_2021/run1,False
underfall_yard,14_jul_2021,run1,450,stbd,68,15.0,23.58,450_stbd_cond_68-15_00x23_58m.png,unlabelled,main,underfall_yard/14_jul_2021/run1,False
underfall_yard,14_jul_2021,run1,450,stbd,69,15.0,22.92,450_stbd_cond_69-15_00x22_92m.png,unlabelled,main,underfall_yard/14_jul_2021/run1,False
underfall_yard,14_jul_2021,run1,450,stbd,7,15.0,43.57,450_stbd_cond_7-15_00x43_57m.png,unlabelled,main,underfall_yard/14_jul_2021/run1,False
underfall_yard,14_jul_2021,run1,450,stbd,70,15.0,23.42,450_stbd_cond_70-15_00x23_42m.png,unlabelled,main,underfall_yard/14_jul_2021/run1,False
underfall_yard,14_jul_2021,run1,450,stbd,71,15.0,23.35,450_stbd_cond_71-15_00x23_35m.png,unlabelled,main,underfall_yard/14_jul_2021/run1,False
underfall_yard,14_jul_2021,run1,450,stbd,72,15.0,23.69,450_stbd_cond_72-15_00x23_69m.png,unlabelled,main,underfall_yard/14_jul_2021/run1,False
underfall_yard,14_jul_2021,run1,450,stbd,8,15.0,42.23,450_stbd_cond_8-15_00x42_23m.png,unlabelled,main,underfall_yard/14_jul_2021/run1,False
underfall_yard,14_jul_2021,run1,450,stbd,9,15.0,43.44,450_stbd_cond_9-15_00x43_44m.png,unlabelled,main,underfall_yard/14_jul_2021/run1,False
underfall_yard,14_jul_2021,run2,990,port,1,15.0,36.61,990_port_cond_1-15_00x36_61m.png,unlabelled,main,underfall_yard/14_jul_2021/run2,True
underfall_yard,14_jul_2021,run2,990,port,10,15.0,50.38,990_port_cond_10-15_00x50_38m.png,unlabelled,main,underfall_yard/14_jul_2021/run2,True
underfall_yard,14_jul_2021,run2,990,port,11,15.0,5.9,990_port_cond_11-15_00x5_90m.png,unlabelled,main,underfall_yard/14_jul_2021/run2,True
underfall_yard,14_jul_2021,run2,990,port,12,15.0,2.36,990_port_cond_12-15_00x2_36m.png,unlabelled,main,underfall_yard/14_jul_2021/run2,True
underfall_yard,14_jul_2021,run2,990,port,13,15.0,44.95,990_port_cond_13-15_00x44_95m.png,unlabelled,main,underfall_yard/14_jul_2021/run2,True
underfall_yard,14_jul_2021,run2,990,port,14,15.0,4.29,990_port_cond_14-15_00x4_29m.png,unlabelled,main,underfall_yard/14_jul_2021/run2,True
underfall_yard,14_jul_2021,run2,990,port,15,15.0,45.39,990_port_cond_15-15_00x45_39m.png,unlabelled,main,underfall_yard/14_jul_2021/run2,True
underfall_yard,14_jul_2021,run2,990,port,16,15.0,45.19,990_port_cond_16-15_00x45_19m.png,unlabelled,main,underfall_yard/14_jul_2021/run2,True
underfall_yard,14_jul_2021,run2,990,port,17,15.0,51.37,990_port_cond_17-15_00x51_37m.png,unlabelled,main,underfall_yard/14_jul_2021/run2,True
underfall_yard,14_jul_2021,run2,990,port,18,15.0,21.75,990_port_cond_18-15_00x21_75m.png,unlabelled,main,underfall_yard/14_jul_2021/run2,True
underfall_yard,14_jul_2021,run2,990,port,19,15.0,19.85,990_port_cond_19-15_00x19_85m.png,unlabelled,main,underfall_yard/14_jul_2021/run2,True
underfall_yard,14_jul_2021,run2,990,port,2,15.0,10.09,990_port_cond_2-15_00x10_09m.png,unlabelled,main,underfall_yard/14_jul_2021/run2,True
underfall_yard,14_jul_2021,run2,990,port,20,15.0,4.37,990_port_cond_20-15_00x4_37m.png,unlabelled,main,underfall_yard/14_jul_2021/run2,True
underfall_yard,14_jul_2021,run2,990,port,21,15.0,30.43,990_port_cond_21-15_00x30_43m.png,unlabelled,main,underfall_yard/14_jul_2021/run2,True
underfall_yard,14_jul_2021,run2,990,port,3,15.0,49.35,990_port_cond_3-15_00x49_35m.png,unlabelled,main,underfall_yard/14_jul_2021/run2,True
underfall_yard,14_jul_2021,run2,990,port,4,15.0,2.51,990_port_cond_4-15_00x2_51m.png,unlabelled,main,underfall_yard/14_jul_2021/run2,True
underfall_yard,14_jul_2021,run2,990,port,5,15.0,44.05,990_port_cond_5-15_00x44_05m.png,unlabelled,main,underfall_yard/14_jul_2021/run2,True
underfall_yard,14_jul_2021,run2,990,port,6,15.0,5.49,990_port_cond_6-15_00x5_49m.png,unlabelled,main,underfall_yard/14_jul_2021/run2,True
underfall_yard,14_jul_2021,run2,990,port,7,15.0,49.31,990_port_cond_7-15_00x49_31m.png,unlabelled,main,underfall_yard/14_jul_2021/run2,True
underfall_yard,14_jul_2021,run2,990,port,8,15.0,2.24,990_port_cond_8-15_00x2_24m.png,unlabelled,main,underfall_yard/14_jul_2021/run2,True
underfall_yard,14_jul_2021,run2,990,port,9,15.0,44.52,990_port_cond_9-15_00x44_52m.png,unlabelled,main,underfall_yard/14_jul_2021/run2,True
underfall_yard,14_jul_2021,run2,990,stbd,1,15.0,36.61,990_stbd_cond_1-15_00x36_61m.png,unlabelled,main,underfall_yard/14_jul_2021/run2,True
underfall_yard,14_jul_2021,run2,990,stbd,10,15.0,50.38,990_stbd_cond_10-15_00x50_38m.png,unlabelled,main,underfall_yard/14_jul_2021/run2,True
underfall_yard,14_jul_2021,run2,990,stbd,11,15.0,5.9,990_stbd_cond_11-15_00x5_90m.png,unlabelled,main,underfall_yard/14_jul_2021/run2,True
underfall_yard,14_jul_2021,run2,990,stbd,12,15.0,2.36,990_stbd_cond_12-15_00x2_36m.png,unlabelled,main,underfall_yard/14_jul_2021/run2,True
underfall_yard,14_jul_2021,run2,990,stbd,13,15.0,44.95,990_stbd_cond_13-15_00x44_95m.png,unlabelled,main,underfall_yard/14_jul_2021/run2,True
underfall_yard,14_jul_2021,run2,990,stbd,14,15.0,4.29,990_stbd_cond_14-15_00x4_29m.png,unlabelled,main,underfall_yard/14_jul_2021/run2,True
underfall_yard,14_jul_2021,run2,990,stbd,15,15.0,45.39,990_stbd_cond_15-15_00x45_39m.png,unlabelled,main,underfall_yard/14_jul_2021/run2,True
underfall_yard,14_jul_2021,run2,990,stbd,16,15.0,45.19,990_stbd_cond_16-15_00x45_19m.png,unlabelled,main,underfall_yard/14_jul_2021/run2,True
underfall_yard,14_jul_2021,run2,990,stbd,17,15.0,51.37,990_stbd_cond_17-15_00x51_37m.png,unlabelled,main,underfall_yard/14_jul_2021/run2,True
underfall_yard,14_jul_2021,run2,990,stbd,18,15.0,21.75,990_stbd_cond_18-15_00x21_75m.png,unlabelled,main,underfall_yard/14_jul_2021/run2,True
underfall_yard,14_jul_2021,run2,990,stbd,19,15.0,19.85,990_stbd_cond_19-15_00x19_85m.png,unlabelled,main,underfall_yard/14_jul_2021/run2,True
underfall_yard,14_jul_2021,run2,990,stbd,2,15.0,10.09,990_stbd_cond_2-15_00x10_09m.png,unlabelled,main,underfall_yard/14_jul_2021/run2,True
underfall_yard,14_jul_2021,run2,990,stbd,20,15.0,4.37,990_stbd_cond_20-15_00x4_37m.png,unlabelled,main,underfall_yard/14_jul_2021/run2,True
underfall_yard,14_jul_2021,run2,990,stbd,21,15.0,30.43,990_stbd_cond_21-15_00x30_43m.png,unlabelled,main,underfall_yard/14_jul_2021/run2,True
underfall_yard,14_jul_2021,run2,990,stbd,3,15.0,49.35,990_stbd_cond_3-15_00x49_35m.png,unlabelled,main,underfall_yard/14_jul_2021/run2,True
underfall_yard,14_jul_2021,run2,990,stbd,4,15.0,2.51,990_stbd_cond_4-15_00x2_51m.png,unlabelled,main,underfall_yard/14_jul_2021/run2,True
underfall_yard,14_jul_2021,run2,990,stbd,5,15.0,44.05,990_stbd_cond_5-15_00x44_05m.png,unlabelled,main,underfall_yard/14_jul_2021/run2,True
underfall_yard,14_jul_2021,run2,990,stbd,6,15.0,5.49,990_stbd_cond_6-15_00x5_49m.png,unlabelled,main,underfall_yard/14_jul_2021/run2,True
underfall_yard,14_jul_2021,run2,990,stbd,7,15.0,49.31,990_stbd_cond_7-15_00x49_31m.png,unlabelled,main,underfall_yard/14_jul_2021/run2,True
underfall_yard,14_jul_2021,run2,990,stbd,8,15.0,2.24,990_stbd_cond_8-15_00x2_24m.png,unlabelled,main,underfall_yard/14_jul_2021/run2,True
underfall_yard,14_jul_2021,run2,990,stbd,9,15.0,44.52,990_stbd_cond_9-15_00x44_52m.png,unlabelled,main,underfall_yard/14_jul_2021/run2,True
underfall_yard,14_jul_2021,run2,450,port,1,15.0,36.61,450_port_cond_1-15_00x36_61m.png,unlabelled,main,underfall_yard/14_jul_2021/run2,False
underfall_yard,14_jul_2021,run2,450,port,10,15.0,50.38,450_port_cond_10-15_00x50_38m.png,unlabelled,main,underfall_yard/14_jul_2021/run2,False
underfall_yard,14_jul_2021,run2,450,port,11,15.0,5.9,450_port_cond_11-15_00x5_90m.png,unlabelled,main,underfall_yard/14_jul_2021/run2,False
underfall_yard,14_jul_2021,run2,450,port,12,15.0,2.36,450_port_cond_12-15_00x2_36m.png,unlabelled,main,underfall_yard/14_jul_2021/run2,False
underfall_yard,14_jul_2021,run2,450,port,13,15.0,44.95,450_port_cond_13-15_00x44_95m.png,unlabelled,main,underfall_yard/14_jul_2021/run2,False
underfall_yard,14_jul_2021,run2,450,port,14,15.0,4.29,450_port_cond_14-15_00x4_29m.png,unlabelled,main,underfall_yard/14_jul_2021/run2,False
underfall_yard,14_jul_2021,run2,450,port,15,15.0,45.39,450_port_cond_15-15_00x45_39m.png,unlabelled,main,underfall_yard/14_jul_2021/run2,False
underfall_yard,14_jul_2021,run2,450,port,16,15.0,45.19,450_port_cond_16-15_00x45_19m.png,unlabelled,main,underfall_yard/14_jul_2021/run2,False
underfall_yard,14_jul_2021,run2,450,port,17,15.0,51.37,450_port_cond_17-15_00x51_37m.png,unlabelled,main,underfall_yard/14_jul_2021/run2,False
underfall_yard,14_jul_2021,run2,450,port,18,15.0,21.75,450_port_cond_18-15_00x21_75m.png,unlabelled,main,underfall_yard/14_jul_2021/run2,False
underfall_yard,14_jul_2021,run2,450,port,19,15.0,19.85,450_port_cond_19-15_00x19_85m.png,unlabelled,main,underfall_yard/14_jul_2021/run2,False
underfall_yard,14_jul_2021,run2,450,port,2,15.0,10.09,450_port_cond_2-15_00x10_09m.png,unlabelled,main,underfall_yard/14_jul_2021/run2,False
underfall_yard,14_jul_2021,run2,450,port,20,15.0,4.37,450_port_cond_20-15_00x4_37m.png,unlabelled,main,underfall_yard/14_jul_2021/run2,False
underfall_yard,14_jul_2021,run2,450,port,21,15.0,30.43,450_port_cond_21-15_00x30_43m.png,unlabelled,main,underfall_yard/14_jul_2021/run2,False
underfall_yard,14_jul_2021,run2,450,port,3,15.0,49.35,450_port_cond_3-15_00x49_35m.png,unlabelled,main,underfall_yard/14_jul_2021/run2,False
underfall_yard,14_jul_2021,run2,450,port,4,15.0,2.51,450_port_cond_4-15_00x2_51m.png,unlabelled,main,underfall_yard/14_jul_2021/run2,False
underfall_yard,14_jul_2021,run2,450,port,5,15.0,44.05,450_port_cond_5-15_00x44_05m.png,unlabelled,main,underfall_yard/14_jul_2021/run2,False
underfall_yard,14_jul_2021,run2,450,port,6,15.0,5.49,450_port_cond_6-15_00x5_49m.png,unlabelled,main,underfall_yard/14_jul_2021/run2,False
underfall_yard,14_jul_2021,run2,450,port,7,15.0,49.31,450_port_cond_7-15_00x49_31m.png,unlabelled,main,underfall_yard/14_jul_2021/run2,False
underfall_yard,14_jul_2021,run2,450,port,8,15.0,2.24,450_port_cond_8-15_00x2_24m.png,unlabelled,main,underfall_yard/14_jul_2021/run2,False
underfall_yard,14_jul_2021,run2,450,port,9,15.0,44.52,450_port_cond_9-15_00x44_52m.png,unlabelled,main,underfall_yard/14_jul_2021/run2,False
underfall_yard,14_jul_2021,run2,450,stbd,1,15.0,36.61,450_stbd_cond_1-15_00x36_61m.png,unlabelled,main,underfall_yard/14_jul_2021/run2,False
underfall_yard,14_jul_2021,run2,450,stbd,10,15.0,50.38,450_stbd_cond_10-15_00x50_38m.png,unlabelled,main,underfall_yard/14_jul_2021/run2,False
underfall_yard,14_jul_2021,run2,450,stbd,11,15.0,5.9,450_stbd_cond_11-15_00x5_90m.png,unlabelled,main,underfall_yard/14_jul_2021/run2,False
underfall_yard,14_jul_2021,run2,450,stbd,12,15.0,2.36,450_stbd_cond_12-15_00x2_36m.png,unlabelled,main,underfall_yard/14_jul_2021/run2,False
underfall_yard,14_jul_2021,run2,450,stbd,13,15.0,44.95,450_stbd_cond_13-15_00x44_95m.png,unlabelled,main,underfall_yard/14_jul_2021/run2,False
underfall_yard,14_jul_2021,run2,450,stbd,14,15.0,4.29,450_stbd_cond_14-15_00x4_29m.png,unlabelled,main,underfall_yard/14_jul_2021/run2,False
underfall_yard,14_jul_2021,run2,450,stbd,15,15.0,45.39,450_stbd_cond_15-15_00x45_39m.png,unlabelled,main,underfall_yard/14_jul_2021/run2,False
underfall_yard,14_jul_2021,run2,450,stbd,16,15.0,45.19,450_stbd_cond_16-15_00x45_19m.png,unlabelled,main,underfall_yard/14_jul_2021/run2,False
underfall_yard,14_jul_2021,run2,450,stbd,17,15.0,51.37,450_stbd_cond_17-15_00x51_37m.png,unlabelled,main,underfall_yard/14_jul_2021/run2,False
underfall_yard,14_jul_2021,run2,450,stbd,18,15.0,21.75,450_stbd_cond_18-15_00x21_75m.png,unlabelled,main,underfall_yard/14_jul_2021/run2,False
underfall_yard,14_jul_2021,run2,450,stbd,19,15.0,19.85,450_stbd_cond_19-15_00x19_85m.png,unlabelled,main,underfall_yard/14_jul_2021/run2,False
underfall_yard,14_jul_2021,run2,450,stbd,2,15.0,10.09,450_stbd_cond_2-15_00x10_09m.png,unlabelled,main,underfall_yard/14_jul_2021/run2,False
underfall_yard,14_jul_2021,run2,450,stbd,20,15.0,4.37,450_stbd_cond_20-15_00x4_37m.png,unlabelled,main,underfall_yard/14_jul_2021/run2,False
underfall_yard,14_jul_2021,run2,450,stbd,21,15.0,30.43,450_stbd_cond_21-15_00x30_43m.png,unlabelled,main,underfall_yard/14_jul_2021/run2,False
underfall_yard,14_jul_2021,run2,450,stbd,3,15.0,49.35,450_stbd_cond_3-15_00x49_35m.png,unlabelled,main,underfall_yard/14_jul_2021/run2,False
underfall_yard,14_jul_2021,run2,450,stbd,4,15.0,2.51,450_stbd_cond_4-15_00x2_51m.png,unlabelled,main,underfall_yard/14_jul_2021/run2,False
underfall_yard,14_jul_2021,run2,450,stbd,5,15.0,44.05,450_stbd_cond_5-15_00x44_05m.png,unlabelled,main,underfall_yard/14_jul_2021/run2,False
underfall_yard,14_jul_2021,run2,450,stbd,6,15.0,5.49,450_stbd_cond_6-15_00x5_49m.png,unlabelled,main,underfall_yard/14_jul_2021/run2,False
underfall_yard,14_jul_2021,run2,450,stbd,7,15.0,49.31,450_stbd_cond_7-15_00x49_31m.png,unlabelled,main,underfall_yard/14_jul_2021/run2,False
underfall_yard,14_jul_2021,run2,450,stbd,8,15.0,2.24,450_stbd_cond_8-15_00x2_24m.png,unlabelled,main,underfall_yard/14_jul_2021/run2,False
underfall_yard,14_jul_2021,run2,450,stbd,9,15.0,44.52,450_stbd_cond_9-15_00x44_52m.png,unlabelled,main,underfall_yard/14_jul_2021/run2,False
underfall_yard,2_oct_2019,run1,990,port,1,15.0,5.71,990_port_cond_1-15_00x5_71m.png,unlisted,main,underfall_yard/2_oct_2019/run1,True
underfall_yard,2_oct_2019,run1,990,port,10,15.0,13.35,990_port_cond_10-15_00x13_35m.png,unlisted,main,underfall_yard/2_oct_2019/run1,True
underfall_yard,2_oct_2019,run1,990,port,11,15.0,11.19,990_port_cond_11-15_00x11_19m.png,unlisted,main,underfall_yard/2_oct_2019/run1,True
underfall_yard,2_oct_2019,run1,990,port,12,15.0,11.74,990_port_cond_12-15_00x11_74m.png,target,main,underfall_yard/2_oct_2019/run1,True
underfall_yard,2_oct_2019,run1,990,port,13,15.0,11.73,990_port_cond_13-15_00x11_73m.png,unlisted,main,underfall_yard/2_oct_2019/run1,True
underfall_yard,2_oct_2019,run1,990,port,14,15.0,11.93,990_port_cond_14-15_00x11_93m.png,unlisted,main,underfall_yard/2_oct_2019/run1,True
underfall_yard,2_oct_2019,run1,990,port,15,15.0,11.68,990_port_cond_15-15_00x11_68m.png,target,main,underfall_yard/2_oct_2019/run1,True
underfall_yard,2_oct_2019,run1,990,port,16,15.0,11.33,990_port_cond_16-15_00x11_33m.png,unlisted,main,underfall_yard/2_oct_2019/run1,True
underfall_yard,2_oct_2019,run1,990,port,2,15.0,14.18,990_port_cond_2-15_00x14_18m.png,target,main,underfall_yard/2_oct_2019/run1,True
underfall_yard,2_oct_2019,run1,990,port,3,15.0,14.04,990_port_cond_3-15_00x14_04m.png,unlisted,main,underfall_yard/2_oct_2019/run1,True
underfall_yard,2_oct_2019,run1,990,port,4,15.0,12.58,990_port_cond_4-15_00x12_58m.png,target,main,underfall_yard/2_oct_2019/run1,True
underfall_yard,2_oct_2019,run1,990,port,5,15.0,15.25,990_port_cond_5-15_00x15_25m.png,unlisted,main,underfall_yard/2_oct_2019/run1,True
underfall_yard,2_oct_2019,run1,990,port,6,15.0,13.87,990_port_cond_6-15_00x13_87m.png,target,main,underfall_yard/2_oct_2019/run1,True
underfall_yard,2_oct_2019,run1,990,port,7,15.0,14.0,990_port_cond_7-15_00x14_00m.png,unlisted,main,underfall_yard/2_oct_2019/run1,True
underfall_yard,2_oct_2019,run1,990,port,8,15.0,13.55,990_port_cond_8-15_00x13_55m.png,unlisted,main,underfall_yard/2_oct_2019/run1,True
underfall_yard,2_oct_2019,run1,990,port,9,15.0,14.03,990_port_cond_9-15_00x14_03m.png,unlisted,main,underfall_yard/2_oct_2019/run1,True
underfall_yard,2_oct_2019,run1,990,stbd,1,15.0,5.71,990_stbd_cond_1-15_00x5_71m.png,unlisted,main,underfall_yard/2_oct_2019/run1,True
underfall_yard,2_oct_2019,run1,990,stbd,10,15.0,13.35,990_stbd_cond_10-15_00x13_35m.png,target,main,underfall_yard/2_oct_2019/run1,True
underfall_yard,2_oct_2019,run1,990,stbd,11,15.0,11.19,990_stbd_cond_11-15_00x11_19m.png,target,main,underfall_yard/2_oct_2019/run1,True
underfall_yard,2_oct_2019,run1,990,stbd,12,15.0,11.74,990_stbd_cond_12-15_00x11_74m.png,unlisted,main,underfall_yard/2_oct_2019/run1,True
underfall_yard,2_oct_2019,run1,990,stbd,13,15.0,11.73,990_stbd_cond_13-15_00x11_73m.png,target,main,underfall_yard/2_oct_2019/run1,True
underfall_yard,2_oct_2019,run1,990,stbd,14,15.0,11.93,990_stbd_cond_14-15_00x11_93m.png,unlisted,main,underfall_yard/2_oct_2019/run1,True
underfall_yard,2_oct_2019,run1,990,stbd,15,15.0,11.68,990_stbd_cond_15-15_00x11_68m.png,unlisted,main,underfall_yard/2_oct_2019/run1,True
underfall_yard,2_oct_2019,run1,990,stbd,16,15.0,11.33,990_stbd_cond_16-15_00x11_33m.png,target,main,underfall_yard/2_oct_2019/run1,True
underfall_yard,2_oct_2019,run1,990,stbd,2,15.0,14.18,990_stbd_cond_2-15_00x14_18m.png,unlisted,main,underfall_yard/2_oct_2019/run1,True
underfall_yard,2_oct_2019,run1,990,stbd,3,15.0,14.04,990_stbd_cond_3-15_00x14_04m.png,target,main,underfall_yard/2_oct_2019/run1,True
underfall_yard,2_oct_2019,run1,990,stbd,4,15.0,12.58,990_stbd_cond_4-15_00x12_58m.png,unlisted,main,underfall_yard/2_oct_2019/run1,True
underfall_yard,2_oct_2019,run1,990,stbd,5,15.0,15.25,990_stbd_cond_5-15_00x15_25m.png,unlisted,main,underfall_yard/2_oct_2019/run1,True
underfall_yard,2_oct_2019,run1,990,stbd,6,15.0,13.87,990_stbd_cond_6-15_00x13_87m.png,unlisted,main,underfall_yard/2_oct_2019/run1,True
underfall_yard,2_oct_2019,run1,990,stbd,7,15.0,14.0,990_stbd_cond_7-15_00x14_00m.png,target,main,underfall_yard/2_oct_2019/run1,True
underfall_yard,2_oct_2019,run1,990,stbd,8,15.0,13.55,990_stbd_cond_8-15_00x13_55m.png,target,main,underfall_yard/2_oct_2019/run1,True
underfall_yard,2_oct_2019,run1,990,stbd,9,15.0,14.03,990_stbd_cond_9-15_00x14_03m.png,target,main,underfall_yard/2_oct_2019/run1,True
underfall_yard,2_oct_2019,run1,450,port,1,15.0,16.88,450_port_cond_1-15_00x16_88m.png,unlisted,main,underfall_yard/2_oct_2019/run1,False
underfall_yard,2_oct_2019,run1,450,port,1,15.0,5.52,450_port_cond_1-15_00x5_52m.png,unlisted,main,underfall_yard/2_oct_2019/run1,False
underfall_yard,2_oct_2019,run1,450,port,10,15.0,13.35,450_port_cond_10-15_00x13_35m.png,unlisted,main,underfall_yard/2_oct_2019/run1,False
underfall_yard,2_oct_2019,run1,450,port,11,15.0,11.19,450_port_cond_11-15_00x11_19m.png,unlisted,main,underfall_yard/2_oct_2019/run1,False
underfall_yard,2_oct_2019,run1,450,port,12,15.0,11.74,450_port_cond_12-15_00x11_74m.png,unlisted,main,underfall_yard/2_oct_2019/run1,False
underfall_yard,2_oct_2019,run1,450,port,13,15.0,11.81,450_port_cond_13-15_00x11_81m.png,unlisted,main,underfall_yard/2_oct_2019/run1,False
underfall_yard,2_oct_2019,run1,450,port,14,15.0,11.89,450_port_cond_14-15_00x11_89m.png,unlisted,main,underfall_yard/2_oct_2019/run1,False
underfall_yard,2_oct_2019,run1,450,port,15,15.0,11.8,450_port_cond_15-15_00x11_80m.png,unlisted,main,underfall_yard/2_oct_2019/run1,False
underfall_yard,2_oct_2019,run1,450,port,16,15.0,11.33,450_port_cond_16-15_00x11_33m.png,unlisted,main,underfall_yard/2_oct_2019/run1,False
underfall_yard,2_oct_2019,run1,450,port,2,15.0,14.09,450_port_cond_2-15_00x14_09m.png,unlisted,main,underfall_yard/2_oct_2019/run1,False
underfall_yard,2_oct_2019,run1,450,port,3,15.0,14.04,450_port_cond_3-15_00x14_04m.png,unlisted,main,underfall_yard/2_oct_2019/run1,False
underfall_yard,2_oct_2019,run1,450,port,4,15.0,12.75,450_port_cond_4-15_00x12_75m.png,unlisted,main,underfall_yard/2_oct_2019/run1,False
underfall_yard,2_oct_2019,run1,450,port,5,15.0,15.31,450_port_cond_5-15_00x15_31m.png,unlisted,main,underfall_yard/2_oct_2019/run1,False
underfall_yard,2_oct_2019,run1,450,port,6,15.0,13.99,450_port_cond_6-15_00x13_99m.png,unlisted,main,underfall_yard/2_oct_2019/run1,False
underfall_yard,2_oct_2019,run1,450,port,7,15.0,14.0,450_port_cond_7-15_00x14_00m.png,unlisted,main,underfall_yard/2_oct_2019/run1,False
underfall_yard,2_oct_2019,run1,450,port,8,15.0,13.55,450_port_cond_8-15_00x13_55m.png,unlisted,main,underfall_yard/2_oct_2019/run1,False
underfall_yard,2_oct_2019,run1,450,port,9,15.0,14.03,450_port_cond_9-15_00x14_03m.png,unlisted,main,underfall_yard/2_oct_2019/run1,False
underfall_yard,2_oct_2019,run1,450,stbd,1,15.0,16.88,450_stbd_cond_1-15_00x16_88m.png,unlisted,main,underfall_yard/2_oct_2019/run1,False
underfall_yard,2_oct_2019,run1,450,stbd,1,15.0,5.52,450_stbd_cond_1-15_00x5_52m.png,unlisted,main,underfall_yard/2_oct_2019/run1,False
underfall_yard,2_oct_2019,run1,450,stbd,10,15.0,13.35,450_stbd_cond_10-15_00x13_35m.png,unlisted,main,underfall_yard/2_oct_2019/run1,False
underfall_yard,2_oct_2019,run1,450,stbd,11,15.0,11.19,450_stbd_cond_11-15_00x11_19m.png,unlisted,main,underfall_yard/2_oct_2019/run1,False
underfall_yard,2_oct_2019,run1,450,stbd,12,15.0,11.74,450_stbd_cond_12-15_00x11_74m.png,unlisted,main,underfall_yard/2_oct_2019/run1,False
underfall_yard,2_oct_2019,run1,450,stbd,13,15.0,11.81,450_stbd_cond_13-15_00x11_81m.png,unlisted,main,underfall_yard/2_oct_2019/run1,False
underfall_yard,2_oct_2019,run1,450,stbd,14,15.0,11.89,450_stbd_cond_14-15_00x11_89m.png,unlisted,main,underfall_yard/2_oct_2019/run1,False
underfall_yard,2_oct_2019,run1,450,stbd,15,15.0,11.8,450_stbd_cond_15-15_00x11_80m.png,unlisted,main,underfall_yard/2_oct_2019/run1,False
underfall_yard,2_oct_2019,run1,450,stbd,16,15.0,11.33,450_stbd_cond_16-15_00x11_33m.png,unlisted,main,underfall_yard/2_oct_2019/run1,False
underfall_yard,2_oct_2019,run1,450,stbd,2,15.0,14.09,450_stbd_cond_2-15_00x14_09m.png,unlisted,main,underfall_yard/2_oct_2019/run1,False
underfall_yard,2_oct_2019,run1,450,stbd,3,15.0,14.04,450_stbd_cond_3-15_00x14_04m.png,unlisted,main,underfall_yard/2_oct_2019/run1,False
underfall_yard,2_oct_2019,run1,450,stbd,4,15.0,12.75,450_stbd_cond_4-15_00x12_75m.png,unlisted,main,underfall_yard/2_oct_2019/run1,False
underfall_yard,2_oct_2019,run1,450,stbd,5,15.0,15.31,450_stbd_cond_5-15_00x15_31m.png,unlisted,main,underfall_yard/2_oct_2019/run1,False
underfall_yard,2_oct_2019,run1,450,stbd,6,15.0,13.99,450_stbd_cond_6-15_00x13_99m.png,unlisted,main,underfall_yard/2_oct_2019/run1,False
underfall_yard,2_oct_2019,run1,450,stbd,7,15.0,14.0,450_stbd_cond_7-15_00x14_00m.png,unlisted,main,underfall_yard/2_oct_2019/run1,False
underfall_yard,2_oct_2019,run1,450,stbd,8,15.0,13.55,450_stbd_cond_8-15_00x13_55m.png,unlisted,main,underfall_yard/2_oct_2019/run1,False
underfall_yard,2_oct_2019,run1,450,stbd,9,15.0,14.03,450_stbd_cond_9-15_00x14_03m.png,unlisted,main,underfall_yard/2_oct_2019/run1,False
underfall_yard,2_oct_2019,run2,990,port,1,14.0,12.61,990_port_cond_1-14_00x12_61m.png,target,main,underfall_yard/2_oct_2019/run2,True
underfall_yard,2_oct_2019,run2,990,port,11,14.0,14.08,990_port_cond_11-14_00x14_08m.png,target,main,underfall_yard/2_oct_2019/run2,True
underfall_yard,2_oct_2019,run2,990,port,17,14.0,11.79,990_port_cond_17-14_00x11_79m.png,target,main,underfall_yard/2_oct_2019/run2,True
underfall_yard,2_oct_2019,run2,990,port,20,14.0,11.72,990_port_cond_20-14_00x11_72m.png,target,main,underfall_yard/2_oct_2019/run2,True
underfall_yard,2_oct_2019,run2,990,port,22,14.0,12.06,990_port_cond_22-14_00x12_06m.png,target,main,underfall_yard/2_oct_2019/run2,True
underfall_yard,2_oct_2019,run2,990,port,24,14.0,11.87,990_port_cond_24-14_00x11_87m.png,target,main,underfall_yard/2_oct_2019/run2,True
underfall_yard,2_oct_2019,run2,990,port,26,14.0,11.48,990_port_cond_26-14_00x11_48m.png,target,main,underfall_yard/2_oct_2019/run2,True
underfall_yard,2_oct_2019,run2,990,port,3,14.0,13.91,990_port_cond_3-14_00x13_91m.png,target,main,underfall_yard/2_oct_2019/run2,True
underfall_yard,2_oct_2019,run2,990,port,32,14.0,13.84,990_port_cond_32-14_00x13_84m.png,target,main,underfall_yard/2_oct_2019/run2,True
underfall_yard,2_oct_2019,run2,990,port,35,14.0,17.59,990_port_cond_35-14_00x17_59m.png,target,main,underfall_yard/2_oct_2019/run2,True
underfall_yard,2_oct_2019,run2,990,port,4,14.0,13.52,990_port_cond_4-14_00x13_52m.png,target,main,underfall_yard/2_oct_2019/run2,True
underfall_yard,2_oct_2019,run2,990,port,5,14.0,13.66,990_port_cond_5-14_00x13_66m.png,target,main,underfall_yard/2_oct_2019/run2,True
underfall_yard,2_oct_2019,run2,990,port,6,14.0,5.63,990_port_cond_6-14_00x5_63m.png,target,main,underfall_yard/2_oct_2019/run2,True
underfall_yard,2_oct_2019,run2,990,port,7,14.0,14.16,990_port_cond_7-14_00x14_16m.png,target,main,underfall_yard/2_oct_2019/run2,True
underfall_yard,2_oct_2019,run2,990,port,9,14.0,12.72,990_port_cond_9-14_00x12_72m.png,target,main,underfall_yard/2_oct_2019/run2,True
underfall_yard,2_oct_2019,run2,990,stbd,12,14.0,14.04,990_stbd_cond_12-14_00x14_04m.png,target,main,underfall_yard/2_oct_2019/run2,True
underfall_yard,2_oct_2019,run2,990,stbd,14,14.0,13.33,990_stbd_cond_14-14_00x13_33m.png,target,main,underfall_yard/2_oct_2019/run2,True
underfall_yard,2_oct_2019,run2,990,stbd,15,14.0,13.3,990_stbd_cond_15-14_00x13_30m.png,target,main,underfall_yard/2_oct_2019/run2,True
underfall_yard,2_oct_2019,run2,990,stbd,18,14.0,11.28,990_stbd_cond_18-14_00x11_28m.png,target,main,underfall_yard/2_oct_2019/run2,True
underfall_yard,2_oct_2019,run2,990,stbd,21,14.0,11.36,990_stbd_cond_21-14_00x11_36m.png,target,main,underfall_yard/2_oct_2019/run2,True
underfall_yard,2_oct_2019,run2,990,stbd,27,14.0,11.32,990_stbd_cond_27-14_00x11_32m.png,target,main,underfall_yard/2_oct_2019/run2,True
underfall_yard,2_oct_2019,run2,990,stbd,31,14.0,13.87,990_stbd_cond_31-14_00x13_87m.png,target,main,underfall_yard/2_oct_2019/run2,True
underfall_yard,2_oct_2019,run2,990,stbd,34,14.0,14.24,990_stbd_cond_34-14_00x14_24m.png,target,main,underfall_yard/2_oct_2019/run2,True
underfall_yard,2_oct_2019,run2,990,stbd,8,14.0,14.07,990_stbd_cond_8-14_00x14_07m.png,target,main,underfall_yard/2_oct_2019/run2,True
underfall_yard,3_jan_2020,run1,990,port,1,15.0,44.29,990_port_cond_1-15_00x44_29m.png,unlabelled,main,underfall_yard/3_jan_2020/run1,True
underfall_yard,3_jan_2020,run1,990,port,10,15.0,37.29,990_port_cond_10-15_00x37_29m.png,unlabelled,main,underfall_yard/3_jan_2020/run1,True
underfall_yard,3_jan_2020,run1,990,port,2,15.0,44.03,990_port_cond_2-15_00x44_03m.png,unlabelled,main,underfall_yard/3_jan_2020/run1,True
underfall_yard,3_jan_2020,run1,990,port,3,15.0,43.87,990_port_cond_3-15_00x43_87m.png,unlabelled,main,underfall_yard/3_jan_2020/run1,True
underfall_yard,3_jan_2020,run1,990,port,4,15.0,44.19,990_port_cond_4-15_00x44_19m.png,unlabelled,main,underfall_yard/3_jan_2020/run1,True
underfall_yard,3_jan_2020,run1,990,port,5,15.0,44.09,990_port_cond_5-15_00x44_09m.png,unlabelled,main,underfall_yard/3_jan_2020/run1,True
underfall_yard,3_jan_2020,run1,990,port,6,15.0,44.19,990_port_cond_6-15_00x44_19m.png,unlabelled,main,underfall_yard/3_jan_2020/run1,True
underfall_yard,3_jan_2020,run1,990,port,7,15.0,44.01,990_port_cond_7-15_00x44_01m.png,unlabelled,main,underfall_yard/3_jan_2020/run1,True
underfall_yard,3_jan_2020,run1,990,port,8,15.0,11.23,990_port_cond_8-15_00x11_23m.png,unlabelled,main,underfall_yard/3_jan_2020/run1,True
underfall_yard,3_jan_2020,run1,990,port,9,15.0,43.75,990_port_cond_9-15_00x43_75m.png,unlabelled,main,underfall_yard/3_jan_2020/run1,True
underfall_yard,3_jan_2020,run1,990,stbd,1,15.0,44.29,990_stbd_cond_1-15_00x44_29m.png,unlabelled,main,underfall_yard/3_jan_2020/run1,True
underfall_yard,3_jan_2020,run1,990,stbd,10,15.0,37.29,990_stbd_cond_10-15_00x37_29m.png,unlabelled,main,underfall_yard/3_jan_2020/run1,True
underfall_yard,3_jan_2020,run1,990,stbd,2,15.0,44.03,990_stbd_cond_2-15_00x44_03m.png,unlabelled,main,underfall_yard/3_jan_2020/run1,True
underfall_yard,3_jan_2020,run1,990,stbd,3,15.0,43.87,990_stbd_cond_3-15_00x43_87m.png,unlabelled,main,underfall_yard/3_jan_2020/run1,True
underfall_yard,3_jan_2020,run1,990,stbd,4,15.0,44.19,990_stbd_cond_4-15_00x44_19m.png,unlabelled,main,underfall_yard/3_jan_2020/run1,True
underfall_yard,3_jan_2020,run1,990,stbd,5,15.0,44.09,990_stbd_cond_5-15_00x44_09m.png,unlabelled,main,underfall_yard/3_jan_2020/run1,True
underfall_yard,3_jan_2020,run1,990,stbd,6,15.0,44.19,990_stbd_cond_6-15_00x44_19m.png,unlabelled,main,underfall_yard/3_jan_2020/run1,True
underfall_yard,3_jan_2020,run1,990,stbd,7,15.0,44.01,990_stbd_cond_7-15_00x44_01m.png,unlabelled,main,underfall_yard/3_jan_2020/run1,True
underfall_yard,3_jan_2020,run1,990,stbd,8,15.0,11.23,990_stbd_cond_8-15_00x11_23m.png,unlabelled,main,underfall_yard/3_jan_2020/run1,True
underfall_yard,3_jan_2020,run1,990,stbd,9,15.0,43.75,990_stbd_cond_9-15_00x43_75m.png,unlabelled,main,underfall_yard/3_jan_2020/run1,True
underfall_yard,3_jan_2020,run1,450,port,1,15.0,44.29,450_port_cond_1-15_00x44_29m.png,unlabelled,main,underfall_yard/3_jan_2020/run1,False
underfall_yard,3_jan_2020,run1,450,port,10,15.0,37.29,450_port_cond_10-15_00x37_29m.png,unlabelled,main,underfall_yard/3_jan_2020/run1,False
underfall_yard,3_jan_2020,run1,450,port,2,15.0,44.03,450_port_cond_2-15_00x44_03m.png,unlabelled,main,underfall_yard/3_jan_2020/run1,False
underfall_yard,3_jan_2020,run1,450,port,3,15.0,43.87,450_port_cond_3-15_00x43_87m.png,unlabelled,main,underfall_yard/3_jan_2020/run1,False
underfall_yard,3_jan_2020,run1,450,port,4,15.0,44.19,450_port_cond_4-15_00x44_19m.png,unlabelled,main,underfall_yard/3_jan_2020/run1,False
underfall_yard,3_jan_2020,run1,450,port,5,15.0,44.09,450_port_cond_5-15_00x44_09m.png,unlabelled,main,underfall_yard/3_jan_2020/run1,False
underfall_yard,3_jan_2020,run1,450,port,6,15.0,44.19,450_port_cond_6-15_00x44_19m.png,unlabelled,main,underfall_yard/3_jan_2020/run1,False
underfall_yard,3_jan_2020,run1,450,port,7,15.0,44.01,450_port_cond_7-15_00x44_01m.png,unlabelled,main,underfall_yard/3_jan_2020/run1,False
underfall_yard,3_jan_2020,run1,450,port,8,15.0,11.23,450_port_cond_8-15_00x11_23m.png,unlabelled,main,underfall_yard/3_jan_2020/run1,False
underfall_yard,3_jan_2020,run1,450,port,9,15.0,43.75,450_port_cond_9-15_00x43_75m.png,unlabelled,main,underfall_yard/3_jan_2020/run1,False
underfall_yard,3_jan_2020,run1,450,stbd,1,15.0,44.29,450_stbd_cond_1-15_00x44_29m.png,unlabelled,main,underfall_yard/3_jan_2020/run1,False
underfall_yard,3_jan_2020,run1,450,stbd,10,15.0,37.29,450_stbd_cond_10-15_00x37_29m.png,unlabelled,main,underfall_yard/3_jan_2020/run1,False
underfall_yard,3_jan_2020,run1,450,stbd,2,15.0,44.03,450_stbd_cond_2-15_00x44_03m.png,unlabelled,main,underfall_yard/3_jan_2020/run1,False
underfall_yard,3_jan_2020,run1,450,stbd,3,15.0,43.87,450_stbd_cond_3-15_00x43_87m.png,unlabelled,main,underfall_yard/3_jan_2020/run1,False
underfall_yard,3_jan_2020,run1,450,stbd,4,15.0,44.19,450_stbd_cond_4-15_00x44_19m.png,unlabelled,main,underfall_yard/3_jan_2020/run1,False
underfall_yard,3_jan_2020,run1,450,stbd,5,15.0,44.09,450_stbd_cond_5-15_00x44_09m.png,unlabelled,main,underfall_yard/3_jan_2020/run1,False
underfall_yard,3_jan_2020,run1,450,stbd,6,15.0,44.19,450_stbd_cond_6-15_00x44_19m.png,unlabelled,main,underfall_yard/3_jan_2020/run1,False
underfall_yard,3_jan_2020,run1,450,stbd,7,15.0,44.01,450_stbd_cond_7-15_00x44_01m.png,unlabelled,main,underfall_yard/3_jan_2020/run1,False
underfall_yard,3_jan_2020,run1,450,stbd,8,15.0,11.23,450_stbd_cond_8-15_00x11_23m.png,unlabelled,main,underfall_yard/3_jan_2020/run1,False
underfall_yard,3_jan_2020,run1,450,stbd,9,15.0,43.75,450_stbd_cond_9-15_00x43_75m.png,unlabelled,main,underfall_yard/3_jan_2020/run1,False
underfall_yard,3_jan_2020,run2,990,port,1,15.0,45.57,990_port_cond_1-15_00x45_57m.png,unlabelled,main,underfall_yard/3_jan_2020/run2,True
underfall_yard,3_jan_2020,run2,990,port,10,15.0,45.43,990_port_cond_10-15_00x45_43m.png,unlabelled,main,underfall_yard/3_jan_2020/run2,True
underfall_yard,3_jan_2020,run2,990,port,11,15.0,21.53,990_port_cond_11-15_00x21_53m.png,unlabelled,main,underfall_yard/3_jan_2020/run2,True
underfall_yard,3_jan_2020,run2,990,port,12,15.0,19.87,990_port_cond_12-15_00x19_87m.png,unlabelled,main,underfall_yard/3_jan_2020/run2,True
underfall_yard,3_jan_2020,run2,990,port,14,15.0,6.14,990_port_cond_14-15_00x6_14m.png,unlabelled,main,underfall_yard/3_jan_2020/run2,True
underfall_yard,3_jan_2020,run2,990,port,15,15.0,40.19,990_port_cond_15-15_00x40_19m.png,unlabelled,main,underfall_yard/3_jan_2020/run2,True
underfall_yard,3_jan_2020,run2,990,port,19,15.0,47.88,990_port_cond_19-15_00x47_88m.png,unlabelled,main,underfall_yard/3_jan_2020/run2,True
underfall_yard,3_jan_2020,run2,990,port,2,15.0,44.08,990_port_cond_2-15_00x44_08m.png,unlabelled,main,underfall_yard/3_jan_2020/run2,True
underfall_yard,3_jan_2020,run2,990,port,3,15.0,44.3,990_port_cond_3-15_00x44_30m.png,unlabelled,main,underfall_yard/3_jan_2020/run2,True
underfall_yard,3_jan_2020,run2,990,port,4,15.0,43.89,990_port_cond_4-15_00x43_89m.png,unlabelled,main,underfall_yard/3_jan_2020/run2,True
underfall_yard,3_jan_2020,run2,990,port,5,15.0,44.67,990_port_cond_5-15_00x44_67m.png,unlabelled,main,underfall_yard/3_jan_2020/run2,True
underfall_yard,3_jan_2020,run2,990,port,6,15.0,44.76,990_port_cond_6-15_00x44_76m.png,unlabelled,main,underfall_yard/3_jan_2020/run2,True
underfall_yard,3_jan_2020,run2,990,port,7,15.0,45.1,990_port_cond_7-15_00x45_10m.png,unlabelled,main,underfall_yard/3_jan_2020/run2,True
underfall_yard,3_jan_2020,run2,990,port,8,15.0,45.13,990_port_cond_8-15_00x45_13m.png,unlabelled,main,underfall_yard/3_jan_2020/run2,True
underfall_yard,3_jan_2020,run2,990,port,9,15.0,45.54,990_port_cond_9-15_00x45_54m.png,unlabelled,main,underfall_yard/3_jan_2020/run2,True
underfall_yard,3_jan_2020,run2,990,stbd,1,15.0,45.57,990_stbd_cond_1-15_00x45_57m.png,unlabelled,main,underfall_yard/3_jan_2020/run2,True
underfall_yard,3_jan_2020,run2,990,stbd,10,15.0,45.43,990_stbd_cond_10-15_00x45_43m.png,unlabelled,main,underfall_yard/3_jan_2020/run2,True
underfall_yard,3_jan_2020,run2,990,stbd,11,15.0,21.53,990_stbd_cond_11-15_00x21_53m.png,unlabelled,main,underfall_yard/3_jan_2020/run2,True
underfall_yard,3_jan_2020,run2,990,stbd,12,15.0,19.87,990_stbd_cond_12-15_00x19_87m.png,unlabelled,main,underfall_yard/3_jan_2020/run2,True
underfall_yard,3_jan_2020,run2,990,stbd,13,15.0,27.59,990_stbd_cond_13-15_00x27_59m.png,unlabelled,main,underfall_yard/3_jan_2020/run2,True
underfall_yard,3_jan_2020,run2,990,stbd,14,15.0,6.14,990_stbd_cond_14-15_00x6_14m.png,unlabelled,main,underfall_yard/3_jan_2020/run2,True
underfall_yard,3_jan_2020,run2,990,stbd,15,15.0,40.19,990_stbd_cond_15-15_00x40_19m.png,unlabelled,main,underfall_yard/3_jan_2020/run2,True
underfall_yard,3_jan_2020,run2,990,stbd,16,15.0,47.6,990_stbd_cond_16-15_00x47_60m.png,unlabelled,main,underfall_yard/3_jan_2020/run2,True
underfall_yard,3_jan_2020,run2,990,stbd,19,15.0,47.88,990_stbd_cond_19-15_00x47_88m.png,unlabelled,main,underfall_yard/3_jan_2020/run2,True
underfall_yard,3_jan_2020,run2,990,stbd,2,15.0,44.08,990_stbd_cond_2-15_00x44_08m.png,unlabelled,main,underfall_yard/3_jan_2020/run2,True
underfall_yard,3_jan_2020,run2,990,stbd,3,15.0,44.3,990_stbd_cond_3-15_00x44_30m.png,unlabelled,main,underfall_yard/3_jan_2020/run2,True
underfall_yard,3_jan_2020,run2,990,stbd,4,15.0,43.89,990_stbd_cond_4-15_00x43_89m.png,unlabelled,main,underfall_yard/3_jan_2020/run2,True
underfall_yard,3_jan_2020,run2,990,stbd,5,15.0,44.67,990_stbd_cond_5-15_00x44_67m.png,unlabelled,main,underfall_yard/3_jan_2020/run2,True
underfall_yard,3_jan_2020,run2,990,stbd,6,15.0,44.76,990_stbd_cond_6-15_00x44_76m.png,unlabelled,main,underfall_yard/3_jan_2020/run2,True
underfall_yard,3_jan_2020,run2,990,stbd,7,15.0,45.1,990_stbd_cond_7-15_00x45_10m.png,unlabelled,main,underfall_yard/3_jan_2020/run2,True
underfall_yard,3_jan_2020,run2,990,stbd,8,15.0,45.13,990_stbd_cond_8-15_00x45_13m.png,unlabelled,main,underfall_yard/3_jan_2020/run2,True
underfall_yard,3_jan_2020,run2,990,stbd,9,15.0,45.54,990_stbd_cond_9-15_00x45_54m.png,unlabelled,main,underfall_yard/3_jan_2020/run2,True
underfall_yard,3_jan_2020,run2,450,port,1,15.0,45.57,450_port_cond_1-15_00x45_57m.png,unlabelled,main,underfall_yard/3_jan_2020/run2,False
underfall_yard,3_jan_2020,run2,450,port,10,15.0,45.43,450_port_cond_10-15_00x45_43m.png,unlabelled,main,underfall_yard/3_jan_2020/run2,False
underfall_yard,3_jan_2020,run2,450,port,11,15.0,21.53,450_port_cond_11-15_00x21_53m.png,unlabelled,main,underfall_yard/3_jan_2020/run2,False
underfall_yard,3_jan_2020,run2,450,port,12,15.0,19.87,450_port_cond_12-15_00x19_87m.png,unlabelled,main,underfall_yard/3_jan_2020/run2,False
underfall_yard,3_jan_2020,run2,450,port,14,15.0,6.14,450_port_cond_14-15_00x6_14m.png,unlabelled,main,underfall_yard/3_jan_2020/run2,False
underfall_yard,3_jan_2020,run2,450,port,15,15.0,40.19,450_port_cond_15-15_00x40_19m.png,unlabelled,main,underfall_yard/3_jan_2020/run2,False
underfall_yard,3_jan_2020,run2,450,port,19,15.0,47.88,450_port_cond_19-15_00x47_88m.png,unlabelled,main,underfall_yard/3_jan_2020/run2,False
underfall_yard,3_jan_2020,run2,450,port,2,15.0,44.08,450_port_cond_2-15_00x44_08m.png,unlabelled,main,underfall_yard/3_jan_2020/run2,False
underfall_yard,3_jan_2020,run2,450,port,3,15.0,44.3,450_port_cond_3-15_00x44_30m.png,unlabelled,main,underfall_yard/3_jan_2020/run2,False
underfall_yard,3_jan_2020,run2,450,port,4,15.0,43.89,450_port_cond_4-15_00x43_89m.png,unlabelled,main,underfall_yard/3_jan_2020/run2,False
underfall_yard,3_jan_2020,run2,450,port,5,15.0,44.67,450_port_cond_5-15_00x44_67m.png,unlabelled,main,underfall_yard/3_jan_2020/run2,False
underfall_yard,3_jan_2020,run2,450,port,6,15.0,44.76,450_port_cond_6-15_00x44_76m.png,unlabelled,main,underfall_yard/3_jan_2020/run2,False
underfall_yard,3_jan_2020,run2,450,port,7,15.0,45.1,450_port_cond_7-15_00x45_10m.png,unlabelled,main,underfall_yard/3_jan_2020/run2,False
underfall_yard,3_jan_2020,run2,450,port,8,15.0,45.13,450_port_cond_8-15_00x45_13m.png,unlabelled,main,underfall_yard/3_jan_2020/run2,False
underfall_yard,3_jan_2020,run2,450,port,9,15.0,45.54,450_port_cond_9-15_00x45_54m.png,unlabelled,main,underfall_yard/3_jan_2020/run2,False
underfall_yard,3_jan_2020,run2,450,stbd,1,15.0,45.57,450_stbd_cond_1-15_00x45_57m.png,unlabelled,main,underfall_yard/3_jan_2020/run2,False
underfall_yard,3_jan_2020,run2,450,stbd,10,15.0,45.43,450_stbd_cond_10-15_00x45_43m.png,unlabelled,main,underfall_yard/3_jan_2020/run2,False
underfall_yard,3_jan_2020,run2,450,stbd,11,15.0,21.53,450_stbd_cond_11-15_00x21_53m.png,unlabelled,main,underfall_yard/3_jan_2020/run2,False
underfall_yard,3_jan_2020,run2,450,stbd,12,15.0,19.87,450_stbd_cond_12-15_00x19_87m.png,unlabelled,main,underfall_yard/3_jan_2020/run2,False
underfall_yard,3_jan_2020,run2,450,stbd,13,15.0,27.59,450_stbd_cond_13-15_00x27_59m.png,unlabelled,main,underfall_yard/3_jan_2020/run2,False
underfall_yard,3_jan_2020,run2,450,stbd,14,15.0,6.14,450_stbd_cond_14-15_00x6_14m.png,unlabelled,main,underfall_yard/3_jan_2020/run2,False
underfall_yard,3_jan_2020,run2,450,stbd,15,15.0,40.19,450_stbd_cond_15-15_00x40_19m.png,unlabelled,main,underfall_yard/3_jan_2020/run2,False
underfall_yard,3_jan_2020,run2,450,stbd,16,15.0,47.6,450_stbd_cond_16-15_00x47_60m.png,unlabelled,main,underfall_yard/3_jan_2020/run2,False
underfall_yard,3_jan_2020,run2,450,stbd,19,15.0,47.88,450_stbd_cond_19-15_00x47_88m.png,unlabelled,main,underfall_yard/3_jan_2020/run2,False
underfall_yard,3_jan_2020,run2,450,stbd,2,15.0,44.08,450_stbd_cond_2-15_00x44_08m.png,unlabelled,main,underfall_yard/3_jan_2020/run2,False
underfall_yard,3_jan_2020,run2,450,stbd,3,15.0,44.3,450_stbd_cond_3-15_00x44_30m.png,unlabelled,main,underfall_yard/3_jan_2020/run2,False
underfall_yard,3_jan_2020,run2,450,stbd,4,15.0,43.89,450_stbd_cond_4-15_00x43_89m.png,unlabelled,main,underfall_yard/3_jan_2020/run2,False
underfall_yard,3_jan_2020,run2,450,stbd,5,15.0,44.67,450_stbd_cond_5-15_00x44_67m.png,unlabelled,main,underfall_yard/3_jan_2020/run2,False
underfall_yard,3_jan_2020,run2,450,stbd,6,15.0,44.76,450_stbd_cond_6-15_00x44_76m.png,unlabelled,main,underfall_yard/3_jan_2020/run2,False
underfall_yard,3_jan_2020,run2,450,stbd,7,15.0,45.1,450_stbd_cond_7-15_00x45_10m.png,unlabelled,main,underfall_yard/3_jan_2020/run2,False
underfall_yard,3_jan_2020,run2,450,stbd,8,15.0,45.13,450_stbd_cond_8-15_00x45_13m.png,unlabelled,main,underfall_yard/3_jan_2020/run2,False
underfall_yard,3_jan_2020,run2,450,stbd,9,15.0,45.54,450_stbd_cond_9-15_00x45_54m.png,unlabelled,main,underfall_yard/3_jan_2020/run2,False
underfall_yard,3_jan_2020,run3,990,port,1,15.0,49.73,990_port_cond_1-15_00x49_73m.png,unlabelled,main,underfall_yard/3_jan_2020/run3,True
underfall_yard,3_jan_2020,run3,990,port,10,15.0,45.62,990_port_cond_10-15_00x45_62m.png,unlabelled,main,underfall_yard/3_jan_2020/run3,True
underfall_yard,3_jan_2020,run3,990,port,11,15.0,21.35,990_port_cond_11-15_00x21_35m.png,unlabelled,main,underfall_yard/3_jan_2020/run3,True
underfall_yard,3_jan_2020,run3,990,port,12,15.0,19.89,990_port_cond_12-15_00x19_89m.png,unlabelled,main,underfall_yard/3_jan_2020/run3,True
underfall_yard,3_jan_2020,run3,990,port,13,15.0,28.01,990_port_cond_13-15_00x28_01m.png,unlabelled,main,underfall_yard/3_jan_2020/run3,True
underfall_yard,3_jan_2020,run3,990,port,14,15.0,6.17,990_port_cond_14-15_00x6_17m.png,unlabelled,main,underfall_yard/3_jan_2020/run3,True
underfall_yard,3_jan_2020,run3,990,port,15,15.0,40.11,990_port_cond_15-15_00x40_11m.png,unlabelled,main,underfall_yard/3_jan_2020/run3,True
underfall_yard,3_jan_2020,run3,990,port,16,15.0,47.57,990_port_cond_16-15_00x47_57m.png,unlabelled,main,underfall_yard/3_jan_2020/run3,True
underfall_yard,3_jan_2020,run3,990,port,17,15.0,47.93,990_port_cond_17-15_00x47_93m.png,unlabelled,main,underfall_yard/3_jan_2020/run3,True
underfall_yard,3_jan_2020,run3,990,port,18,15.0,47.12,990_port_cond_18-15_00x47_12m.png,unlabelled,main,underfall_yard/3_jan_2020/run3,True
underfall_yard,3_jan_2020,run3,990,port,2,15.0,44.98,990_port_cond_2-15_00x44_98m.png,unlabelled,main,underfall_yard/3_jan_2020/run3,True
underfall_yard,3_jan_2020,run3,990,port,3,15.0,46.44,990_port_cond_3-15_00x46_44m.png,unlabelled,main,underfall_yard/3_jan_2020/run3,True
underfall_yard,3_jan_2020,run3,990,port,4,15.0,44.51,990_port_cond_4-15_00x44_51m.png,unlabelled,main,underfall_yard/3_jan_2020/run3,True
underfall_yard,3_jan_2020,run3,990,port,5,15.0,44.6,990_port_cond_5-15_00x44_60m.png,unlabelled,main,underfall_yard/3_jan_2020/run3,True
underfall_yard,3_jan_2020,run3,990,port,6,15.0,44.93,990_port_cond_6-15_00x44_93m.png,unlabelled,main,underfall_yard/3_jan_2020/run3,True
underfall_yard,3_jan_2020,run3,990,port,7,15.0,45.02,990_port_cond_7-15_00x45_02m.png,unlabelled,main,underfall_yard/3_jan_2020/run3,True
underfall_yard,3_jan_2020,run3,990,port,8,15.0,45.5,990_port_cond_8-15_00x45_50m.png,unlabelled,main,underfall_yard/3_jan_2020/run3,True
underfall_yard,3_jan_2020,run3,990,port,9,15.0,45.19,990_port_cond_9-15_00x45_19m.png,unlabelled,main,underfall_yard/3_jan_2020/run3,True
underfall_yard,3_jan_2020,run3,990,stbd,1,15.0,49.73,990_stbd_cond_1-15_00x49_73m.png,unlabelled,main,underfall_yard/3_jan_2020/run3,True
underfall_yard,3_jan_2020,run3,990,stbd,10,15.0,45.62,990_stbd_cond_10-15_00x45_62m.png,unlabelled,main,underfall_yard/3_jan_2020/run3,True
underfall_yard,3_jan_2020,run3,990,stbd,11,15.0,21.35,990_stbd_cond_11-15_00x21_35m.png,unlabelled,main,underfall_yard/3_jan_2020/run3,True
underfall_yard,3_jan_2020,run3,990,stbd,12,15.0,19.89,990_stbd_cond_12-15_00x19_89m.png,unlabelled,main,underfall_yard/3_jan_2020/run3,True
underfall_yard,3_jan_2020,run3,990,stbd,13,15.0,28.01,990_stbd_cond_13-15_00x28_01m.png,unlabelled,main,underfall_yard/3_jan_2020/run3,True
underfall_yard,3_jan_2020,run3,990,stbd,14,15.0,6.17,990_stbd_cond_14-15_00x6_17m.png,unlabelled,main,underfall_yard/3_jan_2020/run3,True
underfall_yard,3_jan_2020,run3,990,stbd,15,15.0,40.11,990_stbd_cond_15-15_00x40_11m.png,unlabelled,main,underfall_yard/3_jan_2020/run3,True
underfall_yard,3_jan_2020,run3,990,stbd,16,15.0,47.57,990_stbd_cond_16-15_00x47_57m.png,unlabelled,main,underfall_yard/3_jan_2020/run3,True
underfall_yard,3_jan_2020,run3,990,stbd,17,15.0,47.93,990_stbd_cond_17-15_00x47_93m.png,unlabelled,main,underfall_yard/3_jan_2020/run3,True
underfall_yard,3_jan_2020,run3,990,stbd,18,15.0,47.12,990_stbd_cond_18-15_00x47_12m.png,unlabelled,main,underfall_yard/3_jan_2020/run3,True
underfall_yard,3_jan_2020,run3,990,stbd,2,15.0,44.98,990_stbd_cond_2-15_00x44_98m.png,unlabelled,main,underfall_yard/3_jan_2020/run3,True
underfall_yard,3_jan_2020,run3,990,stbd,3,15.0,46.44,990_stbd_cond_3-15_00x46_44m.png,unlabelled,main,underfall_yard/3_jan_2020/run3,True
underfall_yard,3_jan_2020,run3,990,stbd,4,15.0,44.51,990_stbd_cond_4-15_00x44_51m.png,unlabelled,main,underfall_yard/3_jan_2020/run3,True
underfall_yard,3_jan_2020,run3,990,stbd,5,15.0,44.6,990_stbd_cond_5-15_00x44_60m.png,unlabelled,main,underfall_yard/3_jan_2020/run3,True
underfall_yard,3_jan_2020,run3,990,stbd,6,15.0,44.93,990_stbd_cond_6-15_00x44_93m.png,unlabelled,main,underfall_yard/3_jan_2020/run3,True
underfall_yard,3_jan_2020,run3,990,stbd,7,15.0,45.02,990_stbd_cond_7-15_00x45_02m.png,unlabelled,main,underfall_yard/3_jan_2020/run3,True
underfall_yard,3_jan_2020,run3,990,stbd,8,15.0,45.5,990_stbd_cond_8-15_00x45_50m.png,unlabelled,main,underfall_yard/3_jan_2020/run3,True
underfall_yard,3_jan_2020,run3,990,stbd,9,15.0,45.19,990_stbd_cond_9-15_00x45_19m.png,unlabelled,main,underfall_yard/3_jan_2020/run3,True
underfall_yard,3_jan_2020,run3,450,port,1,15.0,49.73,450_port_cond_1-15_00x49_73m.png,unlabelled,main,underfall_yard/3_jan_2020/run3,False
underfall_yard,3_jan_2020,run3,450,port,10,15.0,45.62,450_port_cond_10-15_00x45_62m.png,unlabelled,main,underfall_yard/3_jan_2020/run3,False
underfall_yard,3_jan_2020,run3,450,port,11,15.0,21.35,450_port_cond_11-15_00x21_35m.png,unlabelled,main,underfall_yard/3_jan_2020/run3,False
underfall_yard,3_jan_2020,run3,450,port,12,15.0,19.89,450_port_cond_12-15_00x19_89m.png,unlabelled,main,underfall_yard/3_jan_2020/run3,False
underfall_yard,3_jan_2020,run3,450,port,13,15.0,28.01,450_port_cond_13-15_00x28_01m.png,unlabelled,main,underfall_yard/3_jan_2020/run3,False
underfall_yard,3_jan_2020,run3,450,port,14,15.0,6.17,450_port_cond_14-15_00x6_17m.png,unlabelled,main,underfall_yard/3_jan_2020/run3,False
underfall_yard,3_jan_2020,run3,450,port,15,15.0,40.11,450_port_cond_15-15_00x40_11m.png,unlabelled,main,underfall_yard/3_jan_2020/run3,False
underfall_yard,3_jan_2020,run3,450,port,16,15.0,47.57,450_port_cond_16-15_00x47_57m.png,unlabelled,main,underfall_yard/3_jan_2020/run3,False
underfall_yard,3_jan_2020,run3,450,port,17,15.0,47.93,450_port_cond_17-15_00x47_93m.png,unlabelled,main,underfall_yard/3_jan_2020/run3,False
underfall_yard,3_jan_2020,run3,450,port,18,15.0,47.12,450_port_cond_18-15_00x47_12m.png,unlabelled,main,underfall_yard/3_jan_2020/run3,False
underfall_yard,3_jan_2020,run3,450,port,2,15.0,44.98,450_port_cond_2-15_00x44_98m.png,unlabelled,main,underfall_yard/3_jan_2020/run3,False
underfall_yard,3_jan_2020,run3,450,port,3,15.0,46.44,450_port_cond_3-15_00x46_44m.png,unlabelled,main,underfall_yard/3_jan_2020/run3,False
underfall_yard,3_jan_2020,run3,450,port,4,15.0,44.51,450_port_cond_4-15_00x44_51m.png,unlabelled,main,underfall_yard/3_jan_2020/run3,False
underfall_yard,3_jan_2020,run3,450,port,5,15.0,44.6,450_port_cond_5-15_00x44_60m.png,unlabelled,main,underfall_yard/3_jan_2020/run3,False
underfall_yard,3_jan_2020,run3,450,port,6,15.0,44.93,450_port_cond_6-15_00x44_93m.png,unlabelled,main,underfall_yard/3_jan_2020/run3,False
underfall_yard,3_jan_2020,run3,450,port,7,15.0,45.02,450_port_cond_7-15_00x45_02m.png,unlabelled,main,underfall_yard/3_jan_2020/run3,False
underfall_yard,3_jan_2020,run3,450,port,8,15.0,45.5,450_port_cond_8-15_00x45_50m.png,unlabelled,main,underfall_yard/3_jan_2020/run3,False
underfall_yard,3_jan_2020,run3,450,port,9,15.0,45.19,450_port_cond_9-15_00x45_19m.png,unlabelled,main,underfall_yard/3_jan_2020/run3,False
underfall_yard,3_jan_2020,run3,450,stbd,1,15.0,49.73,450_stbd_cond_1-15_00x49_73m.png,unlabelled,main,underfall_yard/3_jan_2020/run3,False
underfall_yard,3_jan_2020,run3,450,stbd,10,15.0,45.62,450_stbd_cond_10-15_00x45_62m.png,unlabelled,main,underfall_yard/3_jan_2020/run3,False
underfall_yard,3_jan_2020,run3,450,stbd,11,15.0,21.35,450_stbd_cond_11-15_00x21_35m.png,unlabelled,main,underfall_yard/3_jan_2020/run3,False
underfall_yard,3_jan_2020,run3,450,stbd,12,15.0,19.89,450_stbd_cond_12-15_00x19_89m.png,unlabelled,main,underfall_yard/3_jan_2020/run3,False
underfall_yard,3_jan_2020,run3,450,stbd,13,15.0,28.01,450_stbd_cond_13-15_00x28_01m.png,unlabelled,main,underfall_yard/3_jan_2020/run3,False
underfall_yard,3_jan_2020,run3,450,stbd,14,15.0,6.17,450_stbd_cond_14-15_00x6_17m.png,unlabelled,main,underfall_yard/3_jan_2020/run3,False
underfall_yard,3_jan_2020,run3,450,stbd,15,15.0,40.11,450_stbd_cond_15-15_00x40_11m.png,unlabelled,main,underfall_yard/3_jan_2020/run3,False
underfall_yard,3_jan_2020,run3,450,stbd,16,15.0,47.57,450_stbd_cond_16-15_00x47_57m.png,unlabelled,main,underfall_yard/3_jan_2020/run3,False
underfall_yard,3_jan_2020,run3,450,stbd,17,15.0,47.93,450_stbd_cond_17-15_00x47_93m.png,unlabelled,main,underfall_yard/3_jan_2020/run3,False
underfall_yard,3_jan_2020,run3,450,stbd,18,15.0,47.12,450_stbd_cond_18-15_00x47_12m.png,unlabelled,main,underfall_yard/3_jan_2020/run3,False
underfall_yard,3_jan_2020,run3,450,stbd,2,15.0,44.98,450_stbd_cond_2-15_00x44_98m.png,unlabelled,main,underfall_yard/3_jan_2020/run3,False
underfall_yard,3_jan_2020,run3,450,stbd,3,15.0,46.44,450_stbd_cond_3-15_00x46_44m.png,unlabelled,main,underfall_yard/3_jan_2020/run3,False
underfall_yard,3_jan_2020,run3,450,stbd,4,15.0,44.51,450_stbd_cond_4-15_00x44_51m.png,unlabelled,main,underfall_yard/3_jan_2020/run3,False
underfall_yard,3_jan_2020,run3,450,stbd,5,15.0,44.6,450_stbd_cond_5-15_00x44_60m.png,unlabelled,main,underfall_yard/3_jan_2020/run3,False
underfall_yard,3_jan_2020,run3,450,stbd,6,15.0,44.93,450_stbd_cond_6-15_00x44_93m.png,unlabelled,main,underfall_yard/3_jan_2020/run3,False
underfall_yard,3_jan_2020,run3,450,stbd,7,15.0,45.02,450_stbd_cond_7-15_00x45_02m.png,unlabelled,main,underfall_yard/3_jan_2020/run3,False
underfall_yard,3_jan_2020,run3,450,stbd,8,15.0,45.5,450_stbd_cond_8-15_00x45_50m.png,unlabelled,main,underfall_yard/3_jan_2020/run3,False
underfall_yard,3_jan_2020,run3,450,stbd,9,15.0,45.19,450_stbd_cond_9-15_00x45_19m.png,unlabelled,main,underfall_yard/3_jan_2020/run3,False
underfall_yard,6_mar_2020,run1,990,port,1,20.0,49.5,990_port_cond_1-20_00x49_50m.png,unlabelled,main,underfall_yard/6_mar_2020/run1,True
underfall_yard,6_mar_2020,run1,990,port,10,20.0,45.5,990_port_cond_10-20_00x45_50m.png,unlabelled,main,underfall_yard/6_mar_2020/run1,True
underfall_yard,6_mar_2020,run1,990,port,11,20.0,21.11,990_port_cond_11-20_00x21_11m.png,unlabelled,main,underfall_yard/6_mar_2020/run1,True
underfall_yard,6_mar_2020,run1,990,port,12,20.0,19.71,990_port_cond_12-20_00x19_71m.png,unlabelled,main,underfall_yard/6_mar_2020/run1,True
underfall_yard,6_mar_2020,run1,990,port,13,20.0,27.46,990_port_cond_13-20_00x27_46m.png,unlabelled,main,underfall_yard/6_mar_2020/run1,True
underfall_yard,6_mar_2020,run1,990,port,14,20.0,6.17,990_port_cond_14-20_00x6_17m.png,unlabelled,main,underfall_yard/6_mar_2020/run1,True
underfall_yard,6_mar_2020,run1,990,port,15,20.0,40.21,990_port_cond_15-20_00x40_21m.png,unlabelled,main,underfall_yard/6_mar_2020/run1,True
underfall_yard,6_mar_2020,run1,990,port,16,20.0,47.43,990_port_cond_16-20_00x47_43m.png,unlabelled,main,underfall_yard/6_mar_2020/run1,True
underfall_yard,6_mar_2020,run1,990,port,17,20.0,47.28,990_port_cond_17-20_00x47_28m.png,unlabelled,main,underfall_yard/6_mar_2020/run1,True
underfall_yard,6_mar_2020,run1,990,port,18,20.0,46.86,990_port_cond_18-20_00x46_86m.png,unlabelled,main,underfall_yard/6_mar_2020/run1,True
underfall_yard,6_mar_2020,run1,990,port,19,20.0,47.22,990_port_cond_19-20_00x47_22m.png,unlabelled,main,underfall_yard/6_mar_2020/run1,True
underfall_yard,6_mar_2020,run1,990,port,2,20.0,44.25,990_port_cond_2-20_00x44_25m.png,unlabelled,main,underfall_yard/6_mar_2020/run1,True
underfall_yard,6_mar_2020,run1,990,port,20,20.0,46.58,990_port_cond_20-20_00x46_58m.png,unlabelled,main,underfall_yard/6_mar_2020/run1,True
underfall_yard,6_mar_2020,run1,990,port,21,20.0,28.45,990_port_cond_21-20_00x28_45m.png,unlabelled,main,underfall_yard/6_mar_2020/run1,True
underfall_yard,6_mar_2020,run1,990,port,22,20.0,43.36,990_port_cond_22-20_00x43_36m.png,unlabelled,main,underfall_yard/6_mar_2020/run1,True
underfall_yard,6_mar_2020,run1,990,port,23,20.0,47.3,990_port_cond_23-20_00x47_30m.png,unlabelled,main,underfall_yard/6_mar_2020/run1,True
underfall_yard,6_mar_2020,run1,990,port,24,20.0,33.94,990_port_cond_24-20_00x33_94m.png,unlabelled,main,underfall_yard/6_mar_2020/run1,True
underfall_yard,6_mar_2020,run1,990,port,25,20.0,11.56,990_port_cond_25-20_00x11_56m.png,unlabelled,main,underfall_yard/6_mar_2020/run1,True
underfall_yard,6_mar_2020,run1,990,port,26,20.0,15.58,990_port_cond_26-20_00x15_58m.png,unlabelled,main,underfall_yard/6_mar_2020/run1,True
underfall_yard,6_mar_2020,run1,990,port,27,20.0,7.48,990_port_cond_27-20_00x7_48m.png,unlabelled,main,underfall_yard/6_mar_2020/run1,True
underfall_yard,6_mar_2020,run1,990,port,28,20.0,12.67,990_port_cond_28-20_00x12_67m.png,unlabelled,main,underfall_yard/6_mar_2020/run1,True
underfall_yard,6_mar_2020,run1,990,port,29,20.0,17.88,990_port_cond_29-20_00x17_88m.png,unlabelled,main,underfall_yard/6_mar_2020/run1,True
underfall_yard,6_mar_2020,run1,990,port,3,20.0,44.18,990_port_cond_3-20_00x44_18m.png,unlabelled,main,underfall_yard/6_mar_2020/run1,True
underfall_yard,6_mar_2020,run1,990,port,30,20.0,23.66,990_port_cond_30-20_00x23_66m.png,unlabelled,main,underfall_yard/6_mar_2020/run1,True
underfall_yard,6_mar_2020,run1,990,port,31,20.0,28.53,990_port_cond_31-20_00x28_53m.png,unlabelled,main,underfall_yard/6_mar_2020/run1,True
underfall_yard,6_mar_2020,run1,990,port,32,20.0,34.31,990_port_cond_32-20_00x34_31m.png,unlabelled,main,underfall_yard/6_mar_2020/run1,True
underfall_yard,6_mar_2020,run1,990,port,33,20.0,39.06,990_port_cond_33-20_00x39_06m.png,unlabelled,main,underfall_yard/6_mar_2020/run1,True
underfall_yard,6_mar_2020,run1,990,port,34,20.0,39.54,990_port_cond_34-20_00x39_54m.png,unlabelled,main,underfall_yard/6_mar_2020/run1,True
underfall_yard,6_mar_2020,run1,990,port,35,20.0,39.0,990_port_cond_35-20_00x39_00m.png,unlabelled,main,underfall_yard/6_mar_2020/run1,True
underfall_yard,6_mar_2020,run1,990,port,36,20.0,38.67,990_port_cond_36-20_00x38_67m.png,unlabelled,main,underfall_yard/6_mar_2020/run1,True
underfall_yard,6_mar_2020,run1,990,port,37,20.0,38.1,990_port_cond_37-20_00x38_10m.png,unlabelled,main,underfall_yard/6_mar_2020/run1,True
underfall_yard,6_mar_2020,run1,990,port,38,20.0,38.12,990_port_cond_38-20_00x38_12m.png,unlabelled,main,underfall_yard/6_mar_2020/run1,True
underfall_yard,6_mar_2020,run1,990,port,39,20.0,31.22,990_port_cond_39-20_00x31_22m.png,unlabelled,main,underfall_yard/6_mar_2020/run1,True
underfall_yard,6_mar_2020,run1,990,port,4,20.0,44.48,990_port_cond_4-20_00x44_48m.png,unlabelled,main,underfall_yard/6_mar_2020/run1,True
underfall_yard,6_mar_2020,run1,990,port,40,20.0,24.76,990_port_cond_40-20_00x24_76m.png,unlabelled,main,underfall_yard/6_mar_2020/run1,True
underfall_yard,6_mar_2020,run1,990,port,41,20.0,18.2,990_port_cond_41-20_00x18_20m.png,unlabelled,main,underfall_yard/6_mar_2020/run1,True
underfall_yard,6_mar_2020,run1,990,port,42,20.0,12.54,990_port_cond_42-20_00x12_54m.png,unlabelled,main,underfall_yard/6_mar_2020/run1,True
underfall_yard,6_mar_2020,run1,990,port,43,20.0,6.05,990_port_cond_43-20_00x6_05m.png,unlabelled,main,underfall_yard/6_mar_2020/run1,True
underfall_yard,6_mar_2020,run1,990,port,44,20.0,4.59,990_port_cond_44-20_00x4_59m.png,unlabelled,main,underfall_yard/6_mar_2020/run1,True
underfall_yard,6_mar_2020,run1,990,port,45,20.0,15.35,990_port_cond_45-20_00x15_35m.png,unlabelled,main,underfall_yard/6_mar_2020/run1,True
underfall_yard,6_mar_2020,run1,990,port,46,20.0,22.13,990_port_cond_46-20_00x22_13m.png,unlabelled,main,underfall_yard/6_mar_2020/run1,True
underfall_yard,6_mar_2020,run1,990,port,47,20.0,27.82,990_port_cond_47-20_00x27_82m.png,unlabelled,main,underfall_yard/6_mar_2020/run1,True
underfall_yard,6_mar_2020,run1,990,port,48,20.0,28.2,990_port_cond_48-20_00x28_20m.png,unlabelled,main,underfall_yard/6_mar_2020/run1,True
underfall_yard,6_mar_2020,run1,990,port,49,20.0,27.66,990_port_cond_49-20_00x27_66m.png,unlabelled,main,underfall_yard/6_mar_2020/run1,True
underfall_yard,6_mar_2020,run1,990,port,5,20.0,44.39,990_port_cond_5-20_00x44_39m.png,unlabelled,main,underfall_yard/6_mar_2020/run1,True
underfall_yard,6_mar_2020,run1,990,port,50,20.0,27.87,990_port_cond_50-20_00x27_87m.png,unlabelled,main,underfall_yard/6_mar_2020/run1,True
underfall_yard,6_mar_2020,run1,990,port,51,20.0,27.64,990_port_cond_51-20_00x27_64m.png,unlabelled,main,underfall_yard/6_mar_2020/run1,True
underfall_yard,6_mar_2020,run1,990,port,52,20.0,27.59,990_port_cond_52-20_00x27_59m.png,unlabelled,main,underfall_yard/6_mar_2020/run1,True
underfall_yard,6_mar_2020,run1,990,port,53,20.0,27.5,990_port_cond_53-20_00x27_50m.png,unlabelled,main,underfall_yard/6_mar_2020/run1,True
underfall_yard,6_mar_2020,run1,990,port,54,20.0,27.49,990_port_cond_54-20_00x27_49m.png,unlabelled,main,underfall_yard/6_mar_2020/run1,True
underfall_yard,6_mar_2020,run1,990,port,55,20.0,26.69,990_port_cond_55-20_00x26_69m.png,unlabelled,main,underfall_yard/6_mar_2020/run1,True
underfall_yard,6_mar_2020,run1,990,port,56,20.0,26.51,990_port_cond_56-20_00x26_51m.png,unlabelled,main,underfall_yard/6_mar_2020/run1,True
underfall_yard,6_mar_2020,run1,990,port,57,20.0,14.58,990_port_cond_57-20_00x14_58m.png,unlabelled,main,underfall_yard/6_mar_2020/run1,True
underfall_yard,6_mar_2020,run1,990,port,58,20.0,8.13,990_port_cond_58-20_00x8_13m.png,unlabelled,main,underfall_yard/6_mar_2020/run1,True
underfall_yard,6_mar_2020,run1,990,port,59,20.0,21.61,990_port_cond_59-20_00x21_61m.png,unlabelled,main,underfall_yard/6_mar_2020/run1,True
underfall_yard,6_mar_2020,run1,990,port,6,20.0,44.95,990_port_cond_6-20_00x44_95m.png,unlabelled,main,underfall_yard/6_mar_2020/run1,True
underfall_yard,6_mar_2020,run1,990,port,60,20.0,21.96,990_port_cond_60-20_00x21_96m.png,unlabelled,main,underfall_yard/6_mar_2020/run1,True
underfall_yard,6_mar_2020,run1,990,port,61,20.0,22.36,990_port_cond_61-20_00x22_36m.png,unlabelled,main,underfall_yard/6_mar_2020/run1,True
underfall_yard,6_mar_2020,run1,990,port,62,20.0,21.93,990_port_cond_62-20_00x21_93m.png,unlabelled,main,underfall_yard/6_mar_2020/run1,True
underfall_yard,6_mar_2020,run1,990,port,63,20.0,22.34,990_port_cond_63-20_00x22_34m.png,unlabelled,main,underfall_yard/6_mar_2020/run1,True
underfall_yard,6_mar_2020,run1,990,port,64,20.0,22.46,990_port_cond_64-20_00x22_46m.png,unlabelled,main,underfall_yard/6_mar_2020/run1,True
underfall_yard,6_mar_2020,run1,990,port,65,20.0,22.75,990_port_cond_65-20_00x22_75m.png,unlabelled,main,underfall_yard/6_mar_2020/run1,True
underfall_yard,6_mar_2020,run1,990,port,66,20.0,22.78,990_port_cond_66-20_00x22_78m.png,unlabelled,main,underfall_yard/6_mar_2020/run1,True
underfall_yard,6_mar_2020,run1,990,port,67,20.0,22.84,990_port_cond_67-20_00x22_84m.png,unlabelled,main,underfall_yard/6_mar_2020/run1,True
underfall_yard,6_mar_2020,run1,990,port,68,20.0,22.83,990_port_cond_68-20_00x22_83m.png,unlabelled,main,underfall_yard/6_mar_2020/run1,True
underfall_yard,6_mar_2020,run1,990,port,69,20.0,23.28,990_port_cond_69-20_00x23_28m.png,unlabelled,main,underfall_yard/6_mar_2020/run1,True
underfall_yard,6_mar_2020,run1,990,port,7,20.0,45.91,990_port_cond_7-20_00x45_91m.png,unlabelled,main,underfall_yard/6_mar_2020/run1,True
underfall_yard,6_mar_2020,run1,990,port,70,20.0,23.06,990_port_cond_70-20_00x23_06m.png,unlabelled,main,underfall_yard/6_mar_2020/run1,True
underfall_yard,6_mar_2020,run1,990,port,71,20.0,23.56,990_port_cond_71-20_00x23_56m.png,unlabelled,main,underfall_yard/6_mar_2020/run1,True
underfall_yard,6_mar_2020,run1,990,port,8,20.0,45.41,990_port_cond_8-20_00x45_41m.png,unlabelled,main,underfall_yard/6_mar_2020/run1,True
underfall_yard,6_mar_2020,run1,990,port,9,20.0,45.38,990_port_cond_9-20_00x45_38m.png,unlabelled,main,underfall_yard/6_mar_2020/run1,True
underfall_yard,6_mar_2020,run1,990,stbd,1,20.0,49.5,990_stbd_cond_1-20_00x49_50m.png,unlabelled,main,underfall_yard/6_mar_2020/run1,True
underfall_yard,6_mar_2020,run1,990,stbd,10,20.0,45.5,990_stbd_cond_10-20_00x45_50m.png,unlabelled,main,underfall_yard/6_mar_2020/run1,True
underfall_yard,6_mar_2020,run1,990,stbd,11,20.0,21.11,990_stbd_cond_11-20_00x21_11m.png,unlabelled,main,underfall_yard/6_mar_2020/run1,True
underfall_yard,6_mar_2020,run1,990,stbd,12,20.0,19.71,990_stbd_cond_12-20_00x19_71m.png,unlabelled,main,underfall_yard/6_mar_2020/run1,True
underfall_yard,6_mar_2020,run1,990,stbd,13,20.0,27.46,990_stbd_cond_13-20_00x27_46m.png,unlabelled,main,underfall_yard/6_mar_2020/run1,True
underfall_yard,6_mar_2020,run1,990,stbd,14,20.0,6.17,990_stbd_cond_14-20_00x6_17m.png,unlabelled,main,underfall_yard/6_mar_2020/run1,True
underfall_yard,6_mar_2020,run1,990,stbd,15,20.0,40.21,990_stbd_cond_15-20_00x40_21m.png,unlabelled,main,underfall_yard/6_mar_2020/run1,True
underfall_yard,6_mar_2020,run1,990,stbd,16,20.0,47.43,990_stbd_cond_16-20_00x47_43m.png,unlabelled,main,underfall_yard/6_mar_2020/run1,True
underfall_yard,6_mar_2020,run1,990,stbd,17,20.0,47.28,990_stbd_cond_17-20_00x47_28m.png,unlabelled,main,underfall_yard/6_mar_2020/run1,True
underfall_yard,6_mar_2020,run1,990,stbd,18,20.0,46.86,990_stbd_cond_18-20_00x46_86m.png,unlabelled,main,underfall_yard/6_mar_2020/run1,True
underfall_yard,6_mar_2020,run1,990,stbd,19,20.0,47.22,990_stbd_cond_19-20_00x47_22m.png,unlabelled,main,underfall_yard/6_mar_2020/run1,True
underfall_yard,6_mar_2020,run1,990,stbd,2,20.0,44.25,990_stbd_cond_2-20_00x44_25m.png,unlabelled,main,underfall_yard/6_mar_2020/run1,True
underfall_yard,6_mar_2020,run1,990,stbd,20,20.0,46.58,990_stbd_cond_20-20_00x46_58m.png,unlabelled,main,underfall_yard/6_mar_2020/run1,True
underfall_yard,6_mar_2020,run1,990,stbd,21,20.0,28.45,990_stbd_cond_21-20_00x28_45m.png,unlabelled,main,underfall_yard/6_mar_2020/run1,True
underfall_yard,6_mar_2020,run1,990,stbd,22,20.0,43.36,990_stbd_cond_22-20_00x43_36m.png,unlabelled,main,underfall_yard/6_mar_2020/run1,True
underfall_yard,6_mar_2020,run1,990,stbd,23,20.0,47.3,990_stbd_cond_23-20_00x47_30m.png,unlabelled,main,underfall_yard/6_mar_2020/run1,True
underfall_yard,6_mar_2020,run1,990,stbd,24,20.0,33.94,990_stbd_cond_24-20_00x33_94m.png,unlabelled,main,underfall_yard/6_mar_2020/run1,True
underfall_yard,6_mar_2020,run1,990,stbd,25,20.0,11.56,990_stbd_cond_25-20_00x11_56m.png,unlabelled,main,underfall_yard/6_mar_2020/run1,True
underfall_yard,6_mar_2020,run1,990,stbd,26,20.0,15.58,990_stbd_cond_26-20_00x15_58m.png,unlabelled,main,underfall_yard/6_mar_2020/run1,True
underfall_yard,6_mar_2020,run1,990,stbd,27,20.0,7.48,990_stbd_cond_27-20_00x7_48m.png,unlabelled,main,underfall_yard/6_mar_2020/run1,True
underfall_yard,6_mar_2020,run1,990,stbd,28,20.0,12.67,990_stbd_cond_28-20_00x12_67m.png,unlabelled,main,underfall_yard/6_mar_2020/run1,True
underfall_yard,6_mar_2020,run1,990,stbd,29,20.0,17.88,990_stbd_cond_29-20_00x17_88m.png,unlabelled,main,underfall_yard/6_mar_2020/run1,True
underfall_yard,6_mar_2020,run1,990,stbd,3,20.0,44.18,990_stbd_cond_3-20_00x44_18m.png,unlabelled,main,underfall_yard/6_mar_2020/run1,True
underfall_yard,6_mar_2020,run1,990,stbd,30,20.0,23.66,990_stbd_cond_30-20_00x23_66m.png,unlabelled,main,underfall_yard/6_mar_2020/run1,True
underfall_yard,6_mar_2020,run1,990,stbd,31,20.0,28.53,990_stbd_cond_31-20_00x28_53m.png,unlabelled,main,underfall_yard/6_mar_2020/run1,True
underfall_yard,6_mar_2020,run1,990,stbd,32,20.0,34.31,990_stbd_cond_32-20_00x34_31m.png,unlabelled,main,underfall_yard/6_mar_2020/run1,True
underfall_yard,6_mar_2020,run1,990,stbd,33,20.0,39.06,990_stbd_cond_33-20_00x39_06m.png,unlabelled,main,underfall_yard/6_mar_2020/run1,True
underfall_yard,6_mar_2020,run1,990,stbd,34,20.0,39.54,990_stbd_cond_34-20_00x39_54m.png,unlabelled,main,underfall_yard/6_mar_2020/run1,True
underfall_yard,6_mar_2020,run1,990,stbd,35,20.0,39.0,990_stbd_cond_35-20_00x39_00m.png,unlabelled,main,underfall_yard/6_mar_2020/run1,True
underfall_yard,6_mar_2020,run1,990,stbd,36,20.0,38.67,990_stbd_cond_36-20_00x38_67m.png,unlabelled,main,underfall_yard/6_mar_2020/run1,True
underfall_yard,6_mar_2020,run1,990,stbd,37,20.0,38.1,990_stbd_cond_37-20_00x38_10m.png,unlabelled,main,underfall_yard/6_mar_2020/run1,True
underfall_yard,6_mar_2020,run1,990,stbd,38,20.0,38.12,990_stbd_cond_38-20_00x38_12m.png,unlabelled,main,underfall_yard/6_mar_2020/run1,True
underfall_yard,6_mar_2020,run1,990,stbd,39,20.0,31.22,990_stbd_cond_39-20_00x31_22m.png,unlabelled,main,underfall_yard/6_mar_2020/run1,True
underfall_yard,6_mar_2020,run1,990,stbd,4,20.0,44.48,990_stbd_cond_4-20_00x44_48m.png,unlabelled,main,underfall_yard/6_mar_2020/run1,True
underfall_yard,6_mar_2020,run1,990,stbd,40,20.0,24.76,990_stbd_cond_40-20_00x24_76m.png,unlabelled,main,underfall_yard/6_mar_2020/run1,True
underfall_yard,6_mar_2020,run1,990,stbd,41,20.0,18.2,990_stbd_cond_41-20_00x18_20m.png,unlabelled,main,underfall_yard/6_mar_2020/run1,True
underfall_yard,6_mar_2020,run1,990,stbd,42,20.0,12.54,990_stbd_cond_42-20_00x12_54m.png,unlabelled,main,underfall_yard/6_mar_2020/run1,True
underfall_yard,6_mar_2020,run1,990,stbd,43,20.0,6.05,990_stbd_cond_43-20_00x6_05m.png,unlabelled,main,underfall_yard/6_mar_2020/run1,True
underfall_yard,6_mar_2020,run1,990,stbd,44,20.0,4.59,990_stbd_cond_44-20_00x4_59m.png,unlabelled,main,underfall_yard/6_mar_2020/run1,True
underfall_yard,6_mar_2020,run1,990,stbd,45,20.0,15.35,990_stbd_cond_45-20_00x15_35m.png,unlabelled,main,underfall_yard/6_mar_2020/run1,True
underfall_yard,6_mar_2020,run1,990,stbd,46,20.0,22.13,990_stbd_cond_46-20_00x22_13m.png,unlabelled,main,underfall_yard/6_mar_2020/run1,True
underfall_yard,6_mar_2020,run1,990,stbd,47,20.0,27.82,990_stbd_cond_47-20_00x27_82m.png,unlabelled,main,underfall_yard/6_mar_2020/run1,True
underfall_yard,6_mar_2020,run1,990,stbd,48,20.0,28.2,990_stbd_cond_48-20_00x28_20m.png,unlabelled,main,underfall_yard/6_mar_2020/run1,True
underfall_yard,6_mar_2020,run1,990,stbd,49,20.0,27.66,990_stbd_cond_49-20_00x27_66m.png,unlabelled,main,underfall_yard/6_mar_2020/run1,True
underfall_yard,6_mar_2020,run1,990,stbd,5,20.0,44.39,990_stbd_cond_5-20_00x44_39m.png,unlabelled,main,underfall_yard/6_mar_2020/run1,True
underfall_yard,6_mar_2020,run1,990,stbd,50,20.0,27.87,990_stbd_cond_50-20_00x27_87m.png,unlabelled,main,underfall_yard/6_mar_2020/run1,True
underfall_yard,6_mar_2020,run1,990,stbd,51,20.0,27.64,990_stbd_cond_51-20_00x27_64m.png,unlabelled,main,underfall_yard/6_mar_2020/run1,True
underfall_yard,6_mar_2020,run1,990,stbd,52,20.0,27.59,990_stbd_cond_52-20_00x27_59m.png,unlabelled,main,underfall_yard/6_mar_2020/run1,True
underfall_yard,6_mar_2020,run1,990,stbd,53,20.0,27.5,990_stbd_cond_53-20_00x27_50m.png,unlabelled,main,underfall_yard/6_mar_2020/run1,True
underfall_yard,6_mar_2020,run1,990,stbd,54,20.0,27.49,990_stbd_cond_54-20_00x27_49m.png,unlabelled,main,underfall_yard/6_mar_2020/run1,True
underfall_yard,6_mar_2020,run1,990,stbd,55,20.0,26.69,990_stbd_cond_55-20_00x26_69m.png,unlabelled,main,underfall_yard/6_mar_2020/run1,True
underfall_yard,6_mar_2020,run1,990,stbd,56,20.0,26.51,990_stbd_cond_56-20_00x26_51m.png,unlabelled,main,underfall_yard/6_mar_2020/run1,True
underfall_yard,6_mar_2020,run1,990,stbd,57,20.0,14.58,990_stbd_cond_57-20_00x14_58m.png,unlabelled,main,underfall_yard/6_mar_2020/run1,True
underfall_yard,6_mar_2020,run1,990,stbd,58,20.0,8.13,990_stbd_cond_58-20_00x8_13m.png,unlabelled,main,underfall_yard/6_mar_2020/run1,True
underfall_yard,6_mar_2020,run1,990,stbd,59,20.0,21.61,990_stbd_cond_59-20_00x21_61m.png,unlabelled,main,underfall_yard/6_mar_2020/run1,True
underfall_yard,6_mar_2020,run1,990,stbd,6,20.0,44.95,990_stbd_cond_6-20_00x44_95m.png,unlabelled,main,underfall_yard/6_mar_2020/run1,True
underfall_yard,6_mar_2020,run1,990,stbd,60,20.0,21.96,990_stbd_cond_60-20_00x21_96m.png,unlabelled,main,underfall_yard/6_mar_2020/run1,True
underfall_yard,6_mar_2020,run1,990,stbd,61,20.0,22.36,990_stbd_cond_61-20_00x22_36m.png,unlabelled,main,underfall_yard/6_mar_2020/run1,True
underfall_yard,6_mar_2020,run1,990,stbd,62,20.0,21.93,990_stbd_cond_62-20_00x21_93m.png,unlabelled,main,underfall_yard/6_mar_2020/run1,True
underfall_yard,6_mar_2020,run1,990,stbd,63,20.0,22.34,990_stbd_cond_63-20_00x22_34m.png,unlabelled,main,underfall_yard/6_mar_2020/run1,True
underfall_yard,6_mar_2020,run1,990,stbd,64,20.0,22.46,990_stbd_cond_64-20_00x22_46m.png,unlabelled,main,underfall_yard/6_mar_2020/run1,True
underfall_yard,6_mar_2020,run1,990,stbd,65,20.0,22.75,990_stbd_cond_65-20_00x22_75m.png,unlabelled,main,underfall_yard/6_mar_2020/run1,True
underfall_yard,6_mar_2020,run1,990,stbd,66,20.0,22.78,990_stbd_cond_66-20_00x22_78m.png,unlabelled,main,underfall_yard/6_mar_2020/run1,True
underfall_yard,6_mar_2020,run1,990,stbd,67,20.0,22.84,990_stbd_cond_67-20_00x22_84m.png,unlabelled,main,underfall_yard/6_mar_2020/run1,True
underfall_yard,6_mar_2020,run1,990,stbd,68,20.0,22.83,990_stbd_cond_68-20_00x22_83m.png,unlabelled,main,underfall_yard/6_mar_2020/run1,True
underfall_yard,6_mar_2020,run1,990,stbd,69,20.0,23.28,990_stbd_cond_69-20_00x23_28m.png,unlabelled,main,underfall_yard/6_mar_2020/run1,True
underfall_yard,6_mar_2020,run1,990,stbd,7,20.0,45.91,990_stbd_cond_7-20_00x45_91m.png,unlabelled,main,underfall_yard/6_mar_2020/run1,True
underfall_yard,6_mar_2020,run1,990,stbd,70,20.0,23.06,990_stbd_cond_70-20_00x23_06m.png,unlabelled,main,underfall_yard/6_mar_2020/run1,True
underfall_yard,6_mar_2020,run1,990,stbd,71,20.0,23.56,990_stbd_cond_71-20_00x23_56m.png,unlabelled,main,underfall_yard/6_mar_2020/run1,True
underfall_yard,6_mar_2020,run1,990,stbd,8,20.0,45.41,990_stbd_cond_8-20_00x45_41m.png,unlabelled,main,underfall_yard/6_mar_2020/run1,True
underfall_yard,6_mar_2020,run1,990,stbd,9,20.0,45.38,990_stbd_cond_9-20_00x45_38m.png,unlabelled,main,underfall_yard/6_mar_2020/run1,True
underfall_yard,6_mar_2020,run1,450,port,1,20.0,49.5,450_port_cond_1-20_00x49_50m.png,unlabelled,main,underfall_yard/6_mar_2020/run1,False
underfall_yard,6_mar_2020,run1,450,port,10,20.0,45.5,450_port_cond_10-20_00x45_50m.png,unlabelled,main,underfall_yard/6_mar_2020/run1,False
underfall_yard,6_mar_2020,run1,450,port,11,20.0,21.11,450_port_cond_11-20_00x21_11m.png,unlabelled,main,underfall_yard/6_mar_2020/run1,False
underfall_yard,6_mar_2020,run1,450,port,12,20.0,19.71,450_port_cond_12-20_00x19_71m.png,unlabelled,main,underfall_yard/6_mar_2020/run1,False
underfall_yard,6_mar_2020,run1,450,port,13,20.0,27.46,450_port_cond_13-20_00x27_46m.png,unlabelled,main,underfall_yard/6_mar_2020/run1,False
underfall_yard,6_mar_2020,run1,450,port,14,20.0,6.17,450_port_cond_14-20_00x6_17m.png,unlabelled,main,underfall_yard/6_mar_2020/run1,False
underfall_yard,6_mar_2020,run1,450,port,15,20.0,40.21,450_port_cond_15-20_00x40_21m.png,unlabelled,main,underfall_yard/6_mar_2020/run1,False
underfall_yard,6_mar_2020,run1,450,port,16,20.0,47.43,450_port_cond_16-20_00x47_43m.png,unlabelled,main,underfall_yard/6_mar_2020/run1,False
underfall_yard,6_mar_2020,run1,450,port,17,20.0,47.28,450_port_cond_17-20_00x47_28m.png,unlabelled,main,underfall_yard/6_mar_2020/run1,False
underfall_yard,6_mar_2020,run1,450,port,18,20.0,46.86,450_port_cond_18-20_00x46_86m.png,unlabelled,main,underfall_yard/6_mar_2020/run1,False
underfall_yard,6_mar_2020,run1,450,port,19,20.0,47.22,450_port_cond_19-20_00x47_22m.png,unlabelled,main,underfall_yard/6_mar_2020/run1,False
underfall_yard,6_mar_2020,run1,450,port,2,20.0,44.25,450_port_cond_2-20_00x44_25m.png,unlabelled,main,underfall_yard/6_mar_2020/run1,False
underfall_yard,6_mar_2020,run1,450,port,20,20.0,46.58,450_port_cond_20-20_00x46_58m.png,unlabelled,main,underfall_yard/6_mar_2020/run1,False
underfall_yard,6_mar_2020,run1,450,port,21,20.0,28.38,450_port_cond_21-20_00x28_38m.png,unlabelled,main,underfall_yard/6_mar_2020/run1,False
underfall_yard,6_mar_2020,run1,450,port,22,20.0,43.36,450_port_cond_22-20_00x43_36m.png,unlabelled,main,underfall_yard/6_mar_2020/run1,False
underfall_yard,6_mar_2020,run1,450,port,23,20.0,47.3,450_port_cond_23-20_00x47_30m.png,unlabelled,main,underfall_yard/6_mar_2020/run1,False
underfall_yard,6_mar_2020,run1,450,port,24,20.0,33.94,450_port_cond_24-20_00x33_94m.png,unlabelled,main,underfall_yard/6_mar_2020/run1,False
underfall_yard,6_mar_2020,run1,450,port,25,20.0,11.56,450_port_cond_25-20_00x11_56m.png,unlabelled,main,underfall_yard/6_mar_2020/run1,False
underfall_yard,6_mar_2020,run1,450,port,26,20.0,15.58,450_port_cond_26-20_00x15_58m.png,unlabelled,main,underfall_yard/6_mar_2020/run1,False
underfall_yard,6_mar_2020,run1,450,port,27,20.0,7.48,450_port_cond_27-20_00x7_48m.png,unlabelled,main,underfall_yard/6_mar_2020/run1,False
underfall_yard,6_mar_2020,run1,450,port,28,20.0,12.67,450_port_cond_28-20_00x12_67m.png,unlabelled,main,underfall_yard/6_mar_2020/run1,False
underfall_yard,6_mar_2020,run1,450,port,29,20.0,17.88,450_port_cond_29-20_00x17_88m.png,unlabelled,main,underfall_yard/6_mar_2020/run1,False
underfall_yard,6_mar_2020,run1,450,port,3,20.0,44.18,450_port_cond_3-20_00x44_18m.png,unlabelled,main,underfall_yard/6_mar_2020/run1,False
underfall_yard,6_mar_2020,run1,450,port,30,20.0,23.66,450_port_cond_30-20_00x23_66m.png,unlabelled,main,underfall_yard/6_mar_2020/run1,False
underfall_yard,6_mar_2020,run1,450,port,31,20.0,28.53,450_port_cond_31-20_00x28_53m.png,unlabelled,main,underfall_yard/6_mar_2020/run1,False
underfall_yard,6_mar_2020,run1,450,port,32,20.0,34.31,450_port_cond_32-20_00x34_31m.png,unlabelled,main,underfall_yard/6_mar_2020/run1,False
underfall_yard,6_mar_2020,run1,450,port,33,20.0,39.06,450_port_cond_33-20_00x39_06m.png,unlabelled,main,underfall_yard/6_mar_2020/run1,False
underfall_yard,6_mar_2020,run1,450,port,34,20.0,39.54,450_port_cond_34-20_00x39_54m.png,unlabelled,main,underfall_yard/6_mar_2020/run1,False
underfall_yard,6_mar_2020,run1,450,port,35,20.0,39.0,450_port_cond_35-20_00x39_00m.png,unlabelled,main,underfall_yard/6_mar_2020/run1,False
underfall_yard,6_mar_2020,run1,450,port,36,20.0,38.67,450_port_cond_36-20_00x38_67m.png,unlabelled,main,underfall_yard/6_mar_2020/run1,False
underfall_yard,6_mar_2020,run1,450,port,37,20.0,38.1,450_port_cond_37-20_00x38_10m.png,unlabelled,main,underfall_yard/6_mar_2020/run1,False
underfall_yard,6_mar_2020,run1,450,port,38,20.0,38.12,450_port_cond_38-20_00x38_12m.png,unlabelled,main,underfall_yard/6_mar_2020/run1,False
underfall_yard,6_mar_2020,run1,450,port,39,20.0,31.22,450_port_cond_39-20_00x31_22m.png,unlabelled,main,underfall_yard/6_mar_2020/run1,False
underfall_yard,6_mar_2020,run1,450,port,4,20.0,44.48,450_port_cond_4-20_00x44_48m.png,unlabelled,main,underfall_yard/6_mar_2020/run1,False
underfall_yard,6_mar_2020,run1,450,port,40,20.0,24.76,450_port_cond_40-20_00x24_76m.png,unlabelled,main,underfall_yard/6_mar_2020/run1,False
underfall_yard,6_mar_2020,run1,450,port,41,20.0,18.2,450_port_cond_41-20_00x18_20m.png,unlabelled,main,underfall_yard/6_mar_2020/run1,False
underfall_yard,6_mar_2020,run1,450,port,42,20.0,12.54,450_port_cond_42-20_00x12_54m.png,unlabelled,main,underfall_yard/6_mar_2020/run1,False
underfall_yard,6_mar_2020,run1,450,port,43,20.0,6.05,450_port_cond_43-20_00x6_05m.png,unlabelled,main,underfall_yard/6_mar_2020/run1,False
underfall_yard,6_mar_2020,run1,450,port,44,20.0,4.59,450_port_cond_44-20_00x4_59m.png,unlabelled,main,underfall_yard/6_mar_2020/run1,False
underfall_yard,6_mar_2020,run1,450,port,45,20.0,15.35,450_port_cond_45-20_00x15_35m.png,unlabelled,main,underfall_yard/6_mar_2020/run1,False
underfall_yard,6_mar_2020,run1,450,port,46,20.0,22.13,450_port_cond_46-20_00x22_13m.png,unlabelled,main,underfall_yard/6_mar_2020/run1,False
underfall_yard,6_mar_2020,run1,450,port,47,20.0,27.82,450_port_cond_47-20_00x27_82m.png,unlabelled,main,underfall_yard/6_mar_2020/run1,False
underfall_yard,6_mar_2020,run1,450,port,48,20.0,28.2,450_port_cond_48-20_00x28_20m.png,unlabelled,main,underfall_yard/6_mar_2020/run1,False
underfall_yard,6_mar_2020,run1,450,port,49,20.0,27.66,450_port_cond_49-20_00x27_66m.png,unlabelled,main,underfall_yard/6_mar_2020/run1,False
underfall_yard,6_mar_2020,run1,450,port,5,20.0,44.39,450_port_cond_5-20_00x44_39m.png,unlabelled,main,underfall_yard/6_mar_2020/run1,False
underfall_yard,6_mar_2020,run1,450,port,50,20.0,27.87,450_port_cond_50-20_00x27_87m.png,unlabelled,main,underfall_yard/6_mar_2020/run1,False
underfall_yard,6_mar_2020,run1,450,port,51,20.0,27.64,450_port_cond_51-20_00x27_64m.png,unlabelled,main,underfall_yard/6_mar_2020/run1,False
underfall_yard,6_mar_2020,run1,450,port,52,20.0,27.59,450_port_cond_52-20_00x27_59m.png,unlabelled,main,underfall_yard/6_mar_2020/run1,False
underfall_yard,6_mar_2020,run1,450,port,53,20.0,27.5,450_port_cond_53-20_00x27_50m.png,unlabelled,main,underfall_yard/6_mar_2020/run1,False
underfall_yard,6_mar_2020,run1,450,port,54,20.0,27.49,450_port_cond_54-20_00x27_49m.png,unlabelled,main,underfall_yard/6_mar_2020/run1,False
underfall_yard,6_mar_2020,run1,450,port,55,20.0,26.69,450_port_cond_55-20_00x26_69m.png,unlabelled,main,underfall_yard/6_mar_2020/run1,False
underfall_yard,6_mar_2020,run1,450,port,56,20.0,26.51,450_port_cond_56-20_00x26_51m.png,unlabelled,main,underfall_yard/6_mar_2020/run1,False
underfall_yard,6_mar_2020,run1,450,port,57,20.0,14.58,450_port_cond_57-20_00x14_58m.png,unlabelled,main,underfall_yard/6_mar_2020/run1,False
underfall_yard,6_mar_2020,run1,450,port,58,20.0,8.13,450_port_cond_58-20_00x8_13m.png,unlabelled,main,underfall_yard/6_mar_2020/run1,False
underfall_yard,6_mar_2020,run1,450,port,59,20.0,21.61,450_port_cond_59-20_00x21_61m.png,unlabelled,main,underfall_yard/6_mar_2020/run1,False
underfall_yard,6_mar_2020,run1,450,port,6,20.0,44.95,450_port_cond_6-20_00x44_95m.png,unlabelled,main,underfall_yard/6_mar_2020/run1,False
underfall_yard,6_mar_2020,run1,450,port,60,20.0,21.96,450_port_cond_60-20_00x21_96m.png,unlabelled,main,underfall_yard/6_mar_2020/run1,False
underfall_yard,6_mar_2020,run1,450,port,61,20.0,22.36,450_port_cond_61-20_00x22_36m.png,unlabelled,main,underfall_yard/6_mar_2020/run1,False
underfall_yard,6_mar_2020,run1,450,port,62,20.0,21.93,450_port_cond_62-20_00x21_93m.png,unlabelled,main,underfall_yard/6_mar_2020/run1,False
underfall_yard,6_mar_2020,run1,450,port,63,20.0,22.34,450_port_cond_63-20_00x22_34m.png,unlabelled,main,underfall_yard/6_mar_2020/run1,False
underfall_yard,6_mar_2020,run1,450,port,64,20.0,22.46,450_port_cond_64-20_00x22_46m.png,unlabelled,main,underfall_yard/6_mar_2020/run1,False
underfall_yard,6_mar_2020,run1,450,port,65,20.0,22.75,450_port_cond_65-20_00x22_75m.png,unlabelled,main,underfall_yard/6_mar_2020/run1,False
underfall_yard,6_mar_2020,run1,450,port,66,20.0,22.78,450_port_cond_66-20_00x22_78m.png,unlabelled,main,underfall_yard/6_mar_2020/run1,False
underfall_yard,6_mar_2020,run1,450,port,67,20.0,22.84,450_port_cond_67-20_00x22_84m.png,unlabelled,main,underfall_yard/6_mar_2020/run1,False
underfall_yard,6_mar_2020,run1,450,port,68,20.0,22.83,450_port_cond_68-20_00x22_83m.png,unlabelled,main,underfall_yard/6_mar_2020/run1,False
underfall_yard,6_mar_2020,run1,450,port,69,20.0,23.28,450_port_cond_69-20_00x23_28m.png,unlabelled,main,underfall_yard/6_mar_2020/run1,False
underfall_yard,6_mar_2020,run1,450,port,7,20.0,45.91,450_port_cond_7-20_00x45_91m.png,unlabelled,main,underfall_yard/6_mar_2020/run1,False
underfall_yard,6_mar_2020,run1,450,port,70,20.0,23.06,450_port_cond_70-20_00x23_06m.png,unlabelled,main,underfall_yard/6_mar_2020/run1,False
underfall_yard,6_mar_2020,run1,450,port,71,20.0,23.56,450_port_cond_71-20_00x23_56m.png,unlabelled,main,underfall_yard/6_mar_2020/run1,False
underfall_yard,6_mar_2020,run1,450,port,8,20.0,45.41,450_port_cond_8-20_00x45_41m.png,unlabelled,main,underfall_yard/6_mar_2020/run1,False
underfall_yard,6_mar_2020,run1,450,port,9,20.0,45.38,450_port_cond_9-20_00x45_38m.png,unlabelled,main,underfall_yard/6_mar_2020/run1,False
underfall_yard,6_mar_2020,run1,450,stbd,1,20.0,49.5,450_stbd_cond_1-20_00x49_50m.png,unlabelled,main,underfall_yard/6_mar_2020/run1,False
underfall_yard,6_mar_2020,run1,450,stbd,10,20.0,45.5,450_stbd_cond_10-20_00x45_50m.png,unlabelled,main,underfall_yard/6_mar_2020/run1,False
underfall_yard,6_mar_2020,run1,450,stbd,11,20.0,21.11,450_stbd_cond_11-20_00x21_11m.png,unlabelled,main,underfall_yard/6_mar_2020/run1,False
underfall_yard,6_mar_2020,run1,450,stbd,12,20.0,19.71,450_stbd_cond_12-20_00x19_71m.png,unlabelled,main,underfall_yard/6_mar_2020/run1,False
underfall_yard,6_mar_2020,run1,450,stbd,13,20.0,27.46,450_stbd_cond_13-20_00x27_46m.png,unlabelled,main,underfall_yard/6_mar_2020/run1,False
underfall_yard,6_mar_2020,run1,450,stbd,14,20.0,6.17,450_stbd_cond_14-20_00x6_17m.png,unlabelled,main,underfall_yard/6_mar_2020/run1,False
underfall_yard,6_mar_2020,run1,450,stbd,15,20.0,40.21,450_stbd_cond_15-20_00x40_21m.png,unlabelled,main,underfall_yard/6_mar_2020/run1,False
underfall_yard,6_mar_2020,run1,450,stbd,16,20.0,47.43,450_stbd_cond_16-20_00x47_43m.png,unlabelled,main,underfall_yard/6_mar_2020/run1,False
underfall_yard,6_mar_2020,run1,450,stbd,17,20.0,47.28,450_stbd_cond_17-20_00x47_28m.png,unlabelled,main,underfall_yard/6_mar_2020/run1,False
underfall_yard,6_mar_2020,run1,450,stbd,18,20.0,46.86,450_stbd_cond_18-20_00x46_86m.png,unlabelled,main,underfall_yard/6_mar_2020/run1,False
underfall_yard,6_mar_2020,run1,450,stbd,19,20.0,47.22,450_stbd_cond_19-20_00x47_22m.png,unlabelled,main,underfall_yard/6_mar_2020/run1,False
underfall_yard,6_mar_2020,run1,450,stbd,2,20.0,44.25,450_stbd_cond_2-20_00x44_25m.png,unlabelled,main,underfall_yard/6_mar_2020/run1,False
underfall_yard,6_mar_2020,run1,450,stbd,20,20.0,46.58,450_stbd_cond_20-20_00x46_58m.png,unlabelled,main,underfall_yard/6_mar_2020/run1,False
underfall_yard,6_mar_2020,run1,450,stbd,21,20.0,28.38,450_stbd_cond_21-20_00x28_38m.png,unlabelled,main,underfall_yard/6_mar_2020/run1,False
underfall_yard,6_mar_2020,run1,450,stbd,22,20.0,43.36,450_stbd_cond_22-20_00x43_36m.png,unlabelled,main,underfall_yard/6_mar_2020/run1,False
underfall_yard,6_mar_2020,run1,450,stbd,23,20.0,47.3,450_stbd_cond_23-20_00x47_30m.png,unlabelled,main,underfall_yard/6_mar_2020/run1,False
underfall_yard,6_mar_2020,run1,450,stbd,24,20.0,33.94,450_stbd_cond_24-20_00x33_94m.png,unlabelled,main,underfall_yard/6_mar_2020/run1,False
underfall_yard,6_mar_2020,run1,450,stbd,25,20.0,11.56,450_stbd_cond_25-20_00x11_56m.png,unlabelled,main,underfall_yard/6_mar_2020/run1,False
underfall_yard,6_mar_2020,run1,450,stbd,26,20.0,15.58,450_stbd_cond_26-20_00x15_58m.png,unlabelled,main,underfall_yard/6_mar_2020/run1,False
underfall_yard,6_mar_2020,run1,450,stbd,27,20.0,7.48,450_stbd_cond_27-20_00x7_48m.png,unlabelled,main,underfall_yard/6_mar_2020/run1,False
underfall_yard,6_mar_2020,run1,450,stbd,28,20.0,12.67,450_stbd_cond_28-20_00x12_67m.png,unlabelled,main,underfall_yard/6_mar_2020/run1,False
underfall_yard,6_mar_2020,run1,450,stbd,29,20.0,17.88,450_stbd_cond_29-20_00x17_88m.png,unlabelled,main,underfall_yard/6_mar_2020/run1,False
underfall_yard,6_mar_2020,run1,450,stbd,3,20.0,44.18,450_stbd_cond_3-20_00x44_18m.png,unlabelled,main,underfall_yard/6_mar_2020/run1,False
underfall_yard,6_mar_2020,run1,450,stbd,30,20.0,23.66,450_stbd_cond_30-20_00x23_66m.png,unlabelled,main,underfall_yard/6_mar_2020/run1,False
underfall_yard,6_mar_2020,run1,450,stbd,31,20.0,28.53,450_stbd_cond_31-20_00x28_53m.png,unlabelled,main,underfall_yard/6_mar_2020/run1,False
underfall_yard,6_mar_2020,run1,450,stbd,32,20.0,34.31,450_stbd_cond_32-20_00x34_31m.png,unlabelled,main,underfall_yard/6_mar_2020/run1,False
underfall_yard,6_mar_2020,run1,450,stbd,33,20.0,39.06,450_stbd_cond_33-20_00x39_06m.png,unlabelled,main,underfall_yard/6_mar_2020/run1,False
underfall_yard,6_mar_2020,run1,450,stbd,34,20.0,39.54,450_stbd_cond_34-20_00x39_54m.png,unlabelled,main,underfall_yard/6_mar_2020/run1,False
underfall_yard,6_mar_2020,run1,450,stbd,35,20.0,39.0,450_stbd_cond_35-20_00x39_00m.png,unlabelled,main,underfall_yard/6_mar_2020/run1,False
underfall_yard,6_mar_2020,run1,450,stbd,36,20.0,38.67,450_stbd_cond_36-20_00x38_67m.png,unlabelled,main,underfall_yard/6_mar_2020/run1,False
underfall_yard,6_mar_2020,run1,450,stbd,37,20.0,38.1,450_stbd_cond_37-20_00x38_10m.png,unlabelled,main,underfall_yard/6_mar_2020/run1,False
underfall_yard,6_mar_2020,run1,450,stbd,38,20.0,38.12,450_stbd_cond_38-20_00x38_12m.png,unlabelled,main,underfall_yard/6_mar_2020/run1,False
underfall_yard,6_mar_2020,run1,450,stbd,39,20.0,31.22,450_stbd_cond_39-20_00x31_22m.png,unlabelled,main,underfall_yard/6_mar_2020/run1,False
underfall_yard,6_mar_2020,run1,450,stbd,4,20.0,44.48,450_stbd_cond_4-20_00x44_48m.png,unlabelled,main,underfall_yard/6_mar_2020/run1,False
underfall_yard,6_mar_2020,run1,450,stbd,40,20.0,24.76,450_stbd_cond_40-20_00x24_76m.png,unlabelled,main,underfall_yard/6_mar_2020/run1,False
underfall_yard,6_mar_2020,run1,450,stbd,41,20.0,18.2,450_stbd_cond_41-20_00x18_20m.png,unlabelled,main,underfall_yard/6_mar_2020/run1,False
underfall_yard,6_mar_2020,run1,450,stbd,42,20.0,12.54,450_stbd_cond_42-20_00x12_54m.png,unlabelled,main,underfall_yard/6_mar_2020/run1,False
underfall_yard,6_mar_2020,run1,450,stbd,43,20.0,6.05,450_stbd_cond_43-20_00x6_05m.png,unlabelled,main,underfall_yard/6_mar_2020/run1,False
underfall_yard,6_mar_2020,run1,450,stbd,44,20.0,4.59,450_stbd_cond_44-20_00x4_59m.png,unlabelled,main,underfall_yard/6_mar_2020/run1,False
underfall_yard,6_mar_2020,run1,450,stbd,45,20.0,15.35,450_stbd_cond_45-20_00x15_35m.png,unlabelled,main,underfall_yard/6_mar_2020/run1,False
underfall_yard,6_mar_2020,run1,450,stbd,46,20.0,22.13,450_stbd_cond_46-20_00x22_13m.png,unlabelled,main,underfall_yard/6_mar_2020/run1,False
underfall_yard,6_mar_2020,run1,450,stbd,47,20.0,27.82,450_stbd_cond_47-20_00x27_82m.png,unlabelled,main,underfall_yard/6_mar_2020/run1,False
underfall_yard,6_mar_2020,run1,450,stbd,48,20.0,28.2,450_stbd_cond_48-20_00x28_20m.png,unlabelled,main,underfall_yard/6_mar_2020/run1,False
underfall_yard,6_mar_2020,run1,450,stbd,49,20.0,27.66,450_stbd_cond_49-20_00x27_66m.png,unlabelled,main,underfall_yard/6_mar_2020/run1,False
underfall_yard,6_mar_2020,run1,450,stbd,5,20.0,44.39,450_stbd_cond_5-20_00x44_39m.png,unlabelled,main,underfall_yard/6_mar_2020/run1,False
underfall_yard,6_mar_2020,run1,450,stbd,50,20.0,27.87,450_stbd_cond_50-20_00x27_87m.png,unlabelled,main,underfall_yard/6_mar_2020/run1,False
underfall_yard,6_mar_2020,run1,450,stbd,51,20.0,27.64,450_stbd_cond_51-20_00x27_64m.png,unlabelled,main,underfall_yard/6_mar_2020/run1,False
underfall_yard,6_mar_2020,run1,450,stbd,52,20.0,27.59,450_stbd_cond_52-20_00x27_59m.png,unlabelled,main,underfall_yard/6_mar_2020/run1,False
underfall_yard,6_mar_2020,run1,450,stbd,53,20.0,27.5,450_stbd_cond_53-20_00x27_50m.png,unlabelled,main,underfall_yard/6_mar_2020/run1,False
underfall_yard,6_mar_2020,run1,450,stbd,54,20.0,27.49,450_stbd_cond_54-20_00x27_49m.png,unlabelled,main,underfall_yard/6_mar_2020/run1,False
underfall_yard,6_mar_2020,run1,450,stbd,55,20.0,26.69,450_stbd_cond_55-20_00x26_69m.png,unlabelled,main,underfall_yard/6_mar_2020/run1,False
underfall_yard,6_mar_2020,run1,450,stbd,56,20.0,26.51,450_stbd_cond_56-20_00x26_51m.png,unlabelled,main,underfall_yard/6_mar_2020/run1,False
underfall_yard,6_mar_2020,run1,450,stbd,57,20.0,14.58,450_stbd_cond_57-20_00x14_58m.png,unlabelled,main,underfall_yard/6_mar_2020/run1,False
underfall_yard,6_mar_2020,run1,450,stbd,58,20.0,8.13,450_stbd_cond_58-20_00x8_13m.png,unlabelled,main,underfall_yard/6_mar_2020/run1,False
underfall_yard,6_mar_2020,run1,450,stbd,59,20.0,21.61,450_stbd_cond_59-20_00x21_61m.png,unlabelled,main,underfall_yard/6_mar_2020/run1,False
underfall_yard,6_mar_2020,run1,450,stbd,6,20.0,44.95,450_stbd_cond_6-20_00x44_95m.png,unlabelled,main,underfall_yard/6_mar_2020/run1,False
underfall_yard,6_mar_2020,run1,450,stbd,60,20.0,21.96,450_stbd_cond_60-20_00x21_96m.png,unlabelled,main,underfall_yard/6_mar_2020/run1,False
underfall_yard,6_mar_2020,run1,450,stbd,61,20.0,22.36,450_stbd_cond_61-20_00x22_36m.png,unlabelled,main,underfall_yard/6_mar_2020/run1,False
underfall_yard,6_mar_2020,run1,450,stbd,62,20.0,21.93,450_stbd_cond_62-20_00x21_93m.png,unlabelled,main,underfall_yard/6_mar_2020/run1,False
underfall_yard,6_mar_2020,run1,450,stbd,63,20.0,22.34,450_stbd_cond_63-20_00x22_34m.png,unlabelled,main,underfall_yard/6_mar_2020/run1,False
underfall_yard,6_mar_2020,run1,450,stbd,64,20.0,22.46,450_stbd_cond_64-20_00x22_46m.png,unlabelled,main,underfall_yard/6_mar_2020/run1,False
underfall_yard,6_mar_2020,run1,450,stbd,65,20.0,22.75,450_stbd_cond_65-20_00x22_75m.png,unlabelled,main,underfall_yard/6_mar_2020/run1,False
underfall_yard,6_mar_2020,run1,450,stbd,66,20.0,22.78,450_stbd_cond_66-20_00x22_78m.png,unlabelled,main,underfall_yard/6_mar_2020/run1,False
underfall_yard,6_mar_2020,run1,450,stbd,67,20.0,22.84,450_stbd_cond_67-20_00x22_84m.png,unlabelled,main,underfall_yard/6_mar_2020/run1,False
underfall_yard,6_mar_2020,run1,450,stbd,68,20.0,22.83,450_stbd_cond_68-20_00x22_83m.png,unlabelled,main,underfall_yard/6_mar_2020/run1,False
underfall_yard,6_mar_2020,run1,450,stbd,69,20.0,23.28,450_stbd_cond_69-20_00x23_28m.png,unlabelled,main,underfall_yard/6_mar_2020/run1,False
underfall_yard,6_mar_2020,run1,450,stbd,7,20.0,45.91,450_stbd_cond_7-20_00x45_91m.png,unlabelled,main,underfall_yard/6_mar_2020/run1,False
underfall_yard,6_mar_2020,run1,450,stbd,70,20.0,23.06,450_stbd_cond_70-20_00x23_06m.png,unlabelled,main,underfall_yard/6_mar_2020/run1,False
underfall_yard,6_mar_2020,run1,450,stbd,71,20.0,23.56,450_stbd_cond_71-20_00x23_56m.png,unlabelled,main,underfall_yard/6_mar_2020/run1,False
underfall_yard,6_mar_2020,run1,450,stbd,8,20.0,45.41,450_stbd_cond_8-20_00x45_41m.png,unlabelled,main,underfall_yard/6_mar_2020/run1,False
underfall_yard,6_mar_2020,run1,450,stbd,9,20.0,45.38,450_stbd_cond_9-20_00x45_38m.png,unlabelled,main,underfall_yard/6_mar_2020/run1,False
underfall_yard,6_mar_2020,run2,990,port,1,20.0,50.18,990_port_cond_1-20_00x50_18m.png,unlabelled,main,underfall_yard/6_mar_2020/run2,True
underfall_yard,6_mar_2020,run2,990,port,10,20.0,45.72,990_port_cond_10-20_00x45_72m.png,unlabelled,main,underfall_yard/6_mar_2020/run2,True
underfall_yard,6_mar_2020,run2,990,port,11,20.0,21.4,990_port_cond_11-20_00x21_40m.png,unlabelled,main,underfall_yard/6_mar_2020/run2,True
underfall_yard,6_mar_2020,run2,990,port,12,20.0,19.74,990_port_cond_12-20_00x19_74m.png,unlabelled,main,underfall_yard/6_mar_2020/run2,True
underfall_yard,6_mar_2020,run2,990,port,13,20.0,27.71,990_port_cond_13-20_00x27_71m.png,unlabelled,main,underfall_yard/6_mar_2020/run2,True
underfall_yard,6_mar_2020,run2,990,port,14,20.0,6.32,990_port_cond_14-20_00x6_32m.png,unlabelled,main,underfall_yard/6_mar_2020/run2,True
underfall_yard,6_mar_2020,run2,990,port,15,20.0,40.14,990_port_cond_15-20_00x40_14m.png,unlabelled,main,underfall_yard/6_mar_2020/run2,True
underfall_yard,6_mar_2020,run2,990,port,16,20.0,47.6,990_port_cond_16-20_00x47_60m.png,unlabelled,main,underfall_yard/6_mar_2020/run2,True
underfall_yard,6_mar_2020,run2,990,port,17,20.0,47.07,990_port_cond_17-20_00x47_07m.png,unlabelled,main,underfall_yard/6_mar_2020/run2,True
underfall_yard,6_mar_2020,run2,990,port,18,20.0,47.15,990_port_cond_18-20_00x47_15m.png,unlabelled,main,underfall_yard/6_mar_2020/run2,True
underfall_yard,6_mar_2020,run2,990,port,19,20.0,47.79,990_port_cond_19-20_00x47_79m.png,unlabelled,main,underfall_yard/6_mar_2020/run2,True
underfall_yard,6_mar_2020,run2,990,port,2,20.0,44.67,990_port_cond_2-20_00x44_67m.png,unlabelled,main,underfall_yard/6_mar_2020/run2,True
underfall_yard,6_mar_2020,run2,990,port,20,20.0,46.91,990_port_cond_20-20_00x46_91m.png,unlabelled,main,underfall_yard/6_mar_2020/run2,True
underfall_yard,6_mar_2020,run2,990,port,21,20.0,46.41,990_port_cond_21-20_00x46_41m.png,unlabelled,main,underfall_yard/6_mar_2020/run2,True
underfall_yard,6_mar_2020,run2,990,port,22,20.0,47.25,990_port_cond_22-20_00x47_25m.png,unlabelled,main,underfall_yard/6_mar_2020/run2,True
underfall_yard,6_mar_2020,run2,990,port,23,20.0,33.53,990_port_cond_23-20_00x33_53m.png,unlabelled,main,underfall_yard/6_mar_2020/run2,True
underfall_yard,6_mar_2020,run2,990,port,24,20.0,11.55,990_port_cond_24-20_00x11_55m.png,unlabelled,main,underfall_yard/6_mar_2020/run2,True
underfall_yard,6_mar_2020,run2,990,port,25,20.0,15.49,990_port_cond_25-20_00x15_49m.png,unlabelled,main,underfall_yard/6_mar_2020/run2,True
underfall_yard,6_mar_2020,run2,990,port,26,20.0,7.39,990_port_cond_26-20_00x7_39m.png,unlabelled,main,underfall_yard/6_mar_2020/run2,True
underfall_yard,6_mar_2020,run2,990,port,27,20.0,12.73,990_port_cond_27-20_00x12_73m.png,unlabelled,main,underfall_yard/6_mar_2020/run2,True
underfall_yard,6_mar_2020,run2,990,port,28,20.0,17.73,990_port_cond_28-20_00x17_73m.png,unlabelled,main,underfall_yard/6_mar_2020/run2,True
underfall_yard,6_mar_2020,run2,990,port,29,20.0,23.73,990_port_cond_29-20_00x23_73m.png,unlabelled,main,underfall_yard/6_mar_2020/run2,True
underfall_yard,6_mar_2020,run2,990,port,3,20.0,44.05,990_port_cond_3-20_00x44_05m.png,unlabelled,main,underfall_yard/6_mar_2020/run2,True
underfall_yard,6_mar_2020,run2,990,port,30,20.0,31.64,990_port_cond_30-20_00x31_64m.png,unlabelled,main,underfall_yard/6_mar_2020/run2,True
underfall_yard,6_mar_2020,run2,990,port,31,20.0,34.68,990_port_cond_31-20_00x34_68m.png,unlabelled,main,underfall_yard/6_mar_2020/run2,True
underfall_yard,6_mar_2020,run2,990,port,32,20.0,39.13,990_port_cond_32-20_00x39_13m.png,unlabelled,main,underfall_yard/6_mar_2020/run2,True
underfall_yard,6_mar_2020,run2,990,port,33,20.0,39.7,990_port_cond_33-20_00x39_70m.png,unlabelled,main,underfall_yard/6_mar_2020/run2,True
underfall_yard,6_mar_2020,run2,990,port,34,20.0,39.13,990_port_cond_34-20_00x39_13m.png,unlabelled,main,underfall_yard/6_mar_2020/run2,True
underfall_yard,6_mar_2020,run2,990,port,35,20.0,38.58,990_port_cond_35-20_00x38_58m.png,unlabelled,main,underfall_yard/6_mar_2020/run2,True
underfall_yard,6_mar_2020,run2,990,port,4,20.0,44.87,990_port_cond_4-20_00x44_87m.png,unlabelled,main,underfall_yard/6_mar_2020/run2,True
underfall_yard,6_mar_2020,run2,990,port,5,20.0,44.51,990_port_cond_5-20_00x44_51m.png,unlabelled,main,underfall_yard/6_mar_2020/run2,True
underfall_yard,6_mar_2020,run2,990,port,6,20.0,45.25,990_port_cond_6-20_00x45_25m.png,unlabelled,main,underfall_yard/6_mar_2020/run2,True
underfall_yard,6_mar_2020,run2,990,port,7,20.0,45.26,990_port_cond_7-20_00x45_26m.png,unlabelled,main,underfall_yard/6_mar_2020/run2,True
underfall_yard,6_mar_2020,run2,990,port,8,20.0,45.78,990_port_cond_8-20_00x45_78m.png,unlabelled,main,underfall_yard/6_mar_2020/run2,True
underfall_yard,6_mar_2020,run2,990,port,9,20.0,45.23,990_port_cond_9-20_00x45_23m.png,unlabelled,main,underfall_yard/6_mar_2020/run2,True
underfall_yard,6_mar_2020,run2,990,stbd,1,20.0,50.18,990_stbd_cond_1-20_00x50_18m.png,unlabelled,main,underfall_yard/6_mar_2020/run2,True
underfall_yard,6_mar_2020,run2,990,stbd,10,20.0,45.72,990_stbd_cond_10-20_00x45_72m.png,unlabelled,main,underfall_yard/6_mar_2020/run2,True
underfall_yard,6_mar_2020,run2,990,stbd,11,20.0,21.4,990_stbd_cond_11-20_00x21_40m.png,unlabelled,main,underfall_yard/6_mar_2020/run2,True
underfall_yard,6_mar_2020,run2,990,stbd,12,20.0,19.74,990_stbd_cond_12-20_00x19_74m.png,unlabelled,main,underfall_yard/6_mar_2020/run2,True
underfall_yard,6_mar_2020,run2,990,stbd,13,20.0,27.71,990_stbd_cond_13-20_00x27_71m.png,unlabelled,main,underfall_yard/6_mar_2020/run2,True
underfall_yard,6_mar_2020,run2,990,stbd,14,20.0,6.32,990_stbd_cond_14-20_00x6_32m.png,unlabelled,main,underfall_yard/6_mar_2020/run2,True
underfall_yard,6_mar_2020,run2,990,stbd,15,20.0,40.14,990_stbd_cond_15-20_00x40_14m.png,unlabelled,main,underfall_yard/6_mar_2020/run2,True
underfall_yard,6_mar_2020,run2,990,stbd,16,20.0,47.6,990_stbd_cond_16-20_00x47_60m.png,unlabelled,main,underfall_yard/6_mar_2020/run2,True
underfall_yard,6_mar_2020,run2,990,stbd,17,20.0,47.07,990_stbd_cond_17-20_00x47_07m.png,unlabelled,main,underfall_yard/6_mar_2020/run2,True
underfall_yard,6_mar_2020,run2,990,stbd,18,20.0,47.15,990_stbd_cond_18-20_00x47_15m.png,unlabelled,main,underfall_yard/6_mar_2020/run2,True
underfall_yard,6_mar_2020,run2,990,stbd,19,20.0,47.79,990_stbd_cond_19-20_00x47_79m.png,unlabelled,main,underfall_yard/6_mar_2020/run2,True
underfall_yard,6_mar_2020,run2,990,stbd,2,20.0,44.67,990_stbd_cond_2-20_00x44_67m.png,unlabelled,main,underfall_yard/6_mar_2020/run2,True
underfall_yard,6_mar_2020,run2,990,stbd,20,20.0,46.91,990_stbd_cond_20-20_00x46_91m.png,unlabelled,main,underfall_yard/6_mar_2020/run2,True
underfall_yard,6_mar_2020,run2,990,stbd,21,20.0,46.41,990_stbd_cond_21-20_00x46_41m.png,unlabelled,main,underfall_yard/6_mar_2020/run2,True
underfall_yard,6_mar_2020,run2,990,stbd,22,20.0,47.25,990_stbd_cond_22-20_00x47_25m.png,unlabelled,main,underfall_yard/6_mar_2020/run2,True
underfall_yard,6_mar_2020,run2,990,stbd,23,20.0,33.53,990_stbd_cond_23-20_00x33_53m.png,unlabelled,main,underfall_yard/6_mar_2020/run2,True
underfall_yard,6_mar_2020,run2,990,stbd,24,20.0,11.55,990_stbd_cond_24-20_00x11_55m.png,unlabelled,main,underfall_yard/6_mar_2020/run2,True
underfall_yard,6_mar_2020,run2,990,stbd,25,20.0,15.49,990_stbd_cond_25-20_00x15_49m.png,unlabelled,main,underfall_yard/6_mar_2020/run2,True
underfall_yard,6_mar_2020,run2,990,stbd,26,20.0,7.39,990_stbd_cond_26-20_00x7_39m.png,unlabelled,main,underfall_yard/6_mar_2020/run2,True
underfall_yard,6_mar_2020,run2,990,stbd,27,20.0,12.73,990_stbd_cond_27-20_00x12_73m.png,unlabelled,main,underfall_yard/6_mar_2020/run2,True
underfall_yard,6_mar_2020,run2,990,stbd,28,20.0,17.73,990_stbd_cond_28-20_00x17_73m.png,unlabelled,main,underfall_yard/6_mar_2020/run2,True
underfall_yard,6_mar_2020,run2,990,stbd,29,20.0,23.73,990_stbd_cond_29-20_00x23_73m.png,unlabelled,main,underfall_yard/6_mar_2020/run2,True
underfall_yard,6_mar_2020,run2,990,stbd,3,20.0,44.05,990_stbd_cond_3-20_00x44_05m.png,unlabelled,main,underfall_yard/6_mar_2020/run2,True
underfall_yard,6_mar_2020,run2,990,stbd,30,20.0,31.64,990_stbd_cond_30-20_00x31_64m.png,unlabelled,main,underfall_yard/6_mar_2020/run2,True
underfall_yard,6_mar_2020,run2,990,stbd,31,20.0,34.68,990_stbd_cond_31-20_00x34_68m.png,unlabelled,main,underfall_yard/6_mar_2020/run2,True
underfall_yard,6_mar_2020,run2,990,stbd,32,20.0,39.13,990_stbd_cond_32-20_00x39_13m.png,unlabelled,main,underfall_yard/6_mar_2020/run2,True
underfall_yard,6_mar_2020,run2,990,stbd,33,20.0,39.7,990_stbd_cond_33-20_00x39_70m.png,unlabelled,main,underfall_yard/6_mar_2020/run2,True
underfall_yard,6_mar_2020,run2,990,stbd,34,20.0,39.13,990_stbd_cond_34-20_00x39_13m.png,unlabelled,main,underfall_yard/6_mar_2020/run2,True
underfall_yard,6_mar_2020,run2,990,stbd,35,20.0,38.58,990_stbd_cond_35-20_00x38_58m.png,unlabelled,main,underfall_yard/6_mar_2020/run2,True
underfall_yard,6_mar_2020,run2,990,stbd,4,20.0,44.87,990_stbd_cond_4-20_00x44_87m.png,unlabelled,main,underfall_yard/6_mar_2020/run2,True
underfall_yard,6_mar_2020,run2,990,stbd,5,20.0,44.51,990_stbd_cond_5-20_00x44_51m.png,unlabelled,main,underfall_yard/6_mar_2020/run2,True
underfall_yard,6_mar_2020,run2,990,stbd,6,20.0,45.25,990_stbd_cond_6-20_00x45_25m.png,unlabelled,main,underfall_yard/6_mar_2020/run2,True
underfall_yard,6_mar_2020,run2,990,stbd,7,20.0,45.26,990_stbd_cond_7-20_00x45_26m.png,unlabelled,main,underfall_yard/6_mar_2020/run2,True
underfall_yard,6_mar_2020,run2,990,stbd,8,20.0,45.78,990_stbd_cond_8-20_00x45_78m.png,unlabelled,main,underfall_yard/6_mar_2020/run2,True
underfall_yard,6_mar_2020,run2,990,stbd,9,20.0,45.23,990_stbd_cond_9-20_00x45_23m.png,unlabelled,main,underfall_yard/6_mar_2020/run2,True
underfall_yard,6_mar_2020,run2,450,port,1,20.0,50.18,450_port_cond_1-20_00x50_18m.png,unlabelled,main,underfall_yard/6_mar_2020/run2,False
underfall_yard,6_mar_2020,run2,450,port,10,20.0,45.72,450_port_cond_10-20_00x45_72m.png,unlabelled,main,underfall_yard/6_mar_2020/run2,False
underfall_yard,6_mar_2020,run2,450,port,11,20.0,21.4,450_port_cond_11-20_00x21_40m.png,unlabelled,main,underfall_yard/6_mar_2020/run2,False
underfall_yard,6_mar_2020,run2,450,port,12,20.0,19.74,450_port_cond_12-20_00x19_74m.png,unlabelled,main,underfall_yard/6_mar_2020/run2,False
underfall_yard,6_mar_2020,run2,450,port,13,20.0,27.71,450_port_cond_13-20_00x27_71m.png,unlabelled,main,underfall_yard/6_mar_2020/run2,False
underfall_yard,6_mar_2020,run2,450,port,14,20.0,6.32,450_port_cond_14-20_00x6_32m.png,unlabelled,main,underfall_yard/6_mar_2020/run2,False
underfall_yard,6_mar_2020,run2,450,port,15,20.0,40.14,450_port_cond_15-20_00x40_14m.png,unlabelled,main,underfall_yard/6_mar_2020/run2,False
underfall_yard,6_mar_2020,run2,450,port,16,20.0,47.6,450_port_cond_16-20_00x47_60m.png,unlabelled,main,underfall_yard/6_mar_2020/run2,False
underfall_yard,6_mar_2020,run2,450,port,17,20.0,47.07,450_port_cond_17-20_00x47_07m.png,unlabelled,main,underfall_yard/6_mar_2020/run2,False
underfall_yard,6_mar_2020,run2,450,port,18,20.0,47.15,450_port_cond_18-20_00x47_15m.png,unlabelled,main,underfall_yard/6_mar_2020/run2,False
underfall_yard,6_mar_2020,run2,450,port,19,20.0,47.79,450_port_cond_19-20_00x47_79m.png,unlabelled,main,underfall_yard/6_mar_2020/run2,False
underfall_yard,6_mar_2020,run2,450,port,2,20.0,44.67,450_port_cond_2-20_00x44_67m.png,unlabelled,main,underfall_yard/6_mar_2020/run2,False
underfall_yard,6_mar_2020,run2,450,port,20,20.0,46.91,450_port_cond_20-20_00x46_91m.png,unlabelled,main,underfall_yard/6_mar_2020/run2,False
underfall_yard,6_mar_2020,run2,450,port,21,20.0,46.41,450_port_cond_21-20_00x46_41m.png,unlabelled,main,underfall_yard/6_mar_2020/run2,False
underfall_yard,6_mar_2020,run2,450,port,22,20.0,47.25,450_port_cond_22-20_00x47_25m.png,unlabelled,main,underfall_yard/6_mar_2020/run2,False
underfall_yard,6_mar_2020,run2,450,port,23,20.0,33.53,450_port_cond_23-20_00x33_53m.png,unlabelled,main,underfall_yard/6_mar_2020/run2,False
underfall_yard,6_mar_2020,run2,450,port,24,20.0,11.55,450_port_cond_24-20_00x11_55m.png,unlabelled,main,underfall_yard/6_mar_2020/run2,False
underfall_yard,6_mar_2020,run2,450,port,25,20.0,15.49,450_port_cond_25-20_00x15_49m.png,unlabelled,main,underfall_yard/6_mar_2020/run2,False
underfall_yard,6_mar_2020,run2,450,port,26,20.0,7.26,450_port_cond_26-20_00x7_26m.png,unlabelled,main,underfall_yard/6_mar_2020/run2,False
underfall_yard,6_mar_2020,run2,450,port,27,20.0,12.73,450_port_cond_27-20_00x12_73m.png,unlabelled,main,underfall_yard/6_mar_2020/run2,False
underfall_yard,6_mar_2020,run2,450,port,28,20.0,17.73,450_port_cond_28-20_00x17_73m.png,unlabelled,main,underfall_yard/6_mar_2020/run2,False
underfall_yard,6_mar_2020,run2,450,port,29,20.0,23.73,450_port_cond_29-20_00x23_73m.png,unlabelled,main,underfall_yard/6_mar_2020/run2,False
underfall_yard,6_mar_2020,run2,450,port,3,20.0,44.05,450_port_cond_3-20_00x44_05m.png,unlabelled,main,underfall_yard/6_mar_2020/run2,False
underfall_yard,6_mar_2020,run2,450,port,30,20.0,31.64,450_port_cond_30-20_00x31_64m.png,unlabelled,main,underfall_yard/6_mar_2020/run2,False
underfall_yard,6_mar_2020,run2,450,port,31,20.0,34.68,450_port_cond_31-20_00x34_68m.png,unlabelled,main,underfall_yard/6_mar_2020/run2,False
underfall_yard,6_mar_2020,run2,450,port,32,20.0,39.13,450_port_cond_32-20_00x39_13m.png,unlabelled,main,underfall_yard/6_mar_2020/run2,False
underfall_yard,6_mar_2020,run2,450,port,33,20.0,39.7,450_port_cond_33-20_00x39_70m.png,unlabelled,main,underfall_yard/6_mar_2020/run2,False
underfall_yard,6_mar_2020,run2,450,port,34,20.0,39.13,450_port_cond_34-20_00x39_13m.png,unlabelled,main,underfall_yard/6_mar_2020/run2,False
underfall_yard,6_mar_2020,run2,450,port,35,20.0,38.58,450_port_cond_35-20_00x38_58m.png,unlabelled,main,underfall_yard/6_mar_2020/run2,False
underfall_yard,6_mar_2020,run2,450,port,4,20.0,44.87,450_port_cond_4-20_00x44_87m.png,unlabelled,main,underfall_yard/6_mar_2020/run2,False
underfall_yard,6_mar_2020,run2,450,port,5,20.0,44.51,450_port_cond_5-20_00x44_51m.png,unlabelled,main,underfall_yard/6_mar_2020/run2,False
underfall_yard,6_mar_2020,run2,450,port,6,20.0,45.25,450_port_cond_6-20_00x45_25m.png,unlabelled,main,underfall_yard/6_mar_2020/run2,False
underfall_yard,6_mar_2020,run2,450,port,7,20.0,45.26,450_port_cond_7-20_00x45_26m.png,unlabelled,main,underfall_yard/6_mar_2020/run2,False
underfall_yard,6_mar_2020,run2,450,port,8,20.0,45.78,450_port_cond_8-20_00x45_78m.png,unlabelled,main,underfall_yard/6_mar_2020/run2,False
underfall_yard,6_mar_2020,run2,450,port,9,20.0,45.23,450_port_cond_9-20_00x45_23m.png,unlabelled,main,underfall_yard/6_mar_2020/run2,False
underfall_yard,6_mar_2020,run2,450,stbd,1,20.0,50.18,450_stbd_cond_1-20_00x50_18m.png,unlabelled,main,underfall_yard/6_mar_2020/run2,False
underfall_yard,6_mar_2020,run2,450,stbd,10,20.0,45.72,450_stbd_cond_10-20_00x45_72m.png,unlabelled,main,underfall_yard/6_mar_2020/run2,False
underfall_yard,6_mar_2020,run2,450,stbd,11,20.0,21.4,450_stbd_cond_11-20_00x21_40m.png,unlabelled,main,underfall_yard/6_mar_2020/run2,False
underfall_yard,6_mar_2020,run2,450,stbd,12,20.0,19.74,450_stbd_cond_12-20_00x19_74m.png,unlabelled,main,underfall_yard/6_mar_2020/run2,False
underfall_yard,6_mar_2020,run2,450,stbd,13,20.0,27.71,450_stbd_cond_13-20_00x27_71m.png,unlabelled,main,underfall_yard/6_mar_2020/run2,False
underfall_yard,6_mar_2020,run2,450,stbd,14,20.0,6.32,450_stbd_cond_14-20_00x6_32m.png,unlabelled,main,underfall_yard/6_mar_2020/run2,False
underfall_yard,6_mar_2020,run2,450,stbd,15,20.0,40.14,450_stbd_cond_15-20_00x40_14m.png,unlabelled,main,underfall_yard/6_mar_2020/run2,False
underfall_yard,6_mar_2020,run2,450,stbd,16,20.0,47.6,450_stbd_cond_16-20_00x47_60m.png,unlabelled,main,underfall_yard/6_mar_2020/run2,False
underfall_yard,6_mar_2020,run2,450,stbd,17,20.0,47.07,450_stbd_cond_17-20_00x47_07m.png,unlabelled,main,underfall_yard/6_mar_2020/run2,False
underfall_yard,6_mar_2020,run2,450,stbd,18,20.0,47.15,450_stbd_cond_18-20_00x47_15m.png,unlabelled,main,underfall_yard/6_mar_2020/run2,False
underfall_yard,6_mar_2020,run2,450,stbd,19,20.0,47.79,450_stbd_cond_19-20_00x47_79m.png,unlabelled,main,underfall_yard/6_mar_2020/run2,False
underfall_yard,6_mar_2020,run2,450,stbd,2,20.0,44.67,450_stbd_cond_2-20_00x44_67m.png,unlabelled,main,underfall_yard/6_mar_2020/run2,False
underfall_yard,6_mar_2020,run2,450,stbd,20,20.0,46.91,450_stbd_cond_20-20_00x46_91m.png,unlabelled,main,underfall_yard/6_mar_2020/run2,False
underfall_yard,6_mar_2020,run2,450,stbd,21,20.0,46.41,450_stbd_cond_21-20_00x46_41m.png,unlabelled,main,underfall_yard/6_mar_2020/run2,False
underfall_yard,6_mar_2020,run2,450,stbd,22,20.0,47.25,450_stbd_cond_22-20_00x47_25m.png,unlabelled,main,underfall_yard/6_mar_2020/run2,False
underfall_yard,6_mar_2020,run2,450,stbd,23,20.0,33.53,450_stbd_cond_23-20_00x33_53m.png,unlabelled,main,underfall_yard/6_mar_2020/run2,False
underfall_yard,6_mar_2020,run2,450,stbd,24,20.0,11.55,450_stbd_cond_24-20_00x11_55m.png,unlabelled,main,underfall_yard/6_mar_2020/run2,False
underfall_yard,6_mar_2020,run2,450,stbd,25,20.0,15.49,450_stbd_cond_25-20_00x15_49m.png,unlabelled,main,underfall_yard/6_mar_2020/run2,False
underfall_yard,6_mar_2020,run2,450,stbd,26,20.0,7.26,450_stbd_cond_26-20_00x7_26m.png,unlabelled,main,underfall_yard/6_mar_2020/run2,False
underfall_yard,6_mar_2020,run2,450,stbd,27,20.0,12.73,450_stbd_cond_27-20_00x12_73m.png,unlabelled,main,underfall_yard/6_mar_2020/run2,False
underfall_yard,6_mar_2020,run2,450,stbd,28,20.0,17.73,450_stbd_cond_28-20_00x17_73m.png,unlabelled,main,underfall_yard/6_mar_2020/run2,False
underfall_yard,6_mar_2020,run2,450,stbd,29,20.0,23.73,450_stbd_cond_29-20_00x23_73m.png,unlabelled,main,underfall_yard/6_mar_2020/run2,False
underfall_yard,6_mar_2020,run2,450,stbd,3,20.0,44.05,450_stbd_cond_3-20_00x44_05m.png,unlabelled,main,underfall_yard/6_mar_2020/run2,False
underfall_yard,6_mar_2020,run2,450,stbd,30,20.0,31.64,450_stbd_cond_30-20_00x31_64m.png,unlabelled,main,underfall_yard/6_mar_2020/run2,False
underfall_yard,6_mar_2020,run2,450,stbd,31,20.0,34.68,450_stbd_cond_31-20_00x34_68m.png,unlabelled,main,underfall_yard/6_mar_2020/run2,False
underfall_yard,6_mar_2020,run2,450,stbd,32,20.0,39.13,450_stbd_cond_32-20_00x39_13m.png,unlabelled,main,underfall_yard/6_mar_2020/run2,False
underfall_yard,6_mar_2020,run2,450,stbd,33,20.0,39.7,450_stbd_cond_33-20_00x39_70m.png,unlabelled,main,underfall_yard/6_mar_2020/run2,False
underfall_yard,6_mar_2020,run2,450,stbd,34,20.0,39.13,450_stbd_cond_34-20_00x39_13m.png,unlabelled,main,underfall_yard/6_mar_2020/run2,False
underfall_yard,6_mar_2020,run2,450,stbd,35,20.0,38.58,450_stbd_cond_35-20_00x38_58m.png,unlabelled,main,underfall_yard/6_mar_2020/run2,False
underfall_yard,6_mar_2020,run2,450,stbd,4,20.0,44.87,450_stbd_cond_4-20_00x44_87m.png,unlabelled,main,underfall_yard/6_mar_2020/run2,False
underfall_yard,6_mar_2020,run2,450,stbd,5,20.0,44.51,450_stbd_cond_5-20_00x44_51m.png,unlabelled,main,underfall_yard/6_mar_2020/run2,False
underfall_yard,6_mar_2020,run2,450,stbd,6,20.0,45.25,450_stbd_cond_6-20_00x45_25m.png,unlabelled,main,underfall_yard/6_mar_2020/run2,False
underfall_yard,6_mar_2020,run2,450,stbd,7,20.0,45.26,450_stbd_cond_7-20_00x45_26m.png,unlabelled,main,underfall_yard/6_mar_2020/run2,False
underfall_yard,6_mar_2020,run2,450,stbd,8,20.0,45.78,450_stbd_cond_8-20_00x45_78m.png,unlabelled,main,underfall_yard/6_mar_2020/run2,False
underfall_yard,6_mar_2020,run2,450,stbd,9,20.0,45.23,450_stbd_cond_9-20_00x45_23m.png,unlabelled,main,underfall_yard/6_mar_2020/run2,False
underfall_yard,8_apr_2022,run1,990,port,1,15.0,50.94,990_port_cond_1-15_00x50_94m.png,unlabelled,main,underfall_yard/8_apr_2022/run1,False
underfall_yard,8_apr_2022,run1,990,port,10,15.0,45.91,990_port_cond_10-15_00x45_91m.png,unlabelled,main,underfall_yard/8_apr_2022/run1,False
underfall_yard,8_apr_2022,run1,990,port,11,15.0,21.1,990_port_cond_11-15_00x21_10m.png,unlabelled,main,underfall_yard/8_apr_2022/run1,False
underfall_yard,8_apr_2022,run1,990,port,12,15.0,19.68,990_port_cond_12-15_00x19_68m.png,unlabelled,main,underfall_yard/8_apr_2022/run1,False
underfall_yard,8_apr_2022,run1,990,port,13,15.0,28.01,990_port_cond_13-15_00x28_01m.png,unlabelled,main,underfall_yard/8_apr_2022/run1,False
underfall_yard,8_apr_2022,run1,990,port,14,15.0,6.23,990_port_cond_14-15_00x6_23m.png,unlabelled,main,underfall_yard/8_apr_2022/run1,False
underfall_yard,8_apr_2022,run1,990,port,15,15.0,40.13,990_port_cond_15-15_00x40_13m.png,unlabelled,main,underfall_yard/8_apr_2022/run1,False
underfall_yard,8_apr_2022,run1,990,port,16,15.0,47.6,990_port_cond_16-15_00x47_60m.png,unlabelled,main,underfall_yard/8_apr_2022/run1,False
underfall_yard,8_apr_2022,run1,990,port,17,15.0,47.27,990_port_cond_17-15_00x47_27m.png,unlabelled,main,underfall_yard/8_apr_2022/run1,False
underfall_yard,8_apr_2022,run1,990,port,18,15.0,47.35,990_port_cond_18-15_00x47_35m.png,unlabelled,main,underfall_yard/8_apr_2022/run1,False
underfall_yard,8_apr_2022,run1,990,port,19,15.0,46.98,990_port_cond_19-15_00x46_98m.png,unlabelled,main,underfall_yard/8_apr_2022/run1,False
underfall_yard,8_apr_2022,run1,990,port,2,15.0,44.17,990_port_cond_2-15_00x44_17m.png,unlabelled,main,underfall_yard/8_apr_2022/run1,False
underfall_yard,8_apr_2022,run1,990,port,20,15.0,46.63,990_port_cond_20-15_00x46_63m.png,unlabelled,main,underfall_yard/8_apr_2022/run1,False
underfall_yard,8_apr_2022,run1,990,port,21,15.0,46.99,990_port_cond_21-15_00x46_99m.png,unlabelled,main,underfall_yard/8_apr_2022/run1,False
underfall_yard,8_apr_2022,run1,990,port,22,15.0,47.23,990_port_cond_22-15_00x47_23m.png,unlabelled,main,underfall_yard/8_apr_2022/run1,False
underfall_yard,8_apr_2022,run1,990,port,23,15.0,33.66,990_port_cond_23-15_00x33_66m.png,unlabelled,main,underfall_yard/8_apr_2022/run1,False
underfall_yard,8_apr_2022,run1,990,port,24,15.0,11.41,990_port_cond_24-15_00x11_41m.png,unlabelled,main,underfall_yard/8_apr_2022/run1,False
underfall_yard,8_apr_2022,run1,990,port,25,15.0,15.51,990_port_cond_25-15_00x15_51m.png,unlabelled,main,underfall_yard/8_apr_2022/run1,False
underfall_yard,8_apr_2022,run1,990,port,26,15.0,7.14,990_port_cond_26-15_00x7_14m.png,unlabelled,main,underfall_yard/8_apr_2022/run1,False
underfall_yard,8_apr_2022,run1,990,port,27,15.0,12.7,990_port_cond_27-15_00x12_70m.png,unlabelled,main,underfall_yard/8_apr_2022/run1,False
underfall_yard,8_apr_2022,run1,990,port,28,15.0,17.86,990_port_cond_28-15_00x17_86m.png,unlabelled,main,underfall_yard/8_apr_2022/run1,False
underfall_yard,8_apr_2022,run1,990,port,29,15.0,23.49,990_port_cond_29-15_00x23_49m.png,unlabelled,main,underfall_yard/8_apr_2022/run1,False
underfall_yard,8_apr_2022,run1,990,port,3,15.0,44.01,990_port_cond_3-15_00x44_01m.png,unlabelled,main,underfall_yard/8_apr_2022/run1,False
underfall_yard,8_apr_2022,run1,990,port,30,15.0,28.46,990_port_cond_30-15_00x28_46m.png,unlabelled,main,underfall_yard/8_apr_2022/run1,False
underfall_yard,8_apr_2022,run1,990,port,31,15.0,34.48,990_port_cond_31-15_00x34_48m.png,unlabelled,main,underfall_yard/8_apr_2022/run1,False
underfall_yard,8_apr_2022,run1,990,port,32,15.0,38.93,990_port_cond_32-15_00x38_93m.png,unlabelled,main,underfall_yard/8_apr_2022/run1,False
underfall_yard,8_apr_2022,run1,990,port,33,15.0,39.76,990_port_cond_33-15_00x39_76m.png,unlabelled,main,underfall_yard/8_apr_2022/run1,False
underfall_yard,8_apr_2022,run1,990,port,34,15.0,38.97,990_port_cond_34-15_00x38_97m.png,unlabelled,main,underfall_yard/8_apr_2022/run1,False
underfall_yard,8_apr_2022,run1,990,port,35,15.0,38.55,990_port_cond_35-15_00x38_55m.png,unlabelled,main,underfall_yard/8_apr_2022/run1,False
underfall_yard,8_apr_2022,run1,990,port,36,15.0,37.99,990_port_cond_36-15_00x37_99m.png,unlabelled,main,underfall_yard/8_apr_2022/run1,False
underfall_yard,8_apr_2022,run1,990,port,37,15.0,26.09,990_port_cond_37-15_00x26_09m.png,unlabelled,main,underfall_yard/8_apr_2022/run1,False
underfall_yard,8_apr_2022,run1,990,port,38,15.0,31.09,990_port_cond_38-15_00x31_09m.png,unlabelled,main,underfall_yard/8_apr_2022/run1,False
underfall_yard,8_apr_2022,run1,990,port,39,15.0,25.19,990_port_cond_39-15_00x25_19m.png,unlabelled,main,underfall_yard/8_apr_2022/run1,False
underfall_yard,8_apr_2022,run1,990,port,4,15.0,44.79,990_port_cond_4-15_00x44_79m.png,unlabelled,main,underfall_yard/8_apr_2022/run1,False
underfall_yard,8_apr_2022,run1,990,port,40,15.0,18.23,990_port_cond_40-15_00x18_23m.png,unlabelled,main,underfall_yard/8_apr_2022/run1,False
underfall_yard,8_apr_2022,run1,990,port,41,15.0,12.74,990_port_cond_41-15_00x12_74m.png,unlabelled,main,underfall_yard/8_apr_2022/run1,False
underfall_yard,8_apr_2022,run1,990,port,42,15.0,6.07,990_port_cond_42-15_00x6_07m.png,unlabelled,main,underfall_yard/8_apr_2022/run1,False
underfall_yard,8_apr_2022,run1,990,port,43,15.0,4.51,990_port_cond_43-15_00x4_51m.png,unlabelled,main,underfall_yard/8_apr_2022/run1,False
underfall_yard,8_apr_2022,run1,990,port,44,15.0,15.21,990_port_cond_44-15_00x15_21m.png,unlabelled,main,underfall_yard/8_apr_2022/run1,False
underfall_yard,8_apr_2022,run1,990,port,45,15.0,22.2,990_port_cond_45-15_00x22_20m.png,unlabelled,main,underfall_yard/8_apr_2022/run1,False
underfall_yard,8_apr_2022,run1,990,port,46,15.0,27.79,990_port_cond_46-15_00x27_79m.png,unlabelled,main,underfall_yard/8_apr_2022/run1,False
underfall_yard,8_apr_2022,run1,990,port,47,15.0,28.21,990_port_cond_47-15_00x28_21m.png,unlabelled,main,underfall_yard/8_apr_2022/run1,False
underfall_yard,8_apr_2022,run1,990,port,48,15.0,27.8,990_port_cond_48-15_00x27_80m.png,unlabelled,main,underfall_yard/8_apr_2022/run1,False
underfall_yard,8_apr_2022,run1,990,port,49,15.0,27.82,990_port_cond_49-15_00x27_82m.png,unlabelled,main,underfall_yard/8_apr_2022/run1,False
underfall_yard,8_apr_2022,run1,990,port,5,15.0,44.7,990_port_cond_5-15_00x44_70m.png,unlabelled,main,underfall_yard/8_apr_2022/run1,False
underfall_yard,8_apr_2022,run1,990,port,50,15.0,27.48,990_port_cond_50-15_00x27_48m.png,unlabelled,main,underfall_yard/8_apr_2022/run1,False
underfall_yard,8_apr_2022,run1,990,port,51,15.0,27.64,990_port_cond_51-15_00x27_64m.png,unlabelled,main,underfall_yard/8_apr_2022/run1,False
underfall_yard,8_apr_2022,run1,990,port,52,15.0,27.4,990_port_cond_52-15_00x27_40m.png,unlabelled,main,underfall_yard/8_apr_2022/run1,False
underfall_yard,8_apr_2022,run1,990,port,53,15.0,27.37,990_port_cond_53-15_00x27_37m.png,unlabelled,main,underfall_yard/8_apr_2022/run1,False
underfall_yard,8_apr_2022,run1,990,port,54,15.0,26.74,990_port_cond_54-15_00x26_74m.png,unlabelled,main,underfall_yard/8_apr_2022/run1,False
underfall_yard,8_apr_2022,run1,990,port,55,15.0,26.17,990_port_cond_55-15_00x26_17m.png,unlabelled,main,underfall_yard/8_apr_2022/run1,False
underfall_yard,8_apr_2022,run1,990,port,56,15.0,14.74,990_port_cond_56-15_00x14_74m.png,unlabelled,main,underfall_yard/8_apr_2022/run1,False
underfall_yard,8_apr_2022,run1,990,port,57,15.0,8.21,990_port_cond_57-15_00x8_21m.png,unlabelled,main,underfall_yard/8_apr_2022/run1,False
underfall_yard,8_apr_2022,run1,990,port,58,15.0,21.79,990_port_cond_58-15_00x21_79m.png,unlabelled,main,underfall_yard/8_apr_2022/run1,False
underfall_yard,8_apr_2022,run1,990,port,59,15.0,21.83,990_port_cond_59-15_00x21_83m.png,unlabelled,main,underfall_yard/8_apr_2022/run1,False
underfall_yard,8_apr_2022,run1,990,port,6,15.0,44.77,990_port_cond_6-15_00x44_77m.png,unlabelled,main,underfall_yard/8_apr_2022/run1,False
underfall_yard,8_apr_2022,run1,990,port,60,15.0,22.12,990_port_cond_60-15_00x22_12m.png,unlabelled,main,underfall_yard/8_apr_2022/run1,False
underfall_yard,8_apr_2022,run1,990,port,61,15.0,22.27,990_port_cond_61-15_00x22_27m.png,unlabelled,main,underfall_yard/8_apr_2022/run1,False
underfall_yard,8_apr_2022,run1,990,port,62,15.0,22.95,990_port_cond_62-15_00x22_95m.png,unlabelled,main,underfall_yard/8_apr_2022/run1,False
underfall_yard,8_apr_2022,run1,990,port,63,15.0,22.52,990_port_cond_63-15_00x22_52m.png,unlabelled,main,underfall_yard/8_apr_2022/run1,False
underfall_yard,8_apr_2022,run1,990,port,64,15.0,22.79,990_port_cond_64-15_00x22_79m.png,unlabelled,main,underfall_yard/8_apr_2022/run1,False
underfall_yard,8_apr_2022,run1,990,port,7,15.0,44.89,990_port_cond_7-15_00x44_89m.png,unlabelled,main,underfall_yard/8_apr_2022/run1,False
underfall_yard,8_apr_2022,run1,990,port,8,15.0,45.84,990_port_cond_8-15_00x45_84m.png,unlabelled,main,underfall_yard/8_apr_2022/run1,False
underfall_yard,8_apr_2022,run1,990,port,9,15.0,45.14,990_port_cond_9-15_00x45_14m.png,unlabelled,main,underfall_yard/8_apr_2022/run1,False
underfall_yard,8_apr_2022,run1,990,stbd,1,15.0,50.94,990_stbd_cond_1-15_00x50_94m.png,unlabelled,main,underfall_yard/8_apr_2022/run1,False
underfall_yard,8_apr_2022,run1,990,stbd,10,15.0,45.91,990_stbd_cond_10-15_00x45_91m.png,unlabelled,main,underfall_yard/8_apr_2022/run1,False
underfall_yard,8_apr_2022,run1,990,stbd,11,15.0,21.1,990_stbd_cond_11-15_00x21_10m.png,unlabelled,main,underfall_yard/8_apr_2022/run1,False
underfall_yard,8_apr_2022,run1,990,stbd,12,15.0,19.68,990_stbd_cond_12-15_00x19_68m.png,unlabelled,main,underfall_yard/8_apr_2022/run1,False
underfall_yard,8_apr_2022,run1,990,stbd,13,15.0,28.01,990_stbd_cond_13-15_00x28_01m.png,unlabelled,main,underfall_yard/8_apr_2022/run1,False
underfall_yard,8_apr_2022,run1,990,stbd,14,15.0,6.23,990_stbd_cond_14-15_00x6_23m.png,unlabelled,main,underfall_yard/8_apr_2022/run1,False
underfall_yard,8_apr_2022,run1,990,stbd,15,15.0,40.13,990_stbd_cond_15-15_00x40_13m.png,unlabelled,main,underfall_yard/8_apr_2022/run1,False
underfall_yard,8_apr_2022,run1,990,stbd,16,15.0,47.6,990_stbd_cond_16-15_00x47_60m.png,unlabelled,main,underfall_yard/8_apr_2022/run1,False
underfall_yard,8_apr_2022,run1,990,stbd,17,15.0,47.27,990_stbd_cond_17-15_00x47_27m.png,unlabelled,main,underfall_yard/8_apr_2022/run1,False
underfall_yard,8_apr_2022,run1,990,stbd,18,15.0,47.35,990_stbd_cond_18-15_00x47_35m.png,unlabelled,main,underfall_yard/8_apr_2022/run1,False
underfall_yard,8_apr_2022,run1,990,stbd,19,15.0,46.98,990_stbd_cond_19-15_00x46_98m.png,unlabelled,main,underfall_yard/8_apr_2022/run1,False
underfall_yard,8_apr_2022,run1,990,stbd,2,15.0,44.17,990_stbd_cond_2-15_00x44_17m.png,unlabelled,main,underfall_yard/8_apr_2022/run1,False
underfall_yard,8_apr_2022,run1,990,stbd,20,15.0,46.63,990_stbd_cond_20-15_00x46_63m.png,unlabelled,main,underfall_yard/8_apr_2022/run1,False
underfall_yard,8_apr_2022,run1,990,stbd,21,15.0,46.99,990_stbd_cond_21-15_00x46_99m.png,unlabelled,main,underfall_yard/8_apr_2022/run1,False
underfall_yard,8_apr_2022,run1,990,stbd,22,15.0,47.23,990_stbd_cond_22-15_00x47_23m.png,unlabelled,main,underfall_yard/8_apr_2022/run1,False
underfall_yard,8_apr_2022,run1,990,stbd,23,15.0,33.66,990_stbd_cond_23-15_00x33_66m.png,unlabelled,main,underfall_yard/8_apr_2022/run1,False
underfall_yard,8_apr_2022,run1,990,stbd,24,15.0,11.41,990_stbd_cond_24-15_00x11_41m.png,unlabelled,main,underfall_yard/8_apr_2022/run1,False
underfall_yard,8_apr_2022,run1,990,stbd,25,15.0,15.51,990_stbd_cond_25-15_00x15_51m.png,unlabelled,main,underfall_yard/8_apr_2022/run1,False
underfall_yard,8_apr_2022,run1,990,stbd,26,15.0,7.14,990_stbd_cond_26-15_00x7_14m.png,unlabelled,main,underfall_yard/8_apr_2022/run1,False
underfall_yard,8_apr_2022,run1,990,stbd,27,15.0,12.7,990_stbd_cond_27-15_00x12_70m.png,unlabelled,main,underfall_yard/8_apr_2022/run1,False
underfall_yard,8_apr_2022,run1,990,stbd,28,15.0,17.86,990_stbd_cond_28-15_00x17_86m.png,unlabelled,main,underfall_yard/8_apr_2022/run1,False
underfall_yard,8_apr_2022,run1,990,stbd,29,15.0,23.49,990_stbd_cond_29-15_00x23_49m.png,unlabelled,main,underfall_yard/8_apr_2022/run1,False
underfall_yard,8_apr_2022,run1,990,stbd,3,15.0,44.01,990_stbd_cond_3-15_00x44_01m.png,unlabelled,main,underfall_yard/8_apr_2022/run1,False
underfall_yard,8_apr_2022,run1,990,stbd,30,15.0,28.46,990_stbd_cond_30-15_00x28_46m.png,unlabelled,main,underfall_yard/8_apr_2022/run1,False
underfall_yard,8_apr_2022,run1,990,stbd,31,15.0,34.48,990_stbd_cond_31-15_00x34_48m.png,unlabelled,main,underfall_yard/8_apr_2022/run1,False
underfall_yard,8_apr_2022,run1,990,stbd,32,15.0,38.93,990_stbd_cond_32-15_00x38_93m.png,unlabelled,main,underfall_yard/8_apr_2022/run1,False
underfall_yard,8_apr_2022,run1,990,stbd,33,15.0,39.76,990_stbd_cond_33-15_00x39_76m.png,unlabelled,main,underfall_yard/8_apr_2022/run1,False
underfall_yard,8_apr_2022,run1,990,stbd,34,15.0,38.97,990_stbd_cond_34-15_00x38_97m.png,unlabelled,main,underfall_yard/8_apr_2022/run1,False
underfall_yard,8_apr_2022,run1,990,stbd,35,15.0,38.55,990_stbd_cond_35-15_00x38_55m.png,unlabelled,main,underfall_yard/8_apr_2022/run1,False
underfall_yard,8_apr_2022,run1,990,stbd,36,15.0,37.99,990_stbd_cond_36-15_00x37_99m.png,unlabelled,main,underfall_yard/8_apr_2022/run1,False
underfall_yard,8_apr_2022,run1,990,stbd,37,15.0,26.09,990_stbd_cond_37-15_00x26_09m.png,unlabelled,main,underfall_yard/8_apr_2022/run1,False
underfall_yard,8_apr_2022,run1,990,stbd,38,15.0,31.09,990_stbd_cond_38-15_00x31_09m.png,unlabelled,main,underfall_yard/8_apr_2022/run1,False
underfall_yard,8_apr_2022,run1,990,stbd,39,15.0,25.19,990_stbd_cond_39-15_00x25_19m.png,unlabelled,main,underfall_yard/8_apr_2022/run1,False
underfall_yard,8_apr_2022,run1,990,stbd,4,15.0,44.79,990_stbd_cond_4-15_00x44_79m.png,unlabelled,main,underfall_yard/8_apr_2022/run1,False
underfall_yard,8_apr_2022,run1,990,stbd,40,15.0,18.23,990_stbd_cond_40-15_00x18_23m.png,unlabelled,main,underfall_yard/8_apr_2022/run1,False
underfall_yard,8_apr_2022,run1,990,stbd,41,15.0,12.74,990_stbd_cond_41-15_00x12_74m.png,unlabelled,main,underfall_yard/8_apr_2022/run1,False
underfall_yard,8_apr_2022,run1,990,stbd,42,15.0,6.07,990_stbd_cond_42-15_00x6_07m.png,unlabelled,main,underfall_yard/8_apr_2022/run1,False
underfall_yard,8_apr_2022,run1,990,stbd,43,15.0,4.51,990_stbd_cond_43-15_00x4_51m.png,unlabelled,main,underfall_yard/8_apr_2022/run1,False
underfall_yard,8_apr_2022,run1,990,stbd,44,15.0,15.21,990_stbd_cond_44-15_00x15_21m.png,unlabelled,main,underfall_yard/8_apr_2022/run1,False
underfall_yard,8_apr_2022,run1,990,stbd,45,15.0,22.2,990_stbd_cond_45-15_00x22_20m.png,unlabelled,main,underfall_yard/8_apr_2022/run1,False
underfall_yard,8_apr_2022,run1,990,stbd,46,15.0,27.79,990_stbd_cond_46-15_00x27_79m.png,unlabelled,main,underfall_yard/8_apr_2022/run1,False
underfall_yard,8_apr_2022,run1,990,stbd,47,15.0,28.21,990_stbd_cond_47-15_00x28_21m.png,unlabelled,main,underfall_yard/8_apr_2022/run1,False
underfall_yard,8_apr_2022,run1,990,stbd,48,15.0,27.8,990_stbd_cond_48-15_00x27_80m.png,unlabelled,main,underfall_yard/8_apr_2022/run1,False
underfall_yard,8_apr_2022,run1,990,stbd,49,15.0,27.82,990_stbd_cond_49-15_00x27_82m.png,unlabelled,main,underfall_yard/8_apr_2022/run1,False
underfall_yard,8_apr_2022,run1,990,stbd,5,15.0,44.7,990_stbd_cond_5-15_00x44_70m.png,unlabelled,main,underfall_yard/8_apr_2022/run1,False
underfall_yard,8_apr_2022,run1,990,stbd,50,15.0,27.48,990_stbd_cond_50-15_00x27_48m.png,unlabelled,main,underfall_yard/8_apr_2022/run1,False
underfall_yard,8_apr_2022,run1,990,stbd,51,15.0,27.64,990_stbd_cond_51-15_00x27_64m.png,unlabelled,main,underfall_yard/8_apr_2022/run1,False
underfall_yard,8_apr_2022,run1,990,stbd,52,15.0,27.4,990_stbd_cond_52-15_00x27_40m.png,unlabelled,main,underfall_yard/8_apr_2022/run1,False
underfall_yard,8_apr_2022,run1,990,stbd,53,15.0,27.37,990_stbd_cond_53-15_00x27_37m.png,unlabelled,main,underfall_yard/8_apr_2022/run1,False
underfall_yard,8_apr_2022,run1,990,stbd,54,15.0,26.74,990_stbd_cond_54-15_00x26_74m.png,unlabelled,main,underfall_yard/8_apr_2022/run1,False
underfall_yard,8_apr_2022,run1,990,stbd,55,15.0,26.17,990_stbd_cond_55-15_00x26_17m.png,unlabelled,main,underfall_yard/8_apr_2022/run1,False
underfall_yard,8_apr_2022,run1,990,stbd,56,15.0,14.74,990_stbd_cond_56-15_00x14_74m.png,unlabelled,main,underfall_yard/8_apr_2022/run1,False
underfall_yard,8_apr_2022,run1,990,stbd,57,15.0,8.21,990_stbd_cond_57-15_00x8_21m.png,unlabelled,main,underfall_yard/8_apr_2022/run1,False
underfall_yard,8_apr_2022,run1,990,stbd,58,15.0,21.79,990_stbd_cond_58-15_00x21_79m.png,unlabelled,main,underfall_yard/8_apr_2022/run1,False
underfall_yard,8_apr_2022,run1,990,stbd,59,15.0,21.83,990_stbd_cond_59-15_00x21_83m.png,unlabelled,main,underfall_yard/8_apr_2022/run1,False
underfall_yard,8_apr_2022,run1,990,stbd,6,15.0,44.77,990_stbd_cond_6-15_00x44_77m.png,unlabelled,main,underfall_yard/8_apr_2022/run1,False
underfall_yard,8_apr_2022,run1,990,stbd,60,15.0,22.12,990_stbd_cond_60-15_00x22_12m.png,unlabelled,main,underfall_yard/8_apr_2022/run1,False
underfall_yard,8_apr_2022,run1,990,stbd,61,15.0,22.27,990_stbd_cond_61-15_00x22_27m.png,unlabelled,main,underfall_yard/8_apr_2022/run1,False
underfall_yard,8_apr_2022,run1,990,stbd,62,15.0,22.95,990_stbd_cond_62-15_00x22_95m.png,unlabelled,main,underfall_yard/8_apr_2022/run1,False
underfall_yard,8_apr_2022,run1,990,stbd,63,15.0,22.52,990_stbd_cond_63-15_00x22_52m.png,unlabelled,main,underfall_yard/8_apr_2022/run1,False
underfall_yard,8_apr_2022,run1,990,stbd,64,15.0,22.79,990_stbd_cond_64-15_00x22_79m.png,unlabelled,main,underfall_yard/8_apr_2022/run1,False
underfall_yard,8_apr_2022,run1,990,stbd,7,15.0,44.89,990_stbd_cond_7-15_00x44_89m.png,unlabelled,main,underfall_yard/8_apr_2022/run1,False
underfall_yard,8_apr_2022,run1,990,stbd,8,15.0,45.84,990_stbd_cond_8-15_00x45_84m.png,unlabelled,main,underfall_yard/8_apr_2022/run1,False
underfall_yard,8_apr_2022,run1,990,stbd,9,15.0,45.14,990_stbd_cond_9-15_00x45_14m.png,unlabelled,main,underfall_yard/8_apr_2022/run1,False
underfall_yard,8_apr_2022,run1,450,port,1,15.0,50.94,450_port_cond_1-15_00x50_94m.png,unlabelled,main,underfall_yard/8_apr_2022/run1,False
underfall_yard,8_apr_2022,run1,450,port,10,15.0,45.91,450_port_cond_10-15_00x45_91m.png,unlabelled,main,underfall_yard/8_apr_2022/run1,False
underfall_yard,8_apr_2022,run1,450,port,11,15.0,21.1,450_port_cond_11-15_00x21_10m.png,unlabelled,main,underfall_yard/8_apr_2022/run1,False
underfall_yard,8_apr_2022,run1,450,port,12,15.0,19.68,450_port_cond_12-15_00x19_68m.png,unlabelled,main,underfall_yard/8_apr_2022/run1,False
underfall_yard,8_apr_2022,run1,450,port,13,15.0,28.01,450_port_cond_13-15_00x28_01m.png,unlabelled,main,underfall_yard/8_apr_2022/run1,False
underfall_yard,8_apr_2022,run1,450,port,14,15.0,6.23,450_port_cond_14-15_00x6_23m.png,unlabelled,main,underfall_yard/8_apr_2022/run1,False
underfall_yard,8_apr_2022,run1,450,port,15,15.0,40.13,450_port_cond_15-15_00x40_13m.png,unlabelled,main,underfall_yard/8_apr_2022/run1,False
underfall_yard,8_apr_2022,run1,450,port,16,15.0,47.6,450_port_cond_16-15_00x47_60m.png,unlabelled,main,underfall_yard/8_apr_2022/run1,False
underfall_yard,8_apr_2022,run1,450,port,17,15.0,47.27,450_port_cond_17-15_00x47_27m.png,unlabelled,main,underfall_yard/8_apr_2022/run1,False
underfall_yard,8_apr_2022,run1,450,port,18,15.0,47.35,450_port_cond_18-15_00x47_35m.png,unlabelled,main,underfall_yard/8_apr_2022/run1,False
underfall_yard,8_apr_2022,run1,450,port,19,15.0,46.98,450_port_cond_19-15_00x46_98m.png,unlabelled,main,underfall_yard/8_apr_2022/run1,False
underfall_yard,8_apr_2022,run1,450,port,2,15.0,44.17,450_port_cond_2-15_00x44_17m.png,unlabelled,main,underfall_yard/8_apr_2022/run1,False
underfall_yard,8_apr_2022,run1,450,port,20,15.0,46.63,450_port_cond_20-15_00x46_63m.png,unlabelled,main,underfall_yard/8_apr_2022/run1,False
underfall_yard,8_apr_2022,run1,450,port,21,15.0,46.99,450_port_cond_21-15_00x46_99m.png,unlabelled,main,underfall_yard/8_apr_2022/run1,False
underfall_yard,8_apr_2022,run1,450,port,22,15.0,47.23,450_port_cond_22-15_00x47_23m.png,unlabelled,main,underfall_yard/8_apr_2022/run1,False
underfall_yard,8_apr_2022,run1,450,port,23,15.0,33.66,450_port_cond_23-15_00x33_66m.png,unlabelled,main,underfall_yard/8_apr_2022/run1,False
underfall_yard,8_apr_2022,run1,450,port,24,15.0,11.41,450_port_cond_24-15_00x11_41m.png,unlabelled,main,underfall_yard/8_apr_2022/run1,False
underfall_yard,8_apr_2022,run1,450,port,25,15.0,15.51,450_port_cond_25-15_00x15_51m.png,unlabelled,main,underfall_yard/8_apr_2022/run1,False
underfall_yard,8_apr_2022,run1,450,port,26,15.0,7.14,450_port_cond_26-15_00x7_14m.png,unlabelled,main,underfall_yard/8_apr_2022/run1,False
underfall_yard,8_apr_2022,run1,450,port,27,15.0,12.7,450_port_cond_27-15_00x12_70m.png,unlabelled,main,underfall_yard/8_apr_2022/run1,False
underfall_yard,8_apr_2022,run1,450,port,28,15.0,17.86,450_port_cond_28-15_00x17_86m.png,unlabelled,main,underfall_yard/8_apr_2022/run1,False
underfall_yard,8_apr_2022,run1,450,port,29,15.0,23.49,450_port_cond_29-15_00x23_49m.png,unlabelled,main,underfall_yard/8_apr_2022/run1,False
underfall_yard,8_apr_2022,run1,450,port,3,15.0,44.01,450_port_cond_3-15_00x44_01m.png,unlabelled,main,underfall_yard/8_apr_2022/run1,False
underfall_yard,8_apr_2022,run1,450,port,30,15.0,28.46,450_port_cond_30-15_00x28_46m.png,unlabelled,main,underfall_yard/8_apr_2022/run1,False
underfall_yard,8_apr_2022,run1,450,port,31,15.0,34.48,450_port_cond_31-15_00x34_48m.png,unlabelled,main,underfall_yard/8_apr_2022/run1,False
underfall_yard,8_apr_2022,run1,450,port,32,15.0,38.93,450_port_cond_32-15_00x38_93m.png,unlabelled,main,underfall_yard/8_apr_2022/run1,False
underfall_yard,8_apr_2022,run1,450,port,33,15.0,39.76,450_port_cond_33-15_00x39_76m.png,unlabelled,main,underfall_yard/8_apr_2022/run1,False
underfall_yard,8_apr_2022,run1,450,port,34,15.0,38.97,450_port_cond_34-15_00x38_97m.png,unlabelled,main,underfall_yard/8_apr_2022/run1,False
underfall_yard,8_apr_2022,run1,450,port,35,15.0,38.55,450_port_cond_35-15_00x38_55m.png,unlabelled,main,underfall_yard/8_apr_2022/run1,False
underfall_yard,8_apr_2022,run1,450,port,36,15.0,37.99,450_port_cond_36-15_00x37_99m.png,unlabelled,main,underfall_yard/8_apr_2022/run1,False
underfall_yard,8_apr_2022,run1,450,port,37,15.0,26.09,450_port_cond_37-15_00x26_09m.png,unlabelled,main,underfall_yard/8_apr_2022/run1,False
underfall_yard,8_apr_2022,run1,450,port,38,15.0,31.09,450_port_cond_38-15_00x31_09m.png,unlabelled,main,underfall_yard/8_apr_2022/run1,False
underfall_yard,8_apr_2022,run1,450,port,39,15.0,25.19,450_port_cond_39-15_00x25_19m.png,unlabelled,main,underfall_yard/8_apr_2022/run1,False
underfall_yard,8_apr_2022,run1,450,port,4,15.0,44.79,450_port_cond_4-15_00x44_79m.png,unlabelled,main,underfall_yard/8_apr_2022/run1,False
underfall_yard,8_apr_2022,run1,450,port,40,15.0,18.23,450_port_cond_40-15_00x18_23m.png,unlabelled,main,underfall_yard/8_apr_2022/run1,False
underfall_yard,8_apr_2022,run1,450,port,41,15.0,12.74,450_port_cond_41-15_00x12_74m.png,unlabelled,main,underfall_yard/8_apr_2022/run1,False
underfall_yard,8_apr_2022,run1,450,port,42,15.0,6.07,450_port_cond_42-15_00x6_07m.png,unlabelled,main,underfall_yard/8_apr_2022/run1,False
underfall_yard,8_apr_2022,run1,450,port,43,15.0,4.51,450_port_cond_43-15_00x4_51m.png,unlabelled,main,underfall_yard/8_apr_2022/run1,False
underfall_yard,8_apr_2022,run1,450,port,44,15.0,15.21,450_port_cond_44-15_00x15_21m.png,unlabelled,main,underfall_yard/8_apr_2022/run1,False
underfall_yard,8_apr_2022,run1,450,port,45,15.0,22.2,450_port_cond_45-15_00x22_20m.png,unlabelled,main,underfall_yard/8_apr_2022/run1,False
underfall_yard,8_apr_2022,run1,450,port,46,15.0,27.79,450_port_cond_46-15_00x27_79m.png,unlabelled,main,underfall_yard/8_apr_2022/run1,False
underfall_yard,8_apr_2022,run1,450,port,47,15.0,28.21,450_port_cond_47-15_00x28_21m.png,unlabelled,main,underfall_yard/8_apr_2022/run1,False
underfall_yard,8_apr_2022,run1,450,port,48,15.0,27.8,450_port_cond_48-15_00x27_80m.png,unlabelled,main,underfall_yard/8_apr_2022/run1,False
underfall_yard,8_apr_2022,run1,450,port,49,15.0,27.82,450_port_cond_49-15_00x27_82m.png,unlabelled,main,underfall_yard/8_apr_2022/run1,False
underfall_yard,8_apr_2022,run1,450,port,5,15.0,44.7,450_port_cond_5-15_00x44_70m.png,unlabelled,main,underfall_yard/8_apr_2022/run1,False
underfall_yard,8_apr_2022,run1,450,port,50,15.0,27.48,450_port_cond_50-15_00x27_48m.png,unlabelled,main,underfall_yard/8_apr_2022/run1,False
underfall_yard,8_apr_2022,run1,450,port,51,15.0,27.64,450_port_cond_51-15_00x27_64m.png,unlabelled,main,underfall_yard/8_apr_2022/run1,False
underfall_yard,8_apr_2022,run1,450,port,52,15.0,27.4,450_port_cond_52-15_00x27_40m.png,unlabelled,main,underfall_yard/8_apr_2022/run1,False
underfall_yard,8_apr_2022,run1,450,port,53,15.0,27.37,450_port_cond_53-15_00x27_37m.png,unlabelled,main,underfall_yard/8_apr_2022/run1,False
underfall_yard,8_apr_2022,run1,450,port,54,15.0,26.74,450_port_cond_54-15_00x26_74m.png,unlabelled,main,underfall_yard/8_apr_2022/run1,False
underfall_yard,8_apr_2022,run1,450,port,55,15.0,26.17,450_port_cond_55-15_00x26_17m.png,unlabelled,main,underfall_yard/8_apr_2022/run1,False
underfall_yard,8_apr_2022,run1,450,port,56,15.0,14.74,450_port_cond_56-15_00x14_74m.png,unlabelled,main,underfall_yard/8_apr_2022/run1,False
underfall_yard,8_apr_2022,run1,450,port,57,15.0,8.21,450_port_cond_57-15_00x8_21m.png,unlabelled,main,underfall_yard/8_apr_2022/run1,False
underfall_yard,8_apr_2022,run1,450,port,58,15.0,21.79,450_port_cond_58-15_00x21_79m.png,unlabelled,main,underfall_yard/8_apr_2022/run1,False
underfall_yard,8_apr_2022,run1,450,port,59,15.0,21.83,450_port_cond_59-15_00x21_83m.png,unlabelled,main,underfall_yard/8_apr_2022/run1,False
underfall_yard,8_apr_2022,run1,450,port,6,15.0,44.77,450_port_cond_6-15_00x44_77m.png,unlabelled,main,underfall_yard/8_apr_2022/run1,False
underfall_yard,8_apr_2022,run1,450,port,60,15.0,22.12,450_port_cond_60-15_00x22_12m.png,unlabelled,main,underfall_yard/8_apr_2022/run1,False
underfall_yard,8_apr_2022,run1,450,port,61,15.0,22.27,450_port_cond_61-15_00x22_27m.png,unlabelled,main,underfall_yard/8_apr_2022/run1,False
underfall_yard,8_apr_2022,run1,450,port,62,15.0,22.95,450_port_cond_62-15_00x22_95m.png,unlabelled,main,underfall_yard/8_apr_2022/run1,False
underfall_yard,8_apr_2022,run1,450,port,63,15.0,22.52,450_port_cond_63-15_00x22_52m.png,unlabelled,main,underfall_yard/8_apr_2022/run1,False
underfall_yard,8_apr_2022,run1,450,port,64,15.0,22.79,450_port_cond_64-15_00x22_79m.png,unlabelled,main,underfall_yard/8_apr_2022/run1,False
underfall_yard,8_apr_2022,run1,450,port,7,15.0,44.89,450_port_cond_7-15_00x44_89m.png,unlabelled,main,underfall_yard/8_apr_2022/run1,False
underfall_yard,8_apr_2022,run1,450,port,8,15.0,45.84,450_port_cond_8-15_00x45_84m.png,unlabelled,main,underfall_yard/8_apr_2022/run1,False
underfall_yard,8_apr_2022,run1,450,port,9,15.0,45.14,450_port_cond_9-15_00x45_14m.png,unlabelled,main,underfall_yard/8_apr_2022/run1,False
underfall_yard,8_apr_2022,run1,450,stbd,1,15.0,50.94,450_stbd_cond_1-15_00x50_94m.png,unlabelled,main,underfall_yard/8_apr_2022/run1,False
underfall_yard,8_apr_2022,run1,450,stbd,10,15.0,45.91,450_stbd_cond_10-15_00x45_91m.png,unlabelled,main,underfall_yard/8_apr_2022/run1,False
underfall_yard,8_apr_2022,run1,450,stbd,11,15.0,21.1,450_stbd_cond_11-15_00x21_10m.png,unlabelled,main,underfall_yard/8_apr_2022/run1,False
underfall_yard,8_apr_2022,run1,450,stbd,12,15.0,19.68,450_stbd_cond_12-15_00x19_68m.png,unlabelled,main,underfall_yard/8_apr_2022/run1,False
underfall_yard,8_apr_2022,run1,450,stbd,13,15.0,28.01,450_stbd_cond_13-15_00x28_01m.png,unlabelled,main,underfall_yard/8_apr_2022/run1,False
underfall_yard,8_apr_2022,run1,450,stbd,14,15.0,6.23,450_stbd_cond_14-15_00x6_23m.png,unlabelled,main,underfall_yard/8_apr_2022/run1,False
underfall_yard,8_apr_2022,run1,450,stbd,15,15.0,40.13,450_stbd_cond_15-15_00x40_13m.png,unlabelled,main,underfall_yard/8_apr_2022/run1,False
underfall_yard,8_apr_2022,run1,450,stbd,16,15.0,47.6,450_stbd_cond_16-15_00x47_60m.png,unlabelled,main,underfall_yard/8_apr_2022/run1,False
underfall_yard,8_apr_2022,run1,450,stbd,17,15.0,47.27,450_stbd_cond_17-15_00x47_27m.png,unlabelled,main,underfall_yard/8_apr_2022/run1,False
underfall_yard,8_apr_2022,run1,450,stbd,18,15.0,47.35,450_stbd_cond_18-15_00x47_35m.png,unlabelled,main,underfall_yard/8_apr_2022/run1,False
underfall_yard,8_apr_2022,run1,450,stbd,19,15.0,46.98,450_stbd_cond_19-15_00x46_98m.png,unlabelled,main,underfall_yard/8_apr_2022/run1,False
underfall_yard,8_apr_2022,run1,450,stbd,2,15.0,44.17,450_stbd_cond_2-15_00x44_17m.png,unlabelled,main,underfall_yard/8_apr_2022/run1,False
underfall_yard,8_apr_2022,run1,450,stbd,20,15.0,46.63,450_stbd_cond_20-15_00x46_63m.png,unlabelled,main,underfall_yard/8_apr_2022/run1,False
underfall_yard,8_apr_2022,run1,450,stbd,21,15.0,46.99,450_stbd_cond_21-15_00x46_99m.png,unlabelled,main,underfall_yard/8_apr_2022/run1,False
underfall_yard,8_apr_2022,run1,450,stbd,22,15.0,47.23,450_stbd_cond_22-15_00x47_23m.png,unlabelled,main,underfall_yard/8_apr_2022/run1,False
underfall_yard,8_apr_2022,run1,450,stbd,23,15.0,33.66,450_stbd_cond_23-15_00x33_66m.png,unlabelled,main,underfall_yard/8_apr_2022/run1,False
underfall_yard,8_apr_2022,run1,450,stbd,24,15.0,11.41,450_stbd_cond_24-15_00x11_41m.png,unlabelled,main,underfall_yard/8_apr_2022/run1,False
underfall_yard,8_apr_2022,run1,450,stbd,25,15.0,15.51,450_stbd_cond_25-15_00x15_51m.png,unlabelled,main,underfall_yard/8_apr_2022/run1,False
underfall_yard,8_apr_2022,run1,450,stbd,26,15.0,7.14,450_stbd_cond_26-15_00x7_14m.png,unlabelled,main,underfall_yard/8_apr_2022/run1,False
underfall_yard,8_apr_2022,run1,450,stbd,27,15.0,12.7,450_stbd_cond_27-15_00x12_70m.png,unlabelled,main,underfall_yard/8_apr_2022/run1,False
underfall_yard,8_apr_2022,run1,450,stbd,28,15.0,17.86,450_stbd_cond_28-15_00x17_86m.png,unlabelled,main,underfall_yard/8_apr_2022/run1,False
underfall_yard,8_apr_2022,run1,450,stbd,29,15.0,23.49,450_stbd_cond_29-15_00x23_49m.png,unlabelled,main,underfall_yard/8_apr_2022/run1,False
underfall_yard,8_apr_2022,run1,450,stbd,3,15.0,44.01,450_stbd_cond_3-15_00x44_01m.png,unlabelled,main,underfall_yard/8_apr_2022/run1,False
underfall_yard,8_apr_2022,run1,450,stbd,30,15.0,28.46,450_stbd_cond_30-15_00x28_46m.png,unlabelled,main,underfall_yard/8_apr_2022/run1,False
underfall_yard,8_apr_2022,run1,450,stbd,31,15.0,34.48,450_stbd_cond_31-15_00x34_48m.png,unlabelled,main,underfall_yard/8_apr_2022/run1,False
underfall_yard,8_apr_2022,run1,450,stbd,32,15.0,38.93,450_stbd_cond_32-15_00x38_93m.png,unlabelled,main,underfall_yard/8_apr_2022/run1,False
underfall_yard,8_apr_2022,run1,450,stbd,33,15.0,39.76,450_stbd_cond_33-15_00x39_76m.png,unlabelled,main,underfall_yard/8_apr_2022/run1,False
underfall_yard,8_apr_2022,run1,450,stbd,34,15.0,38.97,450_stbd_cond_34-15_00x38_97m.png,unlabelled,main,underfall_yard/8_apr_2022/run1,False
underfall_yard,8_apr_2022,run1,450,stbd,35,15.0,38.55,450_stbd_cond_35-15_00x38_55m.png,unlabelled,main,underfall_yard/8_apr_2022/run1,False
underfall_yard,8_apr_2022,run1,450,stbd,36,15.0,37.99,450_stbd_cond_36-15_00x37_99m.png,unlabelled,main,underfall_yard/8_apr_2022/run1,False
underfall_yard,8_apr_2022,run1,450,stbd,37,15.0,26.09,450_stbd_cond_37-15_00x26_09m.png,unlabelled,main,underfall_yard/8_apr_2022/run1,False
underfall_yard,8_apr_2022,run1,450,stbd,38,15.0,31.09,450_stbd_cond_38-15_00x31_09m.png,unlabelled,main,underfall_yard/8_apr_2022/run1,False
underfall_yard,8_apr_2022,run1,450,stbd,39,15.0,25.19,450_stbd_cond_39-15_00x25_19m.png,unlabelled,main,underfall_yard/8_apr_2022/run1,False
underfall_yard,8_apr_2022,run1,450,stbd,4,15.0,44.79,450_stbd_cond_4-15_00x44_79m.png,unlabelled,main,underfall_yard/8_apr_2022/run1,False
underfall_yard,8_apr_2022,run1,450,stbd,40,15.0,18.23,450_stbd_cond_40-15_00x18_23m.png,unlabelled,main,underfall_yard/8_apr_2022/run1,False
underfall_yard,8_apr_2022,run1,450,stbd,41,15.0,12.74,450_stbd_cond_41-15_00x12_74m.png,unlabelled,main,underfall_yard/8_apr_2022/run1,False
underfall_yard,8_apr_2022,run1,450,stbd,42,15.0,6.07,450_stbd_cond_42-15_00x6_07m.png,unlabelled,main,underfall_yard/8_apr_2022/run1,False
underfall_yard,8_apr_2022,run1,450,stbd,43,15.0,4.51,450_stbd_cond_43-15_00x4_51m.png,unlabelled,main,underfall_yard/8_apr_2022/run1,False
underfall_yard,8_apr_2022,run1,450,stbd,44,15.0,15.21,450_stbd_cond_44-15_00x15_21m.png,unlabelled,main,underfall_yard/8_apr_2022/run1,False
underfall_yard,8_apr_2022,run1,450,stbd,45,15.0,22.2,450_stbd_cond_45-15_00x22_20m.png,unlabelled,main,underfall_yard/8_apr_2022/run1,False
underfall_yard,8_apr_2022,run1,450,stbd,46,15.0,27.79,450_stbd_cond_46-15_00x27_79m.png,unlabelled,main,underfall_yard/8_apr_2022/run1,False
underfall_yard,8_apr_2022,run1,450,stbd,47,15.0,28.21,450_stbd_cond_47-15_00x28_21m.png,unlabelled,main,underfall_yard/8_apr_2022/run1,False
underfall_yard,8_apr_2022,run1,450,stbd,48,15.0,27.8,450_stbd_cond_48-15_00x27_80m.png,unlabelled,main,underfall_yard/8_apr_2022/run1,False
underfall_yard,8_apr_2022,run1,450,stbd,49,15.0,27.82,450_stbd_cond_49-15_00x27_82m.png,unlabelled,main,underfall_yard/8_apr_2022/run1,False
underfall_yard,8_apr_2022,run1,450,stbd,5,15.0,44.7,450_stbd_cond_5-15_00x44_70m.png,unlabelled,main,underfall_yard/8_apr_2022/run1,False
underfall_yard,8_apr_2022,run1,450,stbd,50,15.0,27.48,450_stbd_cond_50-15_00x27_48m.png,unlabelled,main,underfall_yard/8_apr_2022/run1,False
underfall_yard,8_apr_2022,run1,450,stbd,51,15.0,27.64,450_stbd_cond_51-15_00x27_64m.png,unlabelled,main,underfall_yard/8_apr_2022/run1,False
underfall_yard,8_apr_2022,run1,450,stbd,52,15.0,27.4,450_stbd_cond_52-15_00x27_40m.png,unlabelled,main,underfall_yard/8_apr_2022/run1,False
underfall_yard,8_apr_2022,run1,450,stbd,53,15.0,27.37,450_stbd_cond_53-15_00x27_37m.png,unlabelled,main,underfall_yard/8_apr_2022/run1,False
underfall_yard,8_apr_2022,run1,450,stbd,54,15.0,26.74,450_stbd_cond_54-15_00x26_74m.png,unlabelled,main,underfall_yard/8_apr_2022/run1,False
underfall_yard,8_apr_2022,run1,450,stbd,55,15.0,26.17,450_stbd_cond_55-15_00x26_17m.png,unlabelled,main,underfall_yard/8_apr_2022/run1,False
underfall_yard,8_apr_2022,run1,450,stbd,56,15.0,14.74,450_stbd_cond_56-15_00x14_74m.png,unlabelled,main,underfall_yard/8_apr_2022/run1,False
underfall_yard,8_apr_2022,run1,450,stbd,57,15.0,8.21,450_stbd_cond_57-15_00x8_21m.png,unlabelled,main,underfall_yard/8_apr_2022/run1,False
underfall_yard,8_apr_2022,run1,450,stbd,58,15.0,21.79,450_stbd_cond_58-15_00x21_79m.png,unlabelled,main,underfall_yard/8_apr_2022/run1,False
underfall_yard,8_apr_2022,run1,450,stbd,59,15.0,21.83,450_stbd_cond_59-15_00x21_83m.png,unlabelled,main,underfall_yard/8_apr_2022/run1,False
underfall_yard,8_apr_2022,run1,450,stbd,6,15.0,44.77,450_stbd_cond_6-15_00x44_77m.png,unlabelled,main,underfall_yard/8_apr_2022/run1,False
underfall_yard,8_apr_2022,run1,450,stbd,60,15.0,22.12,450_stbd_cond_60-15_00x22_12m.png,unlabelled,main,underfall_yard/8_apr_2022/run1,False
underfall_yard,8_apr_2022,run1,450,stbd,61,15.0,22.27,450_stbd_cond_61-15_00x22_27m.png,unlabelled,main,underfall_yard/8_apr_2022/run1,False
underfall_yard,8_apr_2022,run1,450,stbd,62,15.0,22.95,450_stbd_cond_62-15_00x22_95m.png,unlabelled,main,underfall_yard/8_apr_2022/run1,False
underfall_yard,8_apr_2022,run1,450,stbd,63,15.0,22.52,450_stbd_cond_63-15_00x22_52m.png,unlabelled,main,underfall_yard/8_apr_2022/run1,False
underfall_yard,8_apr_2022,run1,450,stbd,64,15.0,22.79,450_stbd_cond_64-15_00x22_79m.png,unlabelled,main,underfall_yard/8_apr_2022/run1,False
underfall_yard,8_apr_2022,run1,450,stbd,7,15.0,44.89,450_stbd_cond_7-15_00x44_89m.png,unlabelled,main,underfall_yard/8_apr_2022/run1,False
underfall_yard,8_apr_2022,run1,450,stbd,8,15.0,45.84,450_stbd_cond_8-15_00x45_84m.png,unlabelled,main,underfall_yard/8_apr_2022/run1,False
underfall_yard,8_apr_2022,run1,450,stbd,9,15.0,45.14,450_stbd_cond_9-15_00x45_14m.png,unlabelled,main,underfall_yard/8_apr_2022/run1,False
